This is LuaHBTeX, Version 1.24.0 (TeX Live 2026)  (format=lualatex 2026.3.2)  19 MAR 2026 20:21
 restricted system commands enabled.
**insertion-sort.tex
(./insertion-sort.tex
LaTeX2e <2025-11-01>
L3 programming layer <2026-01-19>
Lua module: luaotfload 2024-12-03 v3.29 Lua based OpenType font support
Lua module: lualibs 2023-07-13 v2.76 ConTeXt Lua standard libraries.
Lua module: lualibs-extended 2023-07-13 v2.76 ConTeXt Lua libraries -- extended collection.
luaotfload | conf : Root cache directory is "C:/Users/Rokei/AppData/Roaming/TinyTeX/texmf-var/luatex-cache/generic/names".
luaotfload | init : Loading fontloader "fontloader-2023-12-28.lua" from kpse-resolved path "c:/Users/Rokei/AppData/Roaming/TinyTeX/texmf-dist/tex/luatex/luaotfload/fontloader-2023-12-28.lua".
Lua-only attribute luaotfload@noligature = 1
luaotfload | init : Context OpenType loader version 3.134
Inserting `luaotfload.node_processor' in `pre_linebreak_filter'.
Inserting `luaotfload.node_processor' in `hpack_filter'.
Inserting `luaotfload.glyph_stream' in `glyph_stream_provider'.
Inserting `luaotfload.define_font' in `define_font'.
Lua-only attribute luaotfload_color_attribute = 2
luaotfload | conf : Root cache directory is "C:/Users/Rokei/AppData/Roaming/TinyTeX/texmf-var/luatex-cache/generic/names".
Inserting `luaotfload.harf.strip_prefix' in `find_opentype_file'.
Inserting `luaotfload.harf.strip_prefix' in `find_truetype_file'.
Removing  `luaotfload.glyph_stream' from `glyph_stream_provider'.
Inserting `luaotfload.harf.glyphstream' in `glyph_stream_provider'.
Inserting `luaotfload.harf.finalize_vlist' in `post_linebreak_filter'.
Inserting `luaotfload.harf.finalize_hlist' in `hpack_filter'.
Inserting `luaotfload.cleanup_files' in `wrapup_run'.
Inserting `luaotfload.harf.finalize_unicode' in `finish_pdffile'.
Inserting `luaotfload.glyphinfo' in `glyph_info'.
Lua-only attribute luaotfload.letterspace_done = 3
Inserting `luaotfload.aux.set_sscale_dimens' in `luaotfload.patch_font'.
Inserting `luaotfload.aux.set_font_index' in `luaotfload.patch_font'.
Inserting `luaotfload.aux.patch_cambria_domh' in `luaotfload.patch_font'.
Inserting `luaotfload.aux.fixup_fontdata' in `luaotfload.patch_font_unsafe'.
Inserting `luaotfload.aux.set_capheight' in `luaotfload.patch_font'.
Inserting `luaotfload.aux.set_xheight' in `luaotfload.patch_font'.
Inserting `luaotfload.rewrite_fontname' in `luaotfload.patch_font'.
Inserting `tracingstacklevels' in `input_level_string'. (c:/Users/Rokei/AppData/Roaming/TinyTeX/texmf-dist/tex/latex/base/article.cls
Document Class: article 2025/01/22 v1.4n Standard LaTeX document class
(c:/Users/Rokei/AppData/Roaming/TinyTeX/texmf-dist/tex/latex/base/size10.clo
File: size10.clo 2025/01/22 v1.4n Standard LaTeX file (size option)
luaotfload | db : Font names database loaded from C:/Users/Rokei/AppData/Roaming/TinyTeX/texmf-var/luatex-cache/generic/names/luaotfload-names.luc.gz)
\c@part=\count273
\c@section=\count274
\c@subsection=\count275
\c@subsubsection=\count276
\c@paragraph=\count277
\c@subparagraph=\count278
\c@figure=\count279
\c@table=\count280
\abovecaptionskip=\skip49
\belowcaptionskip=\skip50
\bibindent=\dimen147
) (c:/Users/Rokei/AppData/Roaming/TinyTeX/texmf-dist/tex/latex/xcolor/xcolor.sty
Package: xcolor 2024/09/29 v3.02 LaTeX color extensions (UK)
(c:/Users/Rokei/AppData/Roaming/TinyTeX/texmf-dist/tex/latex/graphics-cfg/color.cfg
File: color.cfg 2016/01/02 v1.6 sample color configuration
)
Package xcolor Info: Driver file: luatex.def on input line 274.
(c:/Users/Rokei/AppData/Roaming/TinyTeX/texmf-dist/tex/latex/graphics-def/luatex.def
File: luatex.def 2025/09/29 v1.2f Graphics/color driver for luatex
) (c:/Users/Rokei/AppData/Roaming/TinyTeX/texmf-dist/tex/latex/graphics/mathcolor.ltx)
Package xcolor Info: Model `cmy' substituted by `cmy0' on input line 1349.
Package xcolor Info: Model `hsb' substituted by `rgb' on input line 1353.
Package xcolor Info: Model `RGB' extended on input line 1365.
Package xcolor Info: Model `HTML' substituted by `rgb' on input line 1367.
Package xcolor Info: Model `Hsb' substituted by `hsb' on input line 1368.
Package xcolor Info: Model `tHsb' substituted by `hsb' on input line 1369.
Package xcolor Info: Model `HSB' substituted by `hsb' on input line 1370.
Package xcolor Info: Model `Gray' substituted by `gray' on input line 1371.
Package xcolor Info: Model `wave' substituted by `hsb' on input line 1372.
) (c:/Users/Rokei/AppData/Roaming/TinyTeX/texmf-dist/tex/latex/graphics/dvipsnam.def
File: dvipsnam.def 2016/06/17 v3.0m Driver-dependent file (DPC,SPQR)
) (c:/Users/Rokei/AppData/Roaming/TinyTeX/texmf-dist/tex/latex/xcolor/svgnam.def
File: svgnam.def 2024/09/29 v3.02 Predefined colors according to SVG 1.1 (UK)
) (c:/Users/Rokei/AppData/Roaming/TinyTeX/texmf-dist/tex/latex/xcolor/x11nam.def
File: x11nam.def 2024/09/29 v3.02 Predefined colors according to Unix/X11 (UK)
) (c:/Users/Rokei/AppData/Roaming/TinyTeX/texmf-dist/tex/latex/amsmath/amsmath.sty
Package: amsmath 2025/07/09 v2.17z AMS math features
\@mathmargin=\skip51
For additional information on amsmath, use the `?' option.
(c:/Users/Rokei/AppData/Roaming/TinyTeX/texmf-dist/tex/latex/amsmath/amstext.sty
Package: amstext 2024/11/17 v2.01 AMS text
(c:/Users/Rokei/AppData/Roaming/TinyTeX/texmf-dist/tex/latex/amsmath/amsgen.sty
File: amsgen.sty 1999/11/30 v2.0 generic functions
\@emptytoks=\toks17
\ex@=\dimen148
)) (c:/Users/Rokei/AppData/Roaming/TinyTeX/texmf-dist/tex/latex/amsmath/amsbsy.sty
Package: amsbsy 1999/11/29 v1.2d Bold Symbols
\pmbraise@=\dimen149
) (c:/Users/Rokei/AppData/Roaming/TinyTeX/texmf-dist/tex/latex/amsmath/amsopn.sty
Package: amsopn 2022/04/08 v2.04 operator names
)
\inf@bad=\count281
LaTeX Info: Redefining \frac on input line 235.
\uproot@=\count282
\leftroot@=\count283
LaTeX Info: Redefining \overline on input line 398.
LaTeX Info: Redefining \colon on input line 409.
\classnum@=\count284
\DOTSCASE@=\count285
LaTeX Info: Redefining \ldots on input line 495.
LaTeX Info: Redefining \dots on input line 498.
LaTeX Info: Redefining \cdots on input line 619.
\Mathstrutbox@=\box53
\strutbox@=\box54
LaTeX Info: Redefining \big on input line 721.
LaTeX Info: Redefining \Big on input line 722.
LaTeX Info: Redefining \bigg on input line 723.
LaTeX Info: Redefining \Bigg on input line 724.
\big@size=\dimen150
LaTeX Font Info:    Redeclaring font encoding OML on input line 742.
LaTeX Font Info:    Redeclaring font encoding OMS on input line 743.
\macc@depth=\count286
LaTeX Info: Redefining \bmod on input line 904.
LaTeX Info: Redefining \pmod on input line 909.
LaTeX Info: Redefining \smash on input line 939.
LaTeX Info: Redefining \relbar on input line 969.
LaTeX Info: Redefining \Relbar on input line 970.
\c@MaxMatrixCols=\count287
\dotsspace@=\muskip17
\c@parentequation=\count288
\dspbrk@lvl=\count289
\tag@help=\toks18
\row@=\count290
\column@=\count291
\maxfields@=\count292
\andhelp@=\toks19
\eqnshift@=\dimen151
\alignsep@=\dimen152
\tagshift@=\dimen153
\tagwidth@=\dimen154
\totwidth@=\dimen155
\lineht@=\dimen156
\@envbody=\toks20
\multlinegap=\skip52
\multlinetaggap=\skip53
\mathdisplay@stack=\toks21
LaTeX Info: Redefining \[ on input line 2950.
LaTeX Info: Redefining \] on input line 2951.
) (c:/Users/Rokei/AppData/Roaming/TinyTeX/texmf-dist/tex/latex/amsfonts/amssymb.sty
Package: amssymb 2013/01/14 v3.01 AMS font symbols
(c:/Users/Rokei/AppData/Roaming/TinyTeX/texmf-dist/tex/latex/amsfonts/amsfonts.sty
Package: amsfonts 2013/01/14 v3.01 Basic AMSFonts support
\symAMSa=\mathgroup4
\symAMSb=\mathgroup5
LaTeX Font Info:    Redeclaring math symbol \hbar on input line 98.
LaTeX Font Info:    Overwriting math alphabet `\mathfrak' in version `bold'
(Font)                  U/euf/m/n --> U/euf/b/n on input line 106.
)) (c:/Users/Rokei/AppData/Roaming/TinyTeX/texmf-dist/tex/generic/iftex/iftex.sty
Package: iftex 2024/12/12 v1.0g TeX engine tests
) (c:/Users/Rokei/AppData/Roaming/TinyTeX/texmf-dist/tex/latex/unicode-math/unicode-math.sty (c:/Users/Rokei/AppData/Roaming/TinyTeX/texmf-dist/tex/latex/l3kernel/expl3.sty
Package: expl3 2026-01-19 L3 programming layer (loader) 
(c:/Users/Rokei/AppData/Roaming/TinyTeX/texmf-dist/tex/latex/l3backend/l3backend-luatex.def
File: l3backend-luatex.def 2025-10-09 L3 backend support: PDF output (LuaTeX)
\l__color_backend_stack_int=\count293
Inserting `l3color' in `luaotfload.parse_color'.))
Package: unicode-math 2023/08/13 v0.8r Unicode maths in XeLaTeX and LuaLaTeX
(c:/Users/Rokei/AppData/Roaming/TinyTeX/texmf-dist/tex/latex/unicode-math/unicode-math-luatex.sty
Package: unicode-math-luatex 2023/08/13 v0.8r Unicode maths in XeLaTeX and LuaLaTeX
(c:/Users/Rokei/AppData/Roaming/TinyTeX/texmf-dist/tex/latex/l3packages/xparse/xparse.sty
Package: xparse 2025-10-09 L3 Experimental document command parser
) (c:/Users/Rokei/AppData/Roaming/TinyTeX/texmf-dist/tex/latex/l3packages/l3keys2e/l3keys2e.sty
Package: l3keys2e 2025-10-09 LaTeX2e option processing using LaTeX3 keys
) (c:/Users/Rokei/AppData/Roaming/TinyTeX/texmf-dist/tex/latex/fontspec/fontspec.sty
Package: fontspec 2025/09/29 v2.9g Font selection for XeLaTeX and LuaLaTeX
Lua module: fontspec 2025/09/29 v2.9g Font selection for XeLaTeX and LuaLaTeX (c:/Users/Rokei/AppData/Roaming/TinyTeX/texmf-dist/tex/latex/fontspec/fontspec-luatex.sty
Package: fontspec-luatex 2025/09/29 v2.9g Font selection for XeLaTeX and LuaLaTeX
\l__fontspec_script_int=\count294
\l__fontspec_language_int=\count295
\l__fontspec_strnum_int=\count296
\l__fontspec_tmp_int=\count297
\l__fontspec_tmpa_int=\count298
\l__fontspec_tmpb_int=\count299
\l__fontspec_tmpc_int=\count300
\l__fontspec_em_int=\count301
\l__fontspec_emdef_int=\count302
\l__fontspec_strong_int=\count303
\l__fontspec_strongdef_int=\count304
\l__fontspec_tmpa_dim=\dimen157
\l__fontspec_tmpb_dim=\dimen158
\l__fontspec_tmpc_dim=\dimen159
(c:/Users/Rokei/AppData/Roaming/TinyTeX/texmf-dist/tex/latex/base/fontenc.sty
Package: fontenc 2025/07/18 v2.1d Standard LaTeX package
) (c:/Users/Rokei/AppData/Roaming/TinyTeX/texmf-dist/tex/latex/fontspec/fontspec.cfg))) (c:/Users/Rokei/AppData/Roaming/TinyTeX/texmf-dist/tex/latex/base/fix-cm.sty
Package: fix-cm 2020/11/24 v1.1t fixes to LaTeX
(c:/Users/Rokei/AppData/Roaming/TinyTeX/texmf-dist/tex/latex/base/ts1enc.def
File: ts1enc.def 2001/06/05 v3.0e (jk/car/fm) Standard LaTeX file
LaTeX Font Info:    Redeclaring font encoding TS1 on input line 47.
LaTeX Encoding Info:    Redeclaring text command \capitalcedilla (encoding TS1) on input line 49.
LaTeX Encoding Info:    Redeclaring text command \capitalogonek (encoding TS1) on input line 52.
LaTeX Encoding Info:    Redeclaring text command \capitalgrave (encoding TS1) on input line 55.
LaTeX Encoding Info:    Redeclaring text command \capitalacute (encoding TS1) on input line 56.
LaTeX Encoding Info:    Redeclaring text command \capitalcircumflex (encoding TS1) on input line 57.
LaTeX Encoding Info:    Redeclaring text command \capitaltilde (encoding TS1) on input line 58.
LaTeX Encoding Info:    Redeclaring text command \capitaldieresis (encoding TS1) on input line 59.
LaTeX Encoding Info:    Redeclaring text command \capitalhungarumlaut (encoding TS1) on input line 60.
LaTeX Encoding Info:    Redeclaring text command \capitalring (encoding TS1) on input line 61.
LaTeX Encoding Info:    Redeclaring text command \capitalcaron (encoding TS1) on input line 62.
LaTeX Encoding Info:    Redeclaring text command \capitalbreve (encoding TS1) on input line 63.
LaTeX Encoding Info:    Redeclaring text command \capitalmacron (encoding TS1) on input line 64.
LaTeX Encoding Info:    Redeclaring text command \capitaldotaccent (encoding TS1) on input line 65.
LaTeX Encoding Info:    Redeclaring text command \t (encoding TS1) on input line 66.
LaTeX Encoding Info:    Redeclaring text command \capitaltie (encoding TS1) on input line 67.
LaTeX Encoding Info:    Redeclaring text command \newtie (encoding TS1) on input line 68.
LaTeX Encoding Info:    Redeclaring text command \capitalnewtie (encoding TS1) on input line 69.
LaTeX Encoding Info:    Redeclaring text symbol \textcapitalcompwordmark (encoding TS1) on input line 70.
LaTeX Encoding Info:    Redeclaring text symbol \textascendercompwordmark (encoding TS1) on input line 71.
LaTeX Encoding Info:    Redeclaring text symbol \textquotestraightbase (encoding TS1) on input line 72.
LaTeX Encoding Info:    Redeclaring text symbol \textquotestraightdblbase (encoding TS1) on input line 73.
LaTeX Encoding Info:    Redeclaring text symbol \texttwelveudash (encoding TS1) on input line 74.
LaTeX Encoding Info:    Redeclaring text symbol \textthreequartersemdash (encoding TS1) on input line 75.
LaTeX Encoding Info:    Redeclaring text symbol \textleftarrow (encoding TS1) on input line 76.
LaTeX Encoding Info:    Redeclaring text symbol \textrightarrow (encoding TS1) on input line 77.
LaTeX Encoding Info:    Redeclaring text symbol \textblank (encoding TS1) on input line 78.
LaTeX Encoding Info:    Redeclaring text symbol \textdollar (encoding TS1) on input line 79.
LaTeX Encoding Info:    Redeclaring text symbol \textquotesingle (encoding TS1) on input line 80.
LaTeX Encoding Info:    Redeclaring text command \textasteriskcentered (encoding TS1) on input line 81.
LaTeX Encoding Info:    Redeclaring text symbol \textdblhyphen (encoding TS1) on input line 92.
LaTeX Encoding Info:    Redeclaring text symbol \textfractionsolidus (encoding TS1) on input line 93.
LaTeX Encoding Info:    Redeclaring text symbol \textzerooldstyle (encoding TS1) on input line 94.
LaTeX Encoding Info:    Redeclaring text symbol \textoneoldstyle (encoding TS1) on input line 95.
LaTeX Encoding Info:    Redeclaring text symbol \texttwooldstyle (encoding TS1) on input line 96.
LaTeX Encoding Info:    Redeclaring text symbol \textthreeoldstyle (encoding TS1) on input line 97.
LaTeX Encoding Info:    Redeclaring text symbol \textfouroldstyle (encoding TS1) on input line 98.
LaTeX Encoding Info:    Redeclaring text symbol \textfiveoldstyle (encoding TS1) on input line 99.
LaTeX Encoding Info:    Redeclaring text symbol \textsixoldstyle (encoding TS1) on input line 100.
LaTeX Encoding Info:    Redeclaring text symbol \textsevenoldstyle (encoding TS1) on input line 101.
LaTeX Encoding Info:    Redeclaring text symbol \texteightoldstyle (encoding TS1) on input line 102.
LaTeX Encoding Info:    Redeclaring text symbol \textnineoldstyle (encoding TS1) on input line 103.
LaTeX Encoding Info:    Redeclaring text symbol \textlangle (encoding TS1) on input line 104.
LaTeX Encoding Info:    Redeclaring text symbol \textminus (encoding TS1) on input line 105.
LaTeX Encoding Info:    Redeclaring text symbol \textrangle (encoding TS1) on input line 106.
LaTeX Encoding Info:    Redeclaring text symbol \textmho (encoding TS1) on input line 107.
LaTeX Encoding Info:    Redeclaring text symbol \textbigcircle (encoding TS1) on input line 108.
LaTeX Encoding Info:    Redeclaring text command \textcircled (encoding TS1) on input line 109.
LaTeX Encoding Info:    Redeclaring text symbol \textohm (encoding TS1) on input line 115.
LaTeX Encoding Info:    Redeclaring text symbol \textlbrackdbl (encoding TS1) on input line 116.
LaTeX Encoding Info:    Redeclaring text symbol \textrbrackdbl (encoding TS1) on input line 117.
LaTeX Encoding Info:    Redeclaring text symbol \textuparrow (encoding TS1) on input line 118.
LaTeX Encoding Info:    Redeclaring text symbol \textdownarrow (encoding TS1) on input line 119.
LaTeX Encoding Info:    Redeclaring text symbol \textasciigrave (encoding TS1) on input line 120.
LaTeX Encoding Info:    Redeclaring text symbol \textborn (encoding TS1) on input line 121.
LaTeX Encoding Info:    Redeclaring text symbol \textdivorced (encoding TS1) on input line 122.
LaTeX Encoding Info:    Redeclaring text symbol \textdied (encoding TS1) on input line 123.
LaTeX Encoding Info:    Redeclaring text symbol \textleaf (encoding TS1) on input line 124.
LaTeX Encoding Info:    Redeclaring text symbol \textmarried (encoding TS1) on input line 125.
LaTeX Encoding Info:    Redeclaring text symbol \textmusicalnote (encoding TS1) on input line 126.
LaTeX Encoding Info:    Redeclaring text symbol \texttildelow (encoding TS1) on input line 127.
LaTeX Encoding Info:    Redeclaring text symbol \textdblhyphenchar (encoding TS1) on input line 128.
LaTeX Encoding Info:    Redeclaring text symbol \textasciibreve (encoding TS1) on input line 129.
LaTeX Encoding Info:    Redeclaring text symbol \textasciicaron (encoding TS1) on input line 130.
LaTeX Encoding Info:    Redeclaring text symbol \textacutedbl (encoding TS1) on input line 131.
LaTeX Encoding Info:    Redeclaring text symbol \textgravedbl (encoding TS1) on input line 132.
LaTeX Encoding Info:    Redeclaring text symbol \textdagger (encoding TS1) on input line 133.
LaTeX Encoding Info:    Redeclaring text symbol \textdaggerdbl (encoding TS1) on input line 134.
LaTeX Encoding Info:    Redeclaring text symbol \textbardbl (encoding TS1) on input line 135.
LaTeX Encoding Info:    Redeclaring text symbol \textperthousand (encoding TS1) on input line 136.
LaTeX Encoding Info:    Redeclaring text symbol \textbullet (encoding TS1) on input line 137.
LaTeX Encoding Info:    Redeclaring text symbol \textcelsius (encoding TS1) on input line 138.
LaTeX Encoding Info:    Redeclaring text symbol \textdollaroldstyle (encoding TS1) on input line 139.
LaTeX Encoding Info:    Redeclaring text symbol \textcentoldstyle (encoding TS1) on input line 140.
LaTeX Encoding Info:    Redeclaring text symbol \textflorin (encoding TS1) on input line 141.
LaTeX Encoding Info:    Redeclaring text symbol \textcolonmonetary (encoding TS1) on input line 142.
LaTeX Encoding Info:    Redeclaring text symbol \textwon (encoding TS1) on input line 143.
LaTeX Encoding Info:    Redeclaring text symbol \textnaira (encoding TS1) on input line 144.
LaTeX Encoding Info:    Redeclaring text symbol \textguarani (encoding TS1) on input line 145.
LaTeX Encoding Info:    Redeclaring text symbol \textpeso (encoding TS1) on input line 146.
LaTeX Encoding Info:    Redeclaring text symbol \textlira (encoding TS1) on input line 147.
LaTeX Encoding Info:    Redeclaring text symbol \textrecipe (encoding TS1) on input line 148.
LaTeX Encoding Info:    Redeclaring text symbol \textinterrobang (encoding TS1) on input line 149.
LaTeX Encoding Info:    Redeclaring text symbol \textinterrobangdown (encoding TS1) on input line 150.
LaTeX Encoding Info:    Redeclaring text symbol \textdong (encoding TS1) on input line 151.
LaTeX Encoding Info:    Redeclaring text symbol \texttrademark (encoding TS1) on input line 152.
LaTeX Encoding Info:    Redeclaring text symbol \textpertenthousand (encoding TS1) on input line 153.
LaTeX Encoding Info:    Redeclaring text symbol \textpilcrow (encoding TS1) on input line 154.
LaTeX Encoding Info:    Redeclaring text symbol \textbaht (encoding TS1) on input line 155.
LaTeX Encoding Info:    Redeclaring text symbol \textnumero (encoding TS1) on input line 156.
LaTeX Encoding Info:    Redeclaring text symbol \textdiscount (encoding TS1) on input line 157.
LaTeX Encoding Info:    Redeclaring text symbol \textestimated (encoding TS1) on input line 158.
LaTeX Encoding Info:    Redeclaring text symbol \textopenbullet (encoding TS1) on input line 159.
LaTeX Encoding Info:    Redeclaring text symbol \textservicemark (encoding TS1) on input line 160.
LaTeX Encoding Info:    Redeclaring text symbol \textlquill (encoding TS1) on input line 161.
LaTeX Encoding Info:    Redeclaring text symbol \textrquill (encoding TS1) on input line 162.
LaTeX Encoding Info:    Redeclaring text symbol \textcent (encoding TS1) on input line 163.
LaTeX Encoding Info:    Redeclaring text symbol \textsterling (encoding TS1) on input line 164.
LaTeX Encoding Info:    Redeclaring text symbol \textcurrency (encoding TS1) on input line 165.
LaTeX Encoding Info:    Redeclaring text symbol \textyen (encoding TS1) on input line 166.
LaTeX Encoding Info:    Redeclaring text symbol \textbrokenbar (encoding TS1) on input line 167.
LaTeX Encoding Info:    Redeclaring text symbol \textsection (encoding TS1) on input line 168.
LaTeX Encoding Info:    Redeclaring text symbol \textasciidieresis (encoding TS1) on input line 169.
LaTeX Encoding Info:    Redeclaring text symbol \textcopyright (encoding TS1) on input line 170.
LaTeX Encoding Info:    Redeclaring text symbol \textordfeminine (encoding TS1) on input line 171.
LaTeX Encoding Info:    Redeclaring text symbol \textcopyleft (encoding TS1) on input line 172.
LaTeX Encoding Info:    Redeclaring text symbol \textlnot (encoding TS1) on input line 173.
LaTeX Encoding Info:    Redeclaring text symbol \textcircledP (encoding TS1) on input line 174.
LaTeX Encoding Info:    Redeclaring text symbol \textregistered (encoding TS1) on input line 175.
LaTeX Encoding Info:    Redeclaring text symbol \textasciimacron (encoding TS1) on input line 176.
LaTeX Encoding Info:    Redeclaring text symbol \textdegree (encoding TS1) on input line 177.
LaTeX Encoding Info:    Redeclaring text symbol \textpm (encoding TS1) on input line 178.
LaTeX Encoding Info:    Redeclaring text symbol \texttwosuperior (encoding TS1) on input line 179.
LaTeX Encoding Info:    Redeclaring text symbol \textthreesuperior (encoding TS1) on input line 180.
LaTeX Encoding Info:    Redeclaring text symbol \textasciiacute (encoding TS1) on input line 181.
LaTeX Encoding Info:    Redeclaring text symbol \textmu (encoding TS1) on input line 182.
LaTeX Encoding Info:    Redeclaring text symbol \textparagraph (encoding TS1) on input line 183.
LaTeX Encoding Info:    Redeclaring text symbol \textperiodcentered (encoding TS1) on input line 184.
LaTeX Encoding Info:    Redeclaring text symbol \textreferencemark (encoding TS1) on input line 185.
LaTeX Encoding Info:    Redeclaring text symbol \textonesuperior (encoding TS1) on input line 186.
LaTeX Encoding Info:    Redeclaring text symbol \textordmasculine (encoding TS1) on input line 187.
LaTeX Encoding Info:    Redeclaring text symbol \textsurd (encoding TS1) on input line 188.
LaTeX Encoding Info:    Redeclaring text symbol \textonequarter (encoding TS1) on input line 189.
LaTeX Encoding Info:    Redeclaring text symbol \textonehalf (encoding TS1) on input line 190.
LaTeX Encoding Info:    Redeclaring text symbol \textthreequarters (encoding TS1) on input line 191.
LaTeX Encoding Info:    Redeclaring text symbol \texteuro (encoding TS1) on input line 192.
LaTeX Encoding Info:    Redeclaring text symbol \texttimes (encoding TS1) on input line 193.
LaTeX Encoding Info:    Redeclaring text symbol \textdiv (encoding TS1) on input line 194.
)) (c:/Users/Rokei/AppData/Roaming/TinyTeX/texmf-dist/tex/lualatex/lualatex-math/lualatex-math.sty
Package: lualatex-math 2022/01/01 v1.12 Patches for mathematics typesetting with LuaLaTeX
(c:/Users/Rokei/AppData/Roaming/TinyTeX/texmf-dist/tex/latex/etoolbox/etoolbox.sty
Package: etoolbox 2025/10/02 v2.5m e-TeX tools for LaTeX (JAW)
\etb@tempcnta=\count305
)
Lua module: lualatex-math 2013/08/03 v1.3 Patches for mathematics typesetting with LuaLaTeX)
\g__um_fam_int=\count306
\g__um_fonts_used_int=\count307
\l__um_primecount_int=\count308
\g__um_primekern_muskip=\muskip18
(c:/Users/Rokei/AppData/Roaming/TinyTeX/texmf-dist/tex/latex/unicode-math/unicode-math-table.tex))) (c:/Users/Rokei/AppData/Roaming/TinyTeX/texmf-dist/tex/latex/lm/lmodern.sty
Package: lmodern 2015/05/01 v1.6.1 Latin Modern Fonts
LaTeX Font Info:    Overwriting symbol font `operators' in version `normal'
(Font)                  OT1/cmr/m/n --> OT1/lmr/m/n on input line 22.
LaTeX Font Info:    Overwriting symbol font `letters' in version `normal'
(Font)                  OML/cmm/m/it --> OML/lmm/m/it on input line 23.
LaTeX Font Info:    Overwriting symbol font `symbols' in version `normal'
(Font)                  OMS/cmsy/m/n --> OMS/lmsy/m/n on input line 24.
LaTeX Font Info:    Overwriting symbol font `largesymbols' in version `normal'
(Font)                  OMX/cmex/m/n --> OMX/lmex/m/n on input line 25.
LaTeX Font Info:    Overwriting symbol font `operators' in version `bold'
(Font)                  OT1/cmr/bx/n --> OT1/lmr/bx/n on input line 26.
LaTeX Font Info:    Overwriting symbol font `letters' in version `bold'
(Font)                  OML/cmm/b/it --> OML/lmm/b/it on input line 27.
LaTeX Font Info:    Overwriting symbol font `symbols' in version `bold'
(Font)                  OMS/cmsy/b/n --> OMS/lmsy/b/n on input line 28.
LaTeX Font Info:    Overwriting symbol font `largesymbols' in version `bold'
(Font)                  OMX/cmex/m/n --> OMX/lmex/m/n on input line 29.
LaTeX Font Info:    Overwriting math alphabet `\mathbf' in version `normal'
(Font)                  OT1/cmr/bx/n --> OT1/lmr/bx/n on input line 31.
LaTeX Font Info:    Overwriting math alphabet `\mathsf' in version `normal'
(Font)                  OT1/cmss/m/n --> OT1/lmss/m/n on input line 32.
LaTeX Font Info:    Overwriting math alphabet `\mathit' in version `normal'
(Font)                  OT1/cmr/m/it --> OT1/lmr/m/it on input line 33.
LaTeX Font Info:    Overwriting math alphabet `\mathtt' in version `normal'
(Font)                  OT1/cmtt/m/n --> OT1/lmtt/m/n on input line 34.
LaTeX Font Info:    Overwriting math alphabet `\mathbf' in version `bold'
(Font)                  OT1/cmr/bx/n --> OT1/lmr/bx/n on input line 35.
LaTeX Font Info:    Overwriting math alphabet `\mathsf' in version `bold'
(Font)                  OT1/cmss/bx/n --> OT1/lmss/bx/n on input line 36.
LaTeX Font Info:    Overwriting math alphabet `\mathit' in version `bold'
(Font)                  OT1/cmr/bx/it --> OT1/lmr/bx/it on input line 37.
LaTeX Font Info:    Overwriting math alphabet `\mathtt' in version `bold'
(Font)                  OT1/cmtt/m/n --> OT1/lmtt/m/n on input line 38.
) (c:/Users/Rokei/AppData/Roaming/TinyTeX/texmf-dist/tex/latex/upquote/upquote.sty
Package: upquote 2012/04/19 v1.3 upright-quote and grave-accent glyphs in verbatim
(c:/Users/Rokei/AppData/Roaming/TinyTeX/texmf-dist/tex/latex/base/textcomp.sty
Package: textcomp 2024/04/24 v2.1b Standard LaTeX package
)) (c:/Users/Rokei/AppData/Roaming/TinyTeX/texmf-dist/tex/latex/microtype/microtype.sty
Package: microtype 2026/03/01 v3.2d Micro-typographical refinements (RS)
(c:/Users/Rokei/AppData/Roaming/TinyTeX/texmf-dist/tex/latex/graphics/keyval.sty
Package: keyval 2022/05/29 v1.15 key=value parser (DPC)
\KV@toks@=\toks22
)
\MT@toks=\toks23
\MT@tempbox=\box55
\MT@count=\count309
LaTeX Info: Redefining \noprotrusionifhmode on input line 1084.
LaTeX Info: Redefining \leftprotrusion on input line 1085.
\MT@prot@toks=\toks24
LaTeX Info: Redefining \rightprotrusion on input line 1104.
LaTeX Info: Redefining \textls on input line 1449.
\MT@outer@kern=\dimen160
LaTeX Info: Redefining \microtypecontext on input line 2053.
LaTeX Info: Redefining \textmicrotypecontext on input line 2070.
\MT@listname@count=\count310
(c:/Users/Rokei/AppData/Roaming/TinyTeX/texmf-dist/tex/latex/microtype/microtype-luatex.def
File: microtype-luatex.def 2026/03/01 v3.2d Definitions specific to luatex (RS)
Lua module: microtype 2026/03/01 v3.2d microtype module.
Module microtype Info: overwriting function `keepligature' on input line 63
LaTeX Info: Redefining \lsstyle on input line 779.
LaTeX Info: Redefining \lslig on input line 779.
\MT@outer@space=\skip54
)
Package microtype Info: Loading configuration file microtype.cfg.
(c:/Users/Rokei/AppData/Roaming/TinyTeX/texmf-dist/tex/latex/microtype/microtype.cfg
File: microtype.cfg 2026/03/01 v3.2d microtype main configuration file (RS)
)
LaTeX Info: Redefining \microtypesetup on input line 3065.
) (c:/Users/Rokei/AppData/Roaming/TinyTeX/texmf-dist/tex/latex/parskip/parskip.sty
Package: parskip 2021-03-14 v2.0h non-zero parskip adjustments
(c:/Users/Rokei/AppData/Roaming/TinyTeX/texmf-dist/tex/latex/kvoptions/kvoptions.sty
Package: kvoptions 2022-06-15 v3.15 Key value format for package options (HO)
(c:/Users/Rokei/AppData/Roaming/TinyTeX/texmf-dist/tex/generic/ltxcmds/ltxcmds.sty
Package: ltxcmds 2023-12-04 v1.26 LaTeX kernel commands for general use (HO)
) (c:/Users/Rokei/AppData/Roaming/TinyTeX/texmf-dist/tex/latex/kvsetkeys/kvsetkeys.sty
Package: kvsetkeys 2022-10-05 v1.19 Key value parser (HO)
))) (c:/Users/Rokei/AppData/Roaming/TinyTeX/texmf-dist/tex/latex/tools/longtable.sty
Package: longtable 2025-10-13 v4.24 Multi-page Table package (DPC)
\LTleft=\skip55
\LTright=\skip56
\LTpre=\skip57
\LTpost=\skip58
\LTchunksize=\count311
\LTcapwidth=\dimen161
\LT@head=\box56
\LT@firsthead=\box57
\LT@foot=\box58
\LT@lastfoot=\box59
\LT@gbox=\box60
\LT@cols=\count312
\LT@rows=\count313
\c@LT@tables=\count314
\c@LT@chunks=\count315
\LT@p@ftn=\toks25
) (c:/Users/Rokei/AppData/Roaming/TinyTeX/texmf-dist/tex/latex/booktabs/booktabs.sty
Package: booktabs 2020/01/12 v1.61803398 Publication quality tables
\heavyrulewidth=\dimen162
\lightrulewidth=\dimen163
\cmidrulewidth=\dimen164
\belowrulesep=\dimen165
\belowbottomsep=\dimen166
\aboverulesep=\dimen167
\abovetopsep=\dimen168
\cmidrulesep=\dimen169
\cmidrulekern=\dimen170
\defaultaddspace=\dimen171
\@cmidla=\count316
\@cmidlb=\count317
\@aboverulesep=\dimen172
\@belowrulesep=\dimen173
\@thisruleclass=\count318
\@lastruleclass=\count319
\@thisrulewidth=\dimen174
) (c:/Users/Rokei/AppData/Roaming/TinyTeX/texmf-dist/tex/latex/tools/array.sty
Package: array 2025/09/25 v2.6n Tabular extension package (FMi)
\col@sep=\dimen175
\ar@mcellbox=\box61
\extrarowheight=\dimen176
\NC@list=\toks26
\extratabsurround=\skip59
\backup@length=\skip60
\ar@cellbox=\box62
)
\c@none=\count320
(c:/Users/Rokei/AppData/Roaming/TinyTeX/texmf-dist/tex/latex/tools/calc.sty
Package: calc 2025/03/01 v4.3b Infix arithmetic (KKT,FJ)
\calc@Acount=\count321
\calc@Bcount=\count322
\calc@Adimen=\dimen177
\calc@Bdimen=\dimen178
\calc@Askip=\skip61
\calc@Bskip=\skip62
LaTeX Info: Redefining \setlength on input line 86.
LaTeX Info: Redefining \addtolength on input line 87.
\calc@Ccount=\count323
\calc@Cskip=\skip63
) (c:/Users/Rokei/AppData/Roaming/TinyTeX/texmf-dist/tex/latex/mdwtools/footnote.sty
Package: footnote 1997/01/28 1.13 Save footnotes around boxes
\fn@notes=\box63
\fn@width=\dimen179
) (c:/Users/Rokei/AppData/Roaming/TinyTeX/texmf-dist/tex/latex/graphics/graphicx.sty
Package: graphicx 2024/12/31 v1.2e Enhanced LaTeX Graphics (DPC,SPQR)
(c:/Users/Rokei/AppData/Roaming/TinyTeX/texmf-dist/tex/latex/graphics/graphics.sty
Package: graphics 2024/08/06 v1.4g Standard LaTeX Graphics (DPC,SPQR)
(c:/Users/Rokei/AppData/Roaming/TinyTeX/texmf-dist/tex/latex/graphics/trig.sty
Package: trig 2023/12/02 v1.11 sin cos tan (DPC)
) (c:/Users/Rokei/AppData/Roaming/TinyTeX/texmf-dist/tex/latex/graphics-cfg/graphics.cfg
File: graphics.cfg 2016/06/04 v1.11 sample graphics configuration
)
Package graphics Info: Driver file: luatex.def on input line 106.
)
\Gin@req@height=\dimen180
\Gin@req@width=\dimen181
)
\pandoc@box=\box64
(c:/Users/Rokei/AppData/Roaming/TinyTeX/texmf-dist/tex/latex/luacolor/luacolor.sty
Package: luacolor 2023-08-18 v1.18 Color support via LuaTeX's attributes (HO)
Inserting `luacolor.process' in `pre_shipout_filter'.
\LuaCol@Attribute=\attribute4
) (c:/Users/Rokei/AppData/Roaming/TinyTeX/texmf-dist/tex/lualatex/lua-ul/lua-ul.sty
Package: lua-ul 2024-02-26 v0.2.1 Underlining and related functionality for LuaTeX
Lua function luaul.restore_everyhbox = 31
Lua function luaul.new_underline_type = 32
Lua function luaul.set_underline_func = 33
Lua function luaul.reset_underline_func = 34
Module luatexbase Info: Uninstalling kernel luatexbase code on input line 36
Inserting `add underlines to list' in `pre_append_to_vlist_filter'.
Inserting `add underlines to list' in `hpack_filter'.
Inserting `add underlines to list' in `vpack_filter'.
Lua function sw@slant = 35
\l__luaul_top_dim=\dimen182
\l__luaul_bottom_dim=\dimen183
\l__luaul_height_dim=\dimen184
) (c:/Users/Rokei/AppData/Roaming/TinyTeX/texmf-dist/tex/generic/babel/babel.sty
Package: babel 2026/03/08 v26.4 The multilingual framework for LuaLaTeX, pdfLaTeX and XeLaTeX
(c:/Users/Rokei/AppData/Roaming/TinyTeX/texmf-dist/tex/generic/babel/luababel.def
\bbl@readstream=\read2
\l@dumylang=\language2
Package babel Info: Non-standard hyphenation setup on input line 118.
\l@nohyphenation=\language3
\l@ukenglish=\language4
\l@usenglishmax=\language5
\l@french=\language6
\babelcatcodetablenum=\catcodetable14
\bbl@pattcodes=\catcodetable15
)
\babel@savecnt=\count324
LaTeX Encoding Info:    Redeclaring text command \ij (encoding OT1) on input line 2078.
LaTeX Encoding Info:    Redeclaring text command \IJ (encoding OT1) on input line 2080.
LaTeX Encoding Info:    Redeclaring text command \ij (encoding T1) on input line 2082.
LaTeX Encoding Info:    Redeclaring text command \IJ (encoding T1) on input line 2083.
LaTeX Encoding Info:    Ignoring declaration for text command \ij (encoding ?) on input line 2084.
LaTeX Encoding Info:    Ignoring declaration for text command \IJ (encoding ?) on input line 2086.
LaTeX Encoding Info:    Ignoring declaration for text command \SS (encoding ?) on input line 2111.
\U@D=\dimen185
\l@unhyphenated=\language7
(c:/Users/Rokei/AppData/Roaming/TinyTeX/texmf-dist/tex/generic/babel/luababel.def
\bbl@attr@locale=\attribute5
(c:/Users/Rokei/AppData/Roaming/TinyTeX/texmf-dist/tex/luatex/luatexbase/luatexbase.sty
Package: luatexbase 2015/10/04 v1.3 luatexbase interface to LuaTeX 
(c:/Users/Rokei/AppData/Roaming/TinyTeX/texmf-dist/tex/luatex/ctablestack/ctablestack.sty
Package: ctablestack 2015/10/01 v1.0 Catcode table stable support
\@catcodetablestackcnt=\count325
)
\CatcodeTableOther=\catcodetable16
\CatcodeTableExpl=\catcodetable17
)
Removing  `luaotfload.node_processor' from `pre_linebreak_filter'.
Inserting `Babel.pre_otfload_v' in `pre_linebreak_filter'.
Inserting `luaotfload.node_processor' in `pre_linebreak_filter'.
Removing  `luaotfload.node_processor' from `hpack_filter'.
Removing  `luaotfload.harf.finalize_hlist' from `hpack_filter'.
Removing  `add underlines to list' from `hpack_filter'.
Inserting `Babel.pre_otfload_h' in `hpack_filter'.
Inserting `luaotfload.node_processor' in `hpack_filter'.
Inserting `luaotfload.harf.finalize_hlist' in `hpack_filter'.
Inserting `add underlines to list' in `hpack_filter'.
\bbl@attr@dir=\attribute6
) (c:/Users/Rokei/AppData/Roaming/TinyTeX/texmf-dist/tex/generic/babel/locale/ko/babel-korean.tex)
Package babel Info: Importing data for korean
(babel)             from babel-ko.ini. Reported on input line 4330.
Package babel Info: Hyphen rules for 'korean' set to \l@english
(babel)             (\language0). Reported on input line 4330.
Inserting `Babel.hyphenate' in `hyphenate'. (c:/Users/Rokei/AppData/Roaming/TinyTeX/texmf-dist/tex/generic/babel/locale/ko/babel-korean.tex)) (c:/Users/Rokei/AppData/Roaming/TinyTeX/texmf-dist/tex/lualatex/selnolig/selnolig.sty
=== Package selnolig, Version 0.302, Date 2015/10/26 ===
Package: selnolig 2015/10/26
(c:/Users/Rokei/AppData/Roaming/TinyTeX/texmf-dist/tex/generic/iftex/ifluatex.sty
Package: ifluatex 2019/10/25 v1.5 ifluatex legacy package. Use iftex instead.
)
Inserting `Suppress ligatures selectively' in `ligaturing'.) (c:/Users/Rokei/AppData/Roaming/TinyTeX/texmf-dist/tex/latex/tcolorbox/tcolorbox.sty
Package: tcolorbox 2025/11/28 version 6.9.0 text color boxes
(c:/Users/Rokei/AppData/Roaming/TinyTeX/texmf-dist/tex/latex/pgf/frontendlayer/tikz.sty (c:/Users/Rokei/AppData/Roaming/TinyTeX/texmf-dist/tex/latex/pgf/basiclayer/pgf.sty (c:/Users/Rokei/AppData/Roaming/TinyTeX/texmf-dist/tex/latex/pgf/utilities/pgfrcs.sty (c:/Users/Rokei/AppData/Roaming/TinyTeX/texmf-dist/tex/generic/pgf/utilities/pgfutil-common.tex
\pgfutil@everybye=\toks27
\pgfutil@tempdima=\dimen186
\pgfutil@tempdimb=\dimen187
) (c:/Users/Rokei/AppData/Roaming/TinyTeX/texmf-dist/tex/generic/pgf/utilities/pgfutil-latex.def
\pgfutil@abb=\box65
) (c:/Users/Rokei/AppData/Roaming/TinyTeX/texmf-dist/tex/generic/pgf/utilities/pgfrcs.code.tex (c:/Users/Rokei/AppData/Roaming/TinyTeX/texmf-dist/tex/generic/pgf/pgf.revision.tex)
Package: pgfrcs 2025-08-29 v3.1.11a (3.1.11a)
))
Package: pgf 2025-08-29 v3.1.11a (3.1.11a)
(c:/Users/Rokei/AppData/Roaming/TinyTeX/texmf-dist/tex/latex/pgf/basiclayer/pgfcore.sty (c:/Users/Rokei/AppData/Roaming/TinyTeX/texmf-dist/tex/latex/pgf/systemlayer/pgfsys.sty (c:/Users/Rokei/AppData/Roaming/TinyTeX/texmf-dist/tex/generic/pgf/systemlayer/pgfsys.code.tex
Package: pgfsys 2025-08-29 v3.1.11a (3.1.11a)
(c:/Users/Rokei/AppData/Roaming/TinyTeX/texmf-dist/tex/generic/pgf/utilities/pgfkeys.code.tex
\pgfkeys@pathtoks=\toks28
\pgfkeys@temptoks=\toks29
(c:/Users/Rokei/AppData/Roaming/TinyTeX/texmf-dist/tex/generic/pgf/utilities/pgfkeyslibraryfiltered.code.tex
\pgfkeys@tmptoks=\toks30
))
\pgf@x=\dimen188
\pgf@y=\dimen189
\pgf@xa=\dimen190
\pgf@ya=\dimen191
\pgf@xb=\dimen192
\pgf@yb=\dimen193
\pgf@xc=\dimen194
\pgf@yc=\dimen195
\pgf@xd=\dimen196
\pgf@yd=\dimen197
\w@pgf@writea=\write3
\r@pgf@reada=\read3
\c@pgf@counta=\count326
\c@pgf@countb=\count327
\c@pgf@countc=\count328
\c@pgf@countd=\count329
\t@pgf@toka=\toks31
\t@pgf@tokb=\toks32
\t@pgf@tokc=\toks33
\pgf@sys@id@count=\count330
(c:/Users/Rokei/AppData/Roaming/TinyTeX/texmf-dist/tex/generic/pgf/systemlayer/pgf.cfg
File: pgf.cfg 2025-08-29 v3.1.11a (3.1.11a)
)
Driver file for pgf: pgfsys-luatex.def
(c:/Users/Rokei/AppData/Roaming/TinyTeX/texmf-dist/tex/generic/pgf/systemlayer/pgfsys-luatex.def
File: pgfsys-luatex.def 2025-08-29 v3.1.11a (3.1.11a)
(c:/Users/Rokei/AppData/Roaming/TinyTeX/texmf-dist/tex/generic/pgf/systemlayer/pgfsys-common-pdf.def
File: pgfsys-common-pdf.def 2025-08-29 v3.1.11a (3.1.11a)
))) (c:/Users/Rokei/AppData/Roaming/TinyTeX/texmf-dist/tex/generic/pgf/systemlayer/pgfsyssoftpath.code.tex
File: pgfsyssoftpath.code.tex 2025-08-29 v3.1.11a (3.1.11a)
\pgfsyssoftpath@smallbuffer@items=\count331
\pgfsyssoftpath@bigbuffer@items=\count332
) (c:/Users/Rokei/AppData/Roaming/TinyTeX/texmf-dist/tex/generic/pgf/systemlayer/pgfsysprotocol.code.tex
File: pgfsysprotocol.code.tex 2025-08-29 v3.1.11a (3.1.11a)
)) (c:/Users/Rokei/AppData/Roaming/TinyTeX/texmf-dist/tex/generic/pgf/basiclayer/pgfcore.code.tex
Package: pgfcore 2025-08-29 v3.1.11a (3.1.11a)
(c:/Users/Rokei/AppData/Roaming/TinyTeX/texmf-dist/tex/generic/pgf/math/pgfmath.code.tex (c:/Users/Rokei/AppData/Roaming/TinyTeX/texmf-dist/tex/generic/pgf/math/pgfmathutil.code.tex) (c:/Users/Rokei/AppData/Roaming/TinyTeX/texmf-dist/tex/generic/pgf/math/pgfmathparser.code.tex
\pgfmath@dimen=\dimen198
\pgfmath@count=\count333
\pgfmath@box=\box66
\pgfmath@toks=\toks34
\pgfmath@stack@operand=\toks35
\pgfmath@stack@operation=\toks36
) (c:/Users/Rokei/AppData/Roaming/TinyTeX/texmf-dist/tex/generic/pgf/math/pgfmathfunctions.code.tex) (c:/Users/Rokei/AppData/Roaming/TinyTeX/texmf-dist/tex/generic/pgf/math/pgfmathfunctions.basic.code.tex) (c:/Users/Rokei/AppData/Roaming/TinyTeX/texmf-dist/tex/generic/pgf/math/pgfmathfunctions.trigonometric.code.tex) (c:/Users/Rokei/AppData/Roaming/TinyTeX/texmf-dist/tex/generic/pgf/math/pgfmathfunctions.random.code.tex) (c:/Users/Rokei/AppData/Roaming/TinyTeX/texmf-dist/tex/generic/pgf/math/pgfmathfunctions.comparison.code.tex) (c:/Users/Rokei/AppData/Roaming/TinyTeX/texmf-dist/tex/generic/pgf/math/pgfmathfunctions.base.code.tex) (c:/Users/Rokei/AppData/Roaming/TinyTeX/texmf-dist/tex/generic/pgf/math/pgfmathfunctions.round.code.tex) (c:/Users/Rokei/AppData/Roaming/TinyTeX/texmf-dist/tex/generic/pgf/math/pgfmathfunctions.misc.code.tex) (c:/Users/Rokei/AppData/Roaming/TinyTeX/texmf-dist/tex/generic/pgf/math/pgfmathfunctions.integerarithmetics.code.tex) (c:/Users/Rokei/AppData/Roaming/TinyTeX/texmf-dist/tex/generic/pgf/math/pgfmathcalc.code.tex) (c:/Users/Rokei/AppData/Roaming/TinyTeX/texmf-dist/tex/generic/pgf/math/pgfmathfloat.code.tex
\c@pgfmathroundto@lastzeros=\count334
)) (c:/Users/Rokei/AppData/Roaming/TinyTeX/texmf-dist/tex/generic/pgf/math/pgfint.code.tex) (c:/Users/Rokei/AppData/Roaming/TinyTeX/texmf-dist/tex/generic/pgf/basiclayer/pgfcorepoints.code.tex
File: pgfcorepoints.code.tex 2025-08-29 v3.1.11a (3.1.11a)
\pgf@picminx=\dimen199
\pgf@picmaxx=\dimen256
\pgf@picminy=\dimen257
\pgf@picmaxy=\dimen258
\pgf@pathminx=\dimen259
\pgf@pathmaxx=\dimen260
\pgf@pathminy=\dimen261
\pgf@pathmaxy=\dimen262
\pgf@xx=\dimen263
\pgf@xy=\dimen264
\pgf@yx=\dimen265
\pgf@yy=\dimen266
\pgf@zx=\dimen267
\pgf@zy=\dimen268
) (c:/Users/Rokei/AppData/Roaming/TinyTeX/texmf-dist/tex/generic/pgf/basiclayer/pgfcorepathconstruct.code.tex
File: pgfcorepathconstruct.code.tex 2025-08-29 v3.1.11a (3.1.11a)
\pgf@path@lastx=\dimen269
\pgf@path@lasty=\dimen270
) (c:/Users/Rokei/AppData/Roaming/TinyTeX/texmf-dist/tex/generic/pgf/basiclayer/pgfcorepathusage.code.tex
File: pgfcorepathusage.code.tex 2025-08-29 v3.1.11a (3.1.11a)
\pgf@shorten@end@additional=\dimen271
\pgf@shorten@start@additional=\dimen272
) (c:/Users/Rokei/AppData/Roaming/TinyTeX/texmf-dist/tex/generic/pgf/basiclayer/pgfcorescopes.code.tex
File: pgfcorescopes.code.tex 2025-08-29 v3.1.11a (3.1.11a)
\pgfpic=\box67
\pgf@hbox=\box68
\pgf@layerbox@main=\box69
\pgf@picture@serial@count=\count335
) (c:/Users/Rokei/AppData/Roaming/TinyTeX/texmf-dist/tex/generic/pgf/basiclayer/pgfcoregraphicstate.code.tex
File: pgfcoregraphicstate.code.tex 2025-08-29 v3.1.11a (3.1.11a)
\pgflinewidth=\dimen273
) (c:/Users/Rokei/AppData/Roaming/TinyTeX/texmf-dist/tex/generic/pgf/basiclayer/pgfcoretransformations.code.tex
File: pgfcoretransformations.code.tex 2025-08-29 v3.1.11a (3.1.11a)
\pgf@pt@x=\dimen274
\pgf@pt@y=\dimen275
\pgf@pt@temp=\dimen276
) (c:/Users/Rokei/AppData/Roaming/TinyTeX/texmf-dist/tex/generic/pgf/basiclayer/pgfcorequick.code.tex
File: pgfcorequick.code.tex 2025-08-29 v3.1.11a (3.1.11a)
) (c:/Users/Rokei/AppData/Roaming/TinyTeX/texmf-dist/tex/generic/pgf/basiclayer/pgfcoreobjects.code.tex
File: pgfcoreobjects.code.tex 2025-08-29 v3.1.11a (3.1.11a)
) (c:/Users/Rokei/AppData/Roaming/TinyTeX/texmf-dist/tex/generic/pgf/basiclayer/pgfcorepathprocessing.code.tex
File: pgfcorepathprocessing.code.tex 2025-08-29 v3.1.11a (3.1.11a)
) (c:/Users/Rokei/AppData/Roaming/TinyTeX/texmf-dist/tex/generic/pgf/basiclayer/pgfcorearrows.code.tex
File: pgfcorearrows.code.tex 2025-08-29 v3.1.11a (3.1.11a)
\pgfarrowsep=\dimen277
) (c:/Users/Rokei/AppData/Roaming/TinyTeX/texmf-dist/tex/generic/pgf/basiclayer/pgfcoreshade.code.tex
File: pgfcoreshade.code.tex 2025-08-29 v3.1.11a (3.1.11a)
\pgf@max=\dimen278
\pgf@sys@shading@range@num=\count336
\pgf@shadingcount=\count337
) (c:/Users/Rokei/AppData/Roaming/TinyTeX/texmf-dist/tex/generic/pgf/basiclayer/pgfcoreimage.code.tex
File: pgfcoreimage.code.tex 2025-08-29 v3.1.11a (3.1.11a)
) (c:/Users/Rokei/AppData/Roaming/TinyTeX/texmf-dist/tex/generic/pgf/basiclayer/pgfcoreexternal.code.tex
File: pgfcoreexternal.code.tex 2025-08-29 v3.1.11a (3.1.11a)
\pgfexternal@startupbox=\box70
) (c:/Users/Rokei/AppData/Roaming/TinyTeX/texmf-dist/tex/generic/pgf/basiclayer/pgfcorelayers.code.tex
File: pgfcorelayers.code.tex 2025-08-29 v3.1.11a (3.1.11a)
) (c:/Users/Rokei/AppData/Roaming/TinyTeX/texmf-dist/tex/generic/pgf/basiclayer/pgfcoretransparency.code.tex
File: pgfcoretransparency.code.tex 2025-08-29 v3.1.11a (3.1.11a)
) (c:/Users/Rokei/AppData/Roaming/TinyTeX/texmf-dist/tex/generic/pgf/basiclayer/pgfcorepatterns.code.tex
File: pgfcorepatterns.code.tex 2025-08-29 v3.1.11a (3.1.11a)
) (c:/Users/Rokei/AppData/Roaming/TinyTeX/texmf-dist/tex/generic/pgf/basiclayer/pgfcorerdf.code.tex
File: pgfcorerdf.code.tex 2025-08-29 v3.1.11a (3.1.11a)
))) (c:/Users/Rokei/AppData/Roaming/TinyTeX/texmf-dist/tex/generic/pgf/modules/pgfmoduleshapes.code.tex
File: pgfmoduleshapes.code.tex 2025-08-29 v3.1.11a (3.1.11a)
\pgfnodeparttextbox=\box71
) (c:/Users/Rokei/AppData/Roaming/TinyTeX/texmf-dist/tex/generic/pgf/modules/pgfmoduleplot.code.tex
File: pgfmoduleplot.code.tex 2025-08-29 v3.1.11a (3.1.11a)
) (c:/Users/Rokei/AppData/Roaming/TinyTeX/texmf-dist/tex/latex/pgf/compatibility/pgfcomp-version-0-65.sty
Package: pgfcomp-version-0-65 2025-08-29 v3.1.11a (3.1.11a)
\pgf@nodesepstart=\dimen279
\pgf@nodesepend=\dimen280
) (c:/Users/Rokei/AppData/Roaming/TinyTeX/texmf-dist/tex/latex/pgf/compatibility/pgfcomp-version-1-18.sty
Package: pgfcomp-version-1-18 2025-08-29 v3.1.11a (3.1.11a)
)) (c:/Users/Rokei/AppData/Roaming/TinyTeX/texmf-dist/tex/latex/pgf/utilities/pgffor.sty (c:/Users/Rokei/AppData/Roaming/TinyTeX/texmf-dist/tex/latex/pgf/utilities/pgfkeys.sty (c:/Users/Rokei/AppData/Roaming/TinyTeX/texmf-dist/tex/generic/pgf/utilities/pgfkeys.code.tex)) (c:/Users/Rokei/AppData/Roaming/TinyTeX/texmf-dist/tex/latex/pgf/math/pgfmath.sty (c:/Users/Rokei/AppData/Roaming/TinyTeX/texmf-dist/tex/generic/pgf/math/pgfmath.code.tex)) (c:/Users/Rokei/AppData/Roaming/TinyTeX/texmf-dist/tex/generic/pgf/utilities/pgffor.code.tex
Package: pgffor 2025-08-29 v3.1.11a (3.1.11a)
\pgffor@iter=\dimen281
\pgffor@skip=\dimen282
\pgffor@stack=\toks37
\pgffor@toks=\toks38
)) (c:/Users/Rokei/AppData/Roaming/TinyTeX/texmf-dist/tex/generic/pgf/frontendlayer/tikz/tikz.code.tex
Package: tikz 2025-08-29 v3.1.11a (3.1.11a)
(c:/Users/Rokei/AppData/Roaming/TinyTeX/texmf-dist/tex/generic/pgf/libraries/pgflibraryplothandlers.code.tex
File: pgflibraryplothandlers.code.tex 2025-08-29 v3.1.11a (3.1.11a)
\pgf@plot@mark@count=\count338
\pgfplotmarksize=\dimen283
)
\tikz@lastx=\dimen284
\tikz@lasty=\dimen285
\tikz@lastxsaved=\dimen286
\tikz@lastysaved=\dimen287
\tikz@lastmovetox=\dimen288
\tikz@lastmovetoy=\dimen289
\tikzleveldistance=\dimen290
\tikzsiblingdistance=\dimen291
\tikz@figbox=\box72
\tikz@figbox@bg=\box73
\tikz@tempbox=\box74
\tikz@tempbox@bg=\box75
\tikztreelevel=\count339
\tikznumberofchildren=\count340
\tikznumberofcurrentchild=\count341
\tikz@fig@count=\count342
(c:/Users/Rokei/AppData/Roaming/TinyTeX/texmf-dist/tex/generic/pgf/modules/pgfmodulematrix.code.tex
File: pgfmodulematrix.code.tex 2025-08-29 v3.1.11a (3.1.11a)
\pgfmatrixcurrentrow=\count343
\pgfmatrixcurrentcolumn=\count344
\pgf@matrix@numberofcolumns=\count345
)
\tikz@expandcount=\count346
(c:/Users/Rokei/AppData/Roaming/TinyTeX/texmf-dist/tex/generic/pgf/frontendlayer/tikz/libraries/tikzlibrarytopaths.code.tex
File: tikzlibrarytopaths.code.tex 2025-08-29 v3.1.11a (3.1.11a)
))) (c:/Users/Rokei/AppData/Roaming/TinyTeX/texmf-dist/tex/latex/tools/verbatim.sty
Package: verbatim 2024-01-22 v1.5x LaTeX2e package for verbatim enhancements
\every@verbatim=\toks39
\verbatim@line=\toks40
\verbatim@in@stream=\read4
) (c:/Users/Rokei/AppData/Roaming/TinyTeX/texmf-dist/tex/latex/environ/environ.sty
Package: environ 2014/05/04 v0.3 A new way to define environments
(c:/Users/Rokei/AppData/Roaming/TinyTeX/texmf-dist/tex/latex/trimspaces/trimspaces.sty
Package: trimspaces 2009/09/17 v1.1 Trim spaces around a token list
))
\tcb@titlebox=\box76
\tcb@upperbox=\box77
\tcb@lowerbox=\box78
\tcb@phantombox=\box79
\c@tcbbreakpart=\count347
\c@tcblayer=\count348
\c@tcolorbox@number=\count349
\l__tcobox_tmpa_box=\box80
\l__tcobox_tmpa_dim=\dimen292
\tcb@temp=\box81
\tcb@temp=\box82
\tcb@temp=\box83
\tcb@temp=\box84
(c:/Users/Rokei/AppData/Roaming/TinyTeX/texmf-dist/tex/latex/tcolorbox/tcbskins.code.tex
Library (tcolorbox): 'tcbskins.code.tex' version '6.9.0'
(c:/Users/Rokei/AppData/Roaming/TinyTeX/texmf-dist/tex/latex/tikzfill/tikzfill.image.sty
Package: tikzfill.image 2023/08/08 v1.0.1 Image filling library for TikZ
(c:/Users/Rokei/AppData/Roaming/TinyTeX/texmf-dist/tex/latex/tikzfill/tikzfill-common.sty
Package: tikzfill-common 2023/08/08 v1.0.1 Auxiliary code for tikzfill
) (c:/Users/Rokei/AppData/Roaming/TinyTeX/texmf-dist/tex/latex/tikzfill/tikzlibraryfill.image.code.tex
File: tikzlibraryfill.image.code.tex 2023/08/08 v1.0.1 Image filling library
\l__tikzfill_img_box=\box85
)) (c:/Users/Rokei/AppData/Roaming/TinyTeX/texmf-dist/tex/latex/tcolorbox/tcbskinsjigsaw.code.tex
Library (tcolorbox): 'tcbskinsjigsaw.code.tex' version '6.9.0'
)) (c:/Users/Rokei/AppData/Roaming/TinyTeX/texmf-dist/tex/latex/tcolorbox/tcbbreakable.code.tex
Library (tcolorbox): 'tcbbreakable.code.tex' version '6.9.0'
(c:/Users/Rokei/AppData/Roaming/TinyTeX/texmf-dist/tex/latex/pdfcol/pdfcol.sty
Package: pdfcol 2022-09-21 v1.7 Handle new color stacks for pdfTeX (HO)
(c:/Users/Rokei/AppData/Roaming/TinyTeX/texmf-dist/tex/generic/infwarerr/infwarerr.sty
Package: infwarerr 2019/12/03 v1.5 Providing info/warning/error messages (HO)
)
Package pdfcol Info: Interface disabled because of package `luacolor'.
)
Package pdfcol Info: pdfTeX's color stacks are not available.
\tcb@testbox=\box86
\tcb@totalupperbox=\box87
\tcb@totallowerbox=\box88
)) (c:/Users/Rokei/AppData/Roaming/TinyTeX/texmf-dist/tex/latex/fontawesome5/fontawesome5.sty
Package: fontawesome5 2022/05/02 v5.15.4 Font Awesome 5
(c:/Users/Rokei/AppData/Roaming/TinyTeX/texmf-dist/tex/latex/fontawesome5/fontawesome5-utex-helper.sty
Package: fontawesome5-utex-helper 2022/05/02 v5.15.4 uTeX helper for fontawesome5
LaTeX Font Info:    Trying to load font information for TU+fontawesomefree on input line 69.
(c:/Users/Rokei/AppData/Roaming/TinyTeX/texmf-dist/tex/latex/fontawesome5/tufontawesomefree.fd)
LaTeX Font Info:    Trying to load font information for TU+fontawesomebrands on input line 70.
(c:/Users/Rokei/AppData/Roaming/TinyTeX/texmf-dist/tex/latex/fontawesome5/tufontawesomebrands.fd))) (c:/Users/Rokei/AppData/Roaming/TinyTeX/texmf-dist/tex/latex/caption/caption.sty
Package: caption 2023/08/05 v3.6o Customizing captions (AR)
(c:/Users/Rokei/AppData/Roaming/TinyTeX/texmf-dist/tex/latex/caption/caption3.sty
Package: caption3 2023/07/31 v2.4d caption3 kernel (AR)
\caption@tempdima=\dimen293
\captionmargin=\dimen294
\caption@leftmargin=\dimen295
\caption@rightmargin=\dimen296
\caption@width=\dimen297
\caption@indent=\dimen298
\caption@parindent=\dimen299
\caption@hangindent=\dimen300
Package caption Info: Standard document class detected.
)
\c@caption@flags=\count350
\c@continuedfloat=\count351
Package caption Info: longtable package is loaded.
(c:/Users/Rokei/AppData/Roaming/TinyTeX/texmf-dist/tex/latex/caption/ltcaption.sty
Package: ltcaption 2021/01/08 v1.4c longtable captions (AR)
)) (c:/Users/Rokei/AppData/Roaming/TinyTeX/texmf-dist/tex/latex/float/float.sty
Package: float 2001/11/08 v1.3d Float enhancements (AL)
\c@float@type=\count352
\float@exts=\toks41
\float@box=\box89
\@float@everytoks=\toks42
\@floatcapt=\box90
)
\@float@every@codelisting=\toks43
\c@codelisting=\count353
(c:/Users/Rokei/AppData/Roaming/TinyTeX/texmf-dist/tex/latex/caption/subcaption.sty
Package: subcaption 2023/07/28 v1.6b Sub-captions (AR)
Package caption Info: New subtype `subfigure' on input line 238.
\c@subfigure=\count354
Package caption Info: New subtype `subtable' on input line 238.
\c@subtable=\count355
) (c:/Users/Rokei/AppData/Roaming/TinyTeX/texmf-dist/tex/latex/bookmark/bookmark.sty
Package: bookmark 2023-12-10 v1.31 PDF bookmarks (HO)
(c:/Users/Rokei/AppData/Roaming/TinyTeX/texmf-dist/tex/latex/hyperref/hyperref.sty
Package: hyperref 2026-01-29 v7.01p Hypertext links for LaTeX
(c:/Users/Rokei/AppData/Roaming/TinyTeX/texmf-dist/tex/generic/kvdefinekeys/kvdefinekeys.sty
Package: kvdefinekeys 2019-12-19 v1.6 Define keys (HO)
) (c:/Users/Rokei/AppData/Roaming/TinyTeX/texmf-dist/tex/generic/pdfescape/pdfescape.sty
Package: pdfescape 2019/12/09 v1.15 Implements pdfTeX's escape features (HO)
(c:/Users/Rokei/AppData/Roaming/TinyTeX/texmf-dist/tex/generic/pdftexcmds/pdftexcmds.sty
Package: pdftexcmds 2020-06-27 v0.33 Utility functions of pdfTeX for LuaTeX (HO)
Package pdftexcmds Info: \pdf@primitive is available.
Package pdftexcmds Info: \pdf@ifprimitive is available.
Package pdftexcmds Info: \pdfdraftmode found.
\pdftexcmds@toks=\toks44
)) (c:/Users/Rokei/AppData/Roaming/TinyTeX/texmf-dist/tex/latex/hycolor/hycolor.sty
Package: hycolor 2020-01-27 v1.10 Color options for hyperref/bookmark (HO)
) (c:/Users/Rokei/AppData/Roaming/TinyTeX/texmf-dist/tex/latex/hyperref/nameref.sty
Package: nameref 2026-01-29 v2.58 Cross-referencing by name of section
(c:/Users/Rokei/AppData/Roaming/TinyTeX/texmf-dist/tex/latex/refcount/refcount.sty
Package: refcount 2019/12/15 v3.6 Data extraction from label references (HO)
) (c:/Users/Rokei/AppData/Roaming/TinyTeX/texmf-dist/tex/generic/gettitlestring/gettitlestring.sty
Package: gettitlestring 2019/12/15 v1.6 Cleanup title references (HO)
)
\c@section@level=\count356
) (c:/Users/Rokei/AppData/Roaming/TinyTeX/texmf-dist/tex/generic/stringenc/stringenc.sty
Package: stringenc 2019/11/29 v1.12 Convert strings between diff. encodings (HO)
)
\@linkdim=\dimen301
\Hy@linkcounter=\count357
\Hy@pagecounter=\count358
(c:/Users/Rokei/AppData/Roaming/TinyTeX/texmf-dist/tex/latex/hyperref/pd1enc.def
File: pd1enc.def 2026-01-29 v7.01p Hyperref: PDFDocEncoding definition (HO)
) (c:/Users/Rokei/AppData/Roaming/TinyTeX/texmf-dist/tex/generic/intcalc/intcalc.sty
Package: intcalc 2019/12/15 v1.3 Expandable calculations with integers (HO)
)
\Hy@SavedSpaceFactor=\count359
(c:/Users/Rokei/AppData/Roaming/TinyTeX/texmf-dist/tex/latex/hyperref/puenc.def
File: puenc.def 2026-01-29 v7.01p Hyperref: PDF Unicode definition (HO)
)
Package hyperref Info: Option `unicode' set `true' on input line 4072.
Package hyperref Info: Hyper figures OFF on input line 4201.
Package hyperref Info: Link nesting OFF on input line 4206.
Package hyperref Info: Hyper index ON on input line 4209.
Package hyperref Info: Plain pages OFF on input line 4216.
Package hyperref Info: Backreferencing OFF on input line 4221.
Package hyperref Info: Implicit mode ON; LaTeX internals redefined.
Package hyperref Info: Bookmarks ON on input line 4468.
\c@Hy@tempcnt=\count360
(c:/Users/Rokei/AppData/Roaming/TinyTeX/texmf-dist/tex/latex/url/url.sty
\Urlmuskip=\muskip19
Package: url 2013/09/16  ver 3.4  Verb mode for urls, etc.
)
LaTeX Info: Redefining \url on input line 4807.
\XeTeXLinkMargin=\dimen302
(c:/Users/Rokei/AppData/Roaming/TinyTeX/texmf-dist/tex/generic/bitset/bitset.sty
Package: bitset 2019/12/09 v1.3 Handle bit-vector datatype (HO)
(c:/Users/Rokei/AppData/Roaming/TinyTeX/texmf-dist/tex/generic/bigintcalc/bigintcalc.sty
Package: bigintcalc 2019/12/15 v1.5 Expandable calculations on big integers (HO)
))
\Fld@menulength=\count361
\Field@Width=\dimen303
\Fld@charsize=\dimen304
Package hyperref Info: Hyper figures OFF on input line 6084.
Package hyperref Info: Link nesting OFF on input line 6089.
Package hyperref Info: Hyper index ON on input line 6092.
Package hyperref Info: backreferencing OFF on input line 6099.
Package hyperref Info: Link coloring OFF on input line 6104.
Package hyperref Info: Link coloring with OCG OFF on input line 6109.
Package hyperref Info: PDF/A mode OFF on input line 6114.
\Hy@abspage=\count362
\c@Item=\count363
\c@Hfootnote=\count364
)
Package hyperref Info: Driver (autodetected): hluatex.
(c:/Users/Rokei/AppData/Roaming/TinyTeX/texmf-dist/tex/latex/hyperref/hluatex.def
File: hluatex.def 2026-01-29 v7.01p Hyperref driver for luaTeX
\Fld@listcount=\count365
\c@bookmark@seq@number=\count366
(c:/Users/Rokei/AppData/Roaming/TinyTeX/texmf-dist/tex/latex/rerunfilecheck/rerunfilecheck.sty
Package: rerunfilecheck 2025-06-21 v1.11 Rerun checks for auxiliary files (HO)
(c:/Users/Rokei/AppData/Roaming/TinyTeX/texmf-dist/tex/generic/uniquecounter/uniquecounter.sty
Package: uniquecounter 2019/12/15 v1.4 Provide unlimited unique counter (HO)
)
Package uniquecounter Info: New unique counter `rerunfilecheck' on input line 284.
)
\Hy@SectionHShift=\skip64
) (c:/Users/Rokei/AppData/Roaming/TinyTeX/texmf-dist/tex/latex/bookmark/bkm-pdftex.def
File: bkm-pdftex.def 2023-12-10 v1.31 bookmark driver for pdfTeX and luaTeX (HO)
\BKM@id=\count367
))
Package hyperref Info: Option `colorlinks' set `true' on input line 191.
No file insertion-sort.aux.

\openout1 = insertion-sort.aux
LaTeX Font Info:    Checking defaults for OML/cmm/m/it on input line 197.
LaTeX Font Info:    ... okay on input line 197.
LaTeX Font Info:    Checking defaults for OMS/cmsy/m/n on input line 197.
LaTeX Font Info:    ... okay on input line 197.
LaTeX Font Info:    Checking defaults for OT1/cmr/m/n on input line 197.
LaTeX Font Info:    ... okay on input line 197.
LaTeX Font Info:    Checking defaults for T1/cmr/m/n on input line 197.
LaTeX Font Info:    ... okay on input line 197.
LaTeX Font Info:    Checking defaults for TS1/cmr/m/n on input line 197.
LaTeX Font Info:    ... okay on input line 197.
LaTeX Font Info:    Checking defaults for TU/lmr/m/n on input line 197.
LaTeX Font Info:    ... okay on input line 197.
LaTeX Font Info:    Checking defaults for OMX/cmex/m/n on input line 197.
LaTeX Font Info:    ... okay on input line 197.
LaTeX Font Info:    Checking defaults for U/cmr/m/n on input line 197.
LaTeX Font Info:    ... okay on input line 197.
LaTeX Font Info:    Checking defaults for PD1/pdf/m/n on input line 197.
LaTeX Font Info:    ... okay on input line 197.
LaTeX Font Info:    Checking defaults for PU/pdf/m/n on input line 197.
LaTeX Font Info:    ... okay on input line 197.
(c:/Users/Rokei/AppData/Roaming/TinyTeX/texmf-dist/tex/latex/epstopdf-pkg/epstopdf-base.sty
Package: epstopdf-base 2020-01-24 v2.11 Base part for package epstopdf
Package epstopdf-base Info: Redefining graphics rule for `.eps' on input line 485.
(c:/Users/Rokei/AppData/Roaming/TinyTeX/texmf-dist/tex/latex/latexconfig/epstopdf-sys.cfg
File: epstopdf-sys.cfg 2010/07/13 v1.3 Configuration of (r)epstopdf for TeX Live
))
LaTeX Font Info:    Overwriting math alphabet `\mathrm' in version `normal'
(Font)                  OT1/lmr/m/n --> TU/lmr/m/n on input line 197.
LaTeX Font Info:    Overwriting math alphabet `\mathit' in version `normal'
(Font)                  OT1/lmr/m/it --> TU/lmr/m/it on input line 197.
LaTeX Font Info:    Overwriting math alphabet `\mathbf' in version `normal'
(Font)                  OT1/lmr/bx/n --> TU/lmr/bx/n on input line 197.
LaTeX Font Info:    Overwriting math alphabet `\mathsf' in version `normal'
(Font)                  OT1/lmss/m/n --> TU/lmss/m/n on input line 197.
LaTeX Font Info:    Overwriting math alphabet `\mathsf' in version `bold'
(Font)                  OT1/lmss/bx/n --> TU/lmss/bx/n on input line 197.
LaTeX Font Info:    Overwriting math alphabet `\mathtt' in version `normal'
(Font)                  OT1/lmtt/m/n --> TU/lmtt/m/n on input line 197.
LaTeX Font Info:    Overwriting math alphabet `\mathtt' in version `bold'
(Font)                  OT1/lmtt/m/n --> TU/lmtt/bx/n on input line 197.

Package fontspec Info: 
(fontspec)             latinmodern-math scale = 0.9999964596882403.


Package fontspec Info: 
(fontspec)             latinmodern-math scale = 0.9999964596882403.


Package fontspec Info: 
(fontspec)             latinmodern-math scale = 0.9999964596882403.


Package fontspec Info: 
(fontspec)             Font family 'latinmodern-math.otf(0)' created for font
(fontspec)             'latinmodern-math.otf' with options
(fontspec)             [Scale=MatchLowercase,Renderer=Basic,BoldItalicFont={},ItalicFont={},SmallCapsFont={},Script=Math,RawFeature={mathfontdimen=xetex},BoldFont={latinmodern-math.otf}].
(fontspec)              
(fontspec)              This font family consists of the following NFSS
(fontspec)             series/shapes:
(fontspec)              
(fontspec)             - 'normal' (m/n) with NFSS spec.:
(fontspec)             <->s*[0.9999964596882403]"[latinmodern-math.otf]:mode=base;script=math;language=dflt;mathfontdimen=xetex;"
(fontspec)             - 'bold' (b/n) with NFSS spec.:
(fontspec)             <->s*[0.9999964596882403]"[latinmodern-math.otf]:mode=base;script=math;language=dflt;mathfontdimen=xetex;"

LaTeX Font Info:    Font shape `TU/latinmodern-math.otf(0)/m/n' will be
(Font)              scaled to size 10.0pt on input line 197.

Package fontspec Info: 
(fontspec)             latinmodern-math scale = 0.9999964596882403.


Package fontspec Info: 
(fontspec)             latinmodern-math scale = 0.9999964596882403.


Package fontspec Info: 
(fontspec)             latinmodern-math scale = 0.9999964596882403.


Package fontspec Info: 
(fontspec)             latinmodern-math scale = 0.9999964596882403.


Package fontspec Info: 
(fontspec)             latinmodern-math scale = 0.9999964596882403.


Package fontspec Info: 
(fontspec)             Font family 'latinmodern-math.otf(1)' created for font
(fontspec)             'latinmodern-math.otf' with options
(fontspec)             [Scale=MatchLowercase,Renderer=Basic,BoldItalicFont={},ItalicFont={},SmallCapsFont={},Script=Math,SizeFeatures={{Size=8.5-},{Size=6-8.5,Font=latinmodern-math.otf,Style=MathScript},{Size=-6,Font=latinmodern-math.otf,Style=MathScriptScript}},RawFeature={mathfontdimen=xetex},BoldFont={latinmodern-math.otf}].
(fontspec)              
(fontspec)              This font family consists of the following NFSS
(fontspec)             series/shapes:
(fontspec)              
(fontspec)             - 'normal' (m/n) with NFSS spec.:
(fontspec)             <8.5->s*[0.9999964596882403]"[latinmodern-math.otf]:mode=base;script=math;language=dflt;mathfontdimen=xetex;"<6-8.5>s*[0.9999964596882403]"[latinmodern-math.otf]:mode=base;script=math;language=dflt;mathfontdimen=xetex;+ssty=0;"<-6>s*[0.9999964596882403]"[latinmodern-math.otf]:mode=base;script=math;language=dflt;mathfontdimen=xetex;+ssty=1;"
(fontspec)             - 'bold' (b/n) with NFSS spec.:
(fontspec)             <->s*[0.9999964596882403]"[latinmodern-math.otf]:mode=base;script=math;language=dflt;mathfontdimen=xetex;"

LaTeX Font Info:    Font shape `TU/latinmodern-math.otf(1)/m/n' will be
(Font)              scaled to size 10.0pt on input line 197.
LaTeX Font Info:    Encoding `OT1' has changed to `TU' for symbol font
(Font)              `operators' in the math version `normal' on input line 197.
LaTeX Font Info:    Overwriting symbol font `operators' in version `normal'
(Font)                  OT1/lmr/m/n --> TU/latinmodern-math.otf(1)/m/n on input line 197.
LaTeX Font Info:    Encoding `OT1' has changed to `TU' for symbol font
(Font)              `operators' in the math version `bold' on input line 197.
LaTeX Font Info:    Overwriting symbol font `operators' in version `bold'
(Font)                  OT1/lmr/bx/n --> TU/latinmodern-math.otf(1)/b/n on input line 197.

Package fontspec Info: 
(fontspec)             latinmodern-math scale = 0.9999964596882403.


Package fontspec Info: 
(fontspec)             latinmodern-math scale = 0.9999964596882403.


Package fontspec Info: 
(fontspec)             latinmodern-math scale = 0.9999964596882403.


Package fontspec Info: 
(fontspec)             latinmodern-math scale = 0.9999964596882403.


Package fontspec Info: 
(fontspec)             latinmodern-math scale = 0.9999964596882403.


Package fontspec Info: 
(fontspec)             Font family 'latinmodern-math.otf(2)' created for font
(fontspec)             'latinmodern-math.otf' with options
(fontspec)             [Scale=MatchLowercase,Renderer=Basic,BoldItalicFont={},ItalicFont={},SmallCapsFont={},Script=Math,SizeFeatures={{Size=8.5-},{Size=6-8.5,Font=latinmodern-math.otf,Style=MathScript},{Size=-6,Font=latinmodern-math.otf,Style=MathScriptScript}},RawFeature={mathfontdimen=xetex},BoldFont={latinmodern-math.otf},RawFeature={mathfontdimen=tex2}].
(fontspec)              
(fontspec)              This font family consists of the following NFSS
(fontspec)             series/shapes:
(fontspec)              
(fontspec)             - 'normal' (m/n) with NFSS spec.:
(fontspec)             <8.5->s*[0.9999964596882403]"[latinmodern-math.otf]:mode=base;script=math;language=dflt;mathfontdimen=xetex;mathfontdimen=tex2;"<6-8.5>s*[0.9999964596882403]"[latinmodern-math.otf]:mode=base;script=math;language=dflt;mathfontdimen=xetex;mathfontdimen=tex2;+ssty=0;"<-6>s*[0.9999964596882403]"[latinmodern-math.otf]:mode=base;script=math;language=dflt;mathfontdimen=xetex;mathfontdimen=tex2;+ssty=1;"
(fontspec)             - 'bold' (b/n) with NFSS spec.:
(fontspec)             <->s*[0.9999964596882403]"[latinmodern-math.otf]:mode=base;script=math;language=dflt;mathfontdimen=xetex;mathfontdimen=tex2;"

LaTeX Font Info:    Encoding `OMS' has changed to `TU' for symbol font
(Font)              `symbols' in the math version `normal' on input line 197.
LaTeX Font Info:    Overwriting symbol font `symbols' in version `normal'
(Font)                  OMS/lmsy/m/n --> TU/latinmodern-math.otf(2)/m/n on input line 197.
LaTeX Font Info:    Encoding `OMS' has changed to `TU' for symbol font
(Font)              `symbols' in the math version `bold' on input line 197.
LaTeX Font Info:    Overwriting symbol font `symbols' in version `bold'
(Font)                  OMS/lmsy/b/n --> TU/latinmodern-math.otf(2)/b/n on input line 197.

Package fontspec Info: 
(fontspec)             latinmodern-math scale = 0.9999964596882403.


Package fontspec Info: 
(fontspec)             latinmodern-math scale = 0.9999964596882403.


Package fontspec Info: 
(fontspec)             latinmodern-math scale = 0.9999964596882403.


Package fontspec Info: 
(fontspec)             latinmodern-math scale = 0.9999964596882403.


Package fontspec Info: 
(fontspec)             latinmodern-math scale = 0.9999964596882403.


Package fontspec Info: 
(fontspec)             Font family 'latinmodern-math.otf(3)' created for font
(fontspec)             'latinmodern-math.otf' with options
(fontspec)             [Scale=MatchLowercase,Renderer=Basic,BoldItalicFont={},ItalicFont={},SmallCapsFont={},Script=Math,SizeFeatures={{Size=8.5-},{Size=6-8.5,Font=latinmodern-math.otf,Style=MathScript},{Size=-6,Font=latinmodern-math.otf,Style=MathScriptScript}},RawFeature={mathfontdimen=xetex},BoldFont={latinmodern-math.otf},RawFeature={mathfontdimen=tex3}].
(fontspec)              
(fontspec)              This font family consists of the following NFSS
(fontspec)             series/shapes:
(fontspec)              
(fontspec)             - 'normal' (m/n) with NFSS spec.:
(fontspec)             <8.5->s*[0.9999964596882403]"[latinmodern-math.otf]:mode=base;script=math;language=dflt;mathfontdimen=xetex;mathfontdimen=tex3;"<6-8.5>s*[0.9999964596882403]"[latinmodern-math.otf]:mode=base;script=math;language=dflt;mathfontdimen=xetex;mathfontdimen=tex3;+ssty=0;"<-6>s*[0.9999964596882403]"[latinmodern-math.otf]:mode=base;script=math;language=dflt;mathfontdimen=xetex;mathfontdimen=tex3;+ssty=1;"
(fontspec)             - 'bold' (b/n) with NFSS spec.:
(fontspec)             <->s*[0.9999964596882403]"[latinmodern-math.otf]:mode=base;script=math;language=dflt;mathfontdimen=xetex;mathfontdimen=tex3;"

LaTeX Font Info:    Encoding `OMX' has changed to `TU' for symbol font
(Font)              `largesymbols' in the math version `normal' on input line 197.
LaTeX Font Info:    Overwriting symbol font `largesymbols' in version `normal'
(Font)                  OMX/lmex/m/n --> TU/latinmodern-math.otf(3)/m/n on input line 197.
LaTeX Font Info:    Encoding `OMX' has changed to `TU' for symbol font
(Font)              `largesymbols' in the math version `bold' on input line 197.
LaTeX Font Info:    Overwriting symbol font `largesymbols' in version `bold'
(Font)                  OMX/lmex/m/n --> TU/latinmodern-math.otf(3)/b/n on input line 197.
LaTeX Font Info:    Font shape `TU/latinmodern-math.otf(1)/m/n' will be
(Font)              scaled to size 7.0pt on input line 197.
LaTeX Font Info:    Font shape `TU/latinmodern-math.otf(1)/m/n' will be
(Font)              scaled to size 5.0pt on input line 197.
LaTeX Font Info:    Trying to load font information for OML+lmm on input line 197.
(c:/Users/Rokei/AppData/Roaming/TinyTeX/texmf-dist/tex/latex/lm/omllmm.fd
File: omllmm.fd 2015/05/01 v1.6.1 Font defs for Latin Modern
)
LaTeX Font Info:    Font shape `TU/latinmodern-math.otf(2)/m/n' will be
(Font)              scaled to size 10.0pt on input line 197.
LaTeX Font Info:    Font shape `TU/latinmodern-math.otf(2)/m/n' will be
(Font)              scaled to size 7.0pt on input line 197.
LaTeX Font Info:    Font shape `TU/latinmodern-math.otf(2)/m/n' will be
(Font)              scaled to size 5.0pt on input line 197.
LaTeX Font Info:    Font shape `TU/latinmodern-math.otf(3)/m/n' will be
(Font)              scaled to size 10.0pt on input line 197.
LaTeX Font Info:    Font shape `TU/latinmodern-math.otf(3)/m/n' will be
(Font)              scaled to size 7.0pt on input line 197.
LaTeX Font Info:    Font shape `TU/latinmodern-math.otf(3)/m/n' will be
(Font)              scaled to size 5.0pt on input line 197.
LaTeX Font Info:    Trying to load font information for U+msa on input line 197.
(c:/Users/Rokei/AppData/Roaming/TinyTeX/texmf-dist/tex/latex/amsfonts/umsa.fd
File: umsa.fd 2013/01/14 v3.01 AMS symbols A
)
LaTeX Font Info:    Trying to load font information for U+msb on input line 197.
(c:/Users/Rokei/AppData/Roaming/TinyTeX/texmf-dist/tex/latex/amsfonts/umsb.fd
File: umsb.fd 2013/01/14 v3.01 AMS symbols B
)
LaTeX Info: Redefining \microtypecontext on input line 197.
Package microtype Info: Applying patch `item' on input line 197.
Package microtype Info: Applying patch `toc' on input line 197.
Package microtype Info: Applying patch `eqnum' on input line 197.
Package microtype Info: Applying patch `footnote' on input line 197.
Package microtype Info: Applying patch `verbatim' on input line 197.
LaTeX Info: Redefining \microtypesetup on input line 197.
Package microtype Info: Generating PDF output.
Package microtype Info: Character protrusion enabled (level 2).
Package microtype Info: Using protrusion set `basicmath'.
Package microtype Info: Automatic font expansion enabled (level 2),
(microtype)             stretch: 20, shrink: 20, step: 1, non-selected.
Package microtype Info: Using default expansion set `alltext-nott'.
Package microtype Info: Patching command `\showhyphens'.
Package microtype Info: No adjustment of tracking.
Package microtype Info: No adjustment of spacing.
Package microtype Info: No adjustment of kerning.
(c:/Users/Rokei/AppData/Roaming/TinyTeX/texmf-dist/tex/latex/microtype/mt-LatinModernRoman.cfg
File: mt-LatinModernRoman.cfg 2026/02/26 v1.2 microtype config. file: Latin Modern Roman (RS)
)
Removing  `Babel.pre_otfload_h' from `hpack_filter'.
Removing  `luaotfload.node_processor' from `hpack_filter'.
Removing  `luaotfload.harf.finalize_hlist' from `hpack_filter'.
Removing  `add underlines to list' from `hpack_filter'.
Inserting `Babel.math_box_dir' in `hpack_filter'.
Inserting `Babel.pre_otfload_h' in `hpack_filter'.
Inserting `luaotfload.node_processor' in `hpack_filter'.
Inserting `luaotfload.harf.finalize_hlist' in `hpack_filter'.
Inserting `add underlines to list' in `hpack_filter'.
Inserting `Babel.unset_atdir' in `pre_linebreak_filter'.
Inserting `Babel.unset_atdir' in `hpack_filter'.
Package caption Info: Begin \AtBeginDocument code.
Package caption Info: float package is loaded.
Package caption Info: hyperref package is loaded.
Package caption Info: End \AtBeginDocument code.
Package hyperref Info: Link coloring ON on input line 197.
Missing character: There is no 를 (U+B97C) in font [lmroman17-regular]:+tlig;!
Missing character: There is no 관 (U+AD00) in font [lmroman17-regular]:+tlig;!
Missing character: There is no 점 (U+C810) in font [lmroman17-regular]:+tlig;!
Missing character: There is no 에 (U+C5D0) in font [lmroman17-regular]:+tlig;!
Missing character: There is no 서 (U+C11C) in font [lmroman17-regular]:+tlig;!
Missing character: There is no 이 (U+C774) in font [lmroman17-regular]:+tlig;!
Missing character: There is no 해 (U+D574) in font [lmroman17-regular]:+tlig;!
Missing character: There is no 하 (U+D558) in font [lmroman17-regular]:+tlig;!
Missing character: There is no 기 (U+AE30) in font [lmroman17-regular]:+tlig;!
Missing character: There is no 를 (U+B97C) in font [lmroman17-regular]:+tlig;!
Missing character: There is no 관 (U+AD00) in font [lmroman17-regular]:+tlig;!
Missing character: There is no 점 (U+C810) in font [lmroman17-regular]:+tlig;!
Missing character: There is no 에 (U+C5D0) in font [lmroman17-regular]:+tlig;!
Missing character: There is no 서 (U+C11C) in font [lmroman17-regular]:+tlig;!
Missing character: There is no 이 (U+C774) in font [lmroman17-regular]:+tlig;!
Missing character: There is no 해 (U+D574) in font [lmroman17-regular]:+tlig;!
Missing character: There is no 하 (U+D558) in font [lmroman17-regular]:+tlig;!
Missing character: There is no 기 (U+AE30) in font [lmroman17-regular]:+tlig;!
LaTeX Font Info:    Font shape `TU/latinmodern-math.otf(1)/m/n' will be
(Font)              scaled to size 12.0pt on input line 199.
LaTeX Font Info:    Font shape `TU/latinmodern-math.otf(1)/m/n' will be
(Font)              scaled to size 8.0pt on input line 199.
LaTeX Font Info:    Font shape `TU/latinmodern-math.otf(1)/m/n' will be
(Font)              scaled to size 6.0pt on input line 199.
LaTeX Font Info:    Font shape `TU/latinmodern-math.otf(2)/m/n' will be
(Font)              scaled to size 12.0pt on input line 199.
LaTeX Font Info:    Font shape `TU/latinmodern-math.otf(2)/m/n' will be
(Font)              scaled to size 8.0pt on input line 199.
LaTeX Font Info:    Font shape `TU/latinmodern-math.otf(2)/m/n' will be
(Font)              scaled to size 6.0pt on input line 199.
LaTeX Font Info:    Font shape `TU/latinmodern-math.otf(3)/m/n' will be
(Font)              scaled to size 12.0pt on input line 199.
LaTeX Font Info:    Font shape `TU/latinmodern-math.otf(3)/m/n' will be
(Font)              scaled to size 8.0pt on input line 199.
LaTeX Font Info:    Font shape `TU/latinmodern-math.otf(3)/m/n' will be
(Font)              scaled to size 6.0pt on input line 199.
(c:/Users/Rokei/AppData/Roaming/TinyTeX/texmf-dist/tex/latex/microtype/mt-msa.cfg
File: mt-msa.cfg 2006/02/04 v1.1 microtype config. file: AMS symbols (a) (RS)
) (c:/Users/Rokei/AppData/Roaming/TinyTeX/texmf-dist/tex/latex/microtype/mt-msb.cfg
File: mt-msb.cfg 2005/06/01 v1.0 microtype config. file: AMS symbols (b) (RS)
)
Missing character: There is no 서 (U+C11C) in font [lmroman12-bold]:+tlig;!
Missing character: There is no 론 (U+B860) in font [lmroman12-bold]:+tlig;!
Missing character: There is no 서 (U+C11C) in font [lmroman12-bold]:+tlig;!
Missing character: There is no 론 (U+B860) in font [lmroman12-bold]:+tlig;!
Missing character: There is no 는 (U+B294) in font [lmroman10-regular]:+tlig;!
Missing character: There is no 가 (U+AC00) in font [lmroman10-regular]:+tlig;!
Missing character: There is no 장 (U+C7A5) in font [lmroman10-regular]:+tlig;!
Missing character: There is no 기 (U+AE30) in font [lmroman10-regular]:+tlig;!
Missing character: There is no 본 (U+BCF8) in font [lmroman10-regular]:+tlig;!
Missing character: There is no 적 (U+C801) in font [lmroman10-regular]:+tlig;!
Missing character: There is no 인 (U+C778) in font [lmroman10-regular]:+tlig;!
Missing character: There is no 정 (U+C815) in font [lmroman10-regular]:+tlig;!
Missing character: There is no 렬 (U+B82C) in font [lmroman10-regular]:+tlig;!
Missing character: There is no 알 (U+C54C) in font [lmroman10-regular]:+tlig;!
Missing character: There is no 고 (U+ACE0) in font [lmroman10-regular]:+tlig;!
Missing character: There is no 리 (U+B9AC) in font [lmroman10-regular]:+tlig;!
Missing character: There is no 즘 (U+C998) in font [lmroman10-regular]:+tlig;!
Missing character: There is no 중 (U+C911) in font [lmroman10-regular]:+tlig;!
Missing character: There is no 하 (U+D558) in font [lmroman10-regular]:+tlig;!
Missing character: There is no 나 (U+B098) in font [lmroman10-regular]:+tlig;!
Missing character: There is no 이 (U+C774) in font [lmroman10-regular]:+tlig;!
Missing character: There is no 며 (U+BA70) in font [lmroman10-regular]:+tlig;!
Missing character: There is no 점 (U+C810) in font [lmroman10-bold]:+tlig;!
Missing character: There is no 진 (U+C9C4) in font [lmroman10-bold]:+tlig;!
Missing character: There is no 적 (U+C801) in font [lmroman10-bold]:+tlig;!
Missing character: There is no 알 (U+C54C) in font [lmroman10-bold]:+tlig;!
Missing character: There is no 고 (U+ACE0) in font [lmroman10-bold]:+tlig;!
Missing character: There is no 리 (U+B9AC) in font [lmroman10-bold]:+tlig;!
Missing character: There is no 즘 (U+C998) in font [lmroman10-bold]:+tlig;!
Missing character: There is no 의 (U+C758) in font [lmroman10-regular]:+tlig;!
Missing character: There is no 대 (U+B300) in font [lmroman10-regular]:+tlig;!
Missing character: There is no 표 (U+D45C) in font [lmroman10-regular]:+tlig;!
Missing character: There is no 적 (U+C801) in font [lmroman10-regular]:+tlig;!
Missing character: There is no 인 (U+C778) in font [lmroman10-regular]:+tlig;!
Missing character: There is no 예 (U+C608) in font [lmroman10-regular]:+tlig;!
Missing character: There is no 시 (U+C2DC) in font [lmroman10-regular]:+tlig;!
Missing character: There is no 로 (U+B85C) in font [lmroman10-regular]:+tlig;!
Missing character: There is no 자 (U+C790) in font [lmroman10-regular]:+tlig;!
Missing character: There is no 주 (U+C8FC) in font [lmroman10-regular]:+tlig;!
Missing character: There is no 소 (U+C18C) in font [lmroman10-regular]:+tlig;!
Missing character: There is no 개 (U+AC1C) in font [lmroman10-regular]:+tlig;!
Missing character: There is no 된 (U+B41C) in font [lmroman10-regular]:+tlig;!
Missing character: There is no 다 (U+B2E4) in font [lmroman10-regular]:+tlig;!
Missing character: There is no 는 (U+B294) in font [lmroman10-regular]:+tlig;!
Missing character: There is no 가 (U+AC00) in font [lmroman10-regular]:+tlig;!
Missing character: There is no 장 (U+C7A5) in font [lmroman10-regular]:+tlig;!
Missing character: There is no 기 (U+AE30) in font [lmroman10-regular]:+tlig;!
Missing character: There is no 본 (U+BCF8) in font [lmroman10-regular]:+tlig;!
Missing character: There is no 적 (U+C801) in font [lmroman10-regular]:+tlig;!
Missing character: There is no 인 (U+C778) in font [lmroman10-regular]:+tlig;!
Missing character: There is no 정 (U+C815) in font [lmroman10-regular]:+tlig;!
Missing character: There is no 렬 (U+B82C) in font [lmroman10-regular]:+tlig;!
Missing character: There is no 알 (U+C54C) in font [lmroman10-regular]:+tlig;!
Missing character: There is no 고 (U+ACE0) in font [lmroman10-regular]:+tlig;!
Missing character: There is no 리 (U+B9AC) in font [lmroman10-regular]:+tlig;!
Missing character: There is no 즘 (U+C998) in font [lmroman10-regular]:+tlig;!
Missing character: There is no 중 (U+C911) in font [lmroman10-regular]:+tlig;!
Missing character: There is no 하 (U+D558) in font [lmroman10-regular]:+tlig;!
Missing character: There is no 나 (U+B098) in font [lmroman10-regular]:+tlig;!
Missing character: There is no 이 (U+C774) in font [lmroman10-regular]:+tlig;!
Missing character: There is no 며 (U+BA70) in font [lmroman10-regular]:+tlig;!
Missing character: There is no 점 (U+C810) in font [lmroman10-bold]:+tlig;!
Missing character: There is no 진 (U+C9C4) in font [lmroman10-bold]:+tlig;!
Missing character: There is no 적 (U+C801) in font [lmroman10-bold]:+tlig;!
Missing character: There is no 알 (U+C54C) in font [lmroman10-bold]:+tlig;!
Missing character: There is no 고 (U+ACE0) in font [lmroman10-bold]:+tlig;!
Missing character: There is no 리 (U+B9AC) in font [lmroman10-bold]:+tlig;!
Missing character: There is no 즘 (U+C998) in font [lmroman10-bold]:+tlig;!
Missing character: There is no 의 (U+C758) in font [lmroman10-regular]:+tlig;!
Missing character: There is no 대 (U+B300) in font [lmroman10-regular]:+tlig;!
Missing character: There is no 표 (U+D45C) in font [lmroman10-regular]:+tlig;!
Missing character: There is no 적 (U+C801) in font [lmroman10-regular]:+tlig;!
Missing character: There is no 인 (U+C778) in font [lmroman10-regular]:+tlig;!
Missing character: There is no 예 (U+C608) in font [lmroman10-regular]:+tlig;!
Missing character: There is no 시 (U+C2DC) in font [lmroman10-regular]:+tlig;!
Missing character: There is no 로 (U+B85C) in font [lmroman10-regular]:+tlig;!
Missing character: There is no 자 (U+C790) in font [lmroman10-regular]:+tlig;!
Missing character: There is no 주 (U+C8FC) in font [lmroman10-regular]:+tlig;!
Missing character: There is no 소 (U+C18C) in font [lmroman10-regular]:+tlig;!
Missing character: There is no 개 (U+AC1C) in font [lmroman10-regular]:+tlig;!
Missing character: There is no 된 (U+B41C) in font [lmroman10-regular]:+tlig;!
Missing character: There is no 다 (U+B2E4) in font [lmroman10-regular]:+tlig;!
Missing character: There is no 를 (U+B97C) in font [lmroman10-regular]:+tlig;!
Missing character: There is no 이 (U+C774) in font [lmroman10-regular]:+tlig;!
Missing character: There is no 라 (U+B77C) in font [lmroman10-regular]:+tlig;!
Missing character: There is no 고 (U+ACE0) in font [lmroman10-regular]:+tlig;!
Missing character: There is no 부 (U+BD80) in font [lmroman10-regular]:+tlig;!
Missing character: There is no 르 (U+B974) in font [lmroman10-regular]:+tlig;!
Missing character: There is no 는 (U+B294) in font [lmroman10-regular]:+tlig;!
Missing character: There is no 이 (U+C774) in font [lmroman10-regular]:+tlig;!
Missing character: There is no 유 (U+C720) in font [lmroman10-regular]:+tlig;!
Missing character: There is no 는 (U+B294) in font [lmroman10-regular]:+tlig;!
Missing character: There is no 각 (U+AC01) in font [lmroman10-regular]:+tlig;!
Missing character: There is no 단 (U+B2E8) in font [lmroman10-regular]:+tlig;!
Missing character: There is no 계 (U+ACC4) in font [lmroman10-regular]:+tlig;!
Missing character: There is no 에 (U+C5D0) in font [lmroman10-regular]:+tlig;!
Missing character: There is no 서 (U+C11C) in font [lmroman10-regular]:+tlig;!
Missing character: There is no 이 (U+C774) in font [lmroman10-regular]:+tlig;!
Missing character: There is no 미 (U+BBF8) in font [lmroman10-regular]:+tlig;!
Missing character: There is no 해 (U+D574) in font [lmroman10-regular]:+tlig;!
Missing character: There is no 결 (U+ACB0) in font [lmroman10-regular]:+tlig;!
Missing character: There is no 된 (U+B41C) in font [lmroman10-regular]:+tlig;!
Missing character: There is no 작 (U+C791) in font [lmroman10-regular]:+tlig;!
Missing character: There is no 은 (U+C740) in font [lmroman10-regular]:+tlig;!
Missing character: There is no 문 (U+BB38) in font [lmroman10-regular]:+tlig;!
Missing character: There is no 제 (U+C81C) in font [lmroman10-regular]:+tlig;!
Missing character: There is no 의 (U+C758) in font [lmroman10-regular]:+tlig;!
Missing character: There is no 해 (U+D574) in font [lmroman10-regular]:+tlig;!
Missing character: There is no 를 (U+B97C) in font [lmroman10-regular]:+tlig;!
Missing character: There is no 바 (U+BC14) in font [lmroman10-regular]:+tlig;!
Missing character: There is no 탕 (U+D0D5) in font [lmroman10-regular]:+tlig;!
Missing character: There is no 으 (U+C73C) in font [lmroman10-regular]:+tlig;!
Missing character: There is no 로 (U+B85C) in font [lmroman10-regular]:+tlig;!
Missing character: There is no 다 (U+B2E4) in font [lmroman10-regular]:+tlig;!
Missing character: There is no 음 (U+C74C) in font [lmroman10-regular]:+tlig;!
Missing character: There is no 단 (U+B2E8) in font [lmroman10-regular]:+tlig;!
Missing character: There is no 계 (U+ACC4) in font [lmroman10-regular]:+tlig;!
Missing character: There is no 의 (U+C758) in font [lmroman10-regular]:+tlig;!
Missing character: There is no 해 (U+D574) in font [lmroman10-regular]:+tlig;!
Missing character: There is no 를 (U+B97C) in font [lmroman10-regular]:+tlig;!
Missing character: There is no 만 (U+B9CC) in font [lmroman10-regular]:+tlig;!
Missing character: There is no 들 (U+B4E4) in font [lmroman10-regular]:+tlig;!
Missing character: There is no 기 (U+AE30) in font [lmroman10-regular]:+tlig;!
Missing character: There is no 때 (U+B54C) in font [lmroman10-regular]:+tlig;!
Missing character: There is no 문 (U+BB38) in font [lmroman10-regular]:+tlig;!
Missing character: There is no 이 (U+C774) in font [lmroman10-regular]:+tlig;!
Missing character: There is no 다 (U+B2E4) in font [lmroman10-regular]:+tlig;!
Missing character: There is no 를 (U+B97C) in font [lmroman10-regular]:+tlig;!
Missing character: There is no 이 (U+C774) in font [lmroman10-regular]:+tlig;!
Missing character: There is no 라 (U+B77C) in font [lmroman10-regular]:+tlig;!
Missing character: There is no 고 (U+ACE0) in font [lmroman10-regular]:+tlig;!
Missing character: There is no 부 (U+BD80) in font [lmroman10-regular]:+tlig;!
Missing character: There is no 르 (U+B974) in font [lmroman10-regular]:+tlig;!
Missing character: There is no 는 (U+B294) in font [lmroman10-regular]:+tlig;!
Missing character: There is no 이 (U+C774) in font [lmroman10-regular]:+tlig;!
Missing character: There is no 유 (U+C720) in font [lmroman10-regular]:+tlig;!
Missing character: There is no 는 (U+B294) in font [lmroman10-regular]:+tlig;!
Missing character: There is no 각 (U+AC01) in font [lmroman10-regular]:+tlig;!
Missing character: There is no 단 (U+B2E8) in font [lmroman10-regular]:+tlig;!
Missing character: There is no 계 (U+ACC4) in font [lmroman10-regular]:+tlig;!
Missing character: There is no 에 (U+C5D0) in font [lmroman10-regular]:+tlig;!
Missing character: There is no 서 (U+C11C) in font [lmroman10-regular]:+tlig;!
Missing character: There is no 이 (U+C774) in font [lmroman10-regular]:+tlig;!
Missing character: There is no 미 (U+BBF8) in font [lmroman10-regular]:+tlig;!
Missing character: There is no 해 (U+D574) in font [lmroman10-regular]:+tlig;!
Missing character: There is no 결 (U+ACB0) in font [lmroman10-regular]:+tlig;!
Missing character: There is no 된 (U+B41C) in font [lmroman10-regular]:+tlig;!
Missing character: There is no 작 (U+C791) in font [lmroman10-regular]:+tlig;!
Missing character: There is no 은 (U+C740) in font [lmroman10-regular]:+tlig;!
Missing character: There is no 문 (U+BB38) in font [lmroman10-regular]:+tlig;!
Missing character: There is no 제 (U+C81C) in font [lmroman10-regular]:+tlig;!
Missing character: There is no 의 (U+C758) in font [lmroman10-regular]:+tlig;!
Missing character: There is no 해 (U+D574) in font [lmroman10-regular]:+tlig;!
Missing character: There is no 를 (U+B97C) in font [lmroman10-regular]:+tlig;!
Missing character: There is no 바 (U+BC14) in font [lmroman10-regular]:+tlig;!
Missing character: There is no 탕 (U+D0D5) in font [lmroman10-regular]:+tlig;!
Missing character: There is no 으 (U+C73C) in font [lmroman10-regular]:+tlig;!
Missing character: There is no 로 (U+B85C) in font [lmroman10-regular]:+tlig;!
Missing character: There is no 다 (U+B2E4) in font [lmroman10-regular]:+tlig;!
Missing character: There is no 음 (U+C74C) in font [lmroman10-regular]:+tlig;!
Missing character: There is no 단 (U+B2E8) in font [lmroman10-regular]:+tlig;!
Missing character: There is no 계 (U+ACC4) in font [lmroman10-regular]:+tlig;!
Missing character: There is no 의 (U+C758) in font [lmroman10-regular]:+tlig;!
Missing character: There is no 해 (U+D574) in font [lmroman10-regular]:+tlig;!
Missing character: There is no 를 (U+B97C) in font [lmroman10-regular]:+tlig;!
Missing character: There is no 만 (U+B9CC) in font [lmroman10-regular]:+tlig;!
Missing character: There is no 들 (U+B4E4) in font [lmroman10-regular]:+tlig;!
Missing character: There is no 기 (U+AE30) in font [lmroman10-regular]:+tlig;!
Missing character: There is no 때 (U+B54C) in font [lmroman10-regular]:+tlig;!
Missing character: There is no 문 (U+BB38) in font [lmroman10-regular]:+tlig;!
Missing character: There is no 이 (U+C774) in font [lmroman10-regular]:+tlig;!
Missing character: There is no 다 (U+B2E4) in font [lmroman10-regular]:+tlig;!
Missing character: There is no 를 (U+B97C) in font [lmroman10-regular]:+tlig;!
Missing character: There is no 이 (U+C774) in font [lmroman10-regular]:+tlig;!
Missing character: There is no 라 (U+B77C) in font [lmroman10-regular]:+tlig;!
Missing character: There is no 고 (U+ACE0) in font [lmroman10-regular]:+tlig;!
Missing character: There is no 부 (U+BD80) in font [lmroman10-regular]:+tlig;!
Missing character: There is no 르 (U+B974) in font [lmroman10-regular]:+tlig;!
Missing character: There is no 는 (U+B294) in font [lmroman10-regular]:+tlig;!
Missing character: There is no 이 (U+C774) in font [lmroman10-regular]:+tlig;!
Missing character: There is no 유 (U+C720) in font [lmroman10-regular]:+tlig;!
Missing character: There is no 는 (U+B294) in font [lmroman10-regular]:+tlig;!
Missing character: There is no 각 (U+AC01) in font [lmroman10-regular]:+tlig;!
Missing character: There is no 단 (U+B2E8) in font [lmroman10-regular]:+tlig;!
Missing character: There is no 계 (U+ACC4) in font [lmroman10-regular]:+tlig;!
Missing character: There is no 에 (U+C5D0) in font [lmroman10-regular]:+tlig;!
Missing character: There is no 서 (U+C11C) in font [lmroman10-regular]:+tlig;!
Missing character: There is no 이 (U+C774) in font [lmroman10-regular]:+tlig;!
Missing character: There is no 미 (U+BBF8) in font [lmroman10-regular]:+tlig;!
Missing character: There is no 해 (U+D574) in font [lmroman10-regular]:+tlig;!
Missing character: There is no 결 (U+ACB0) in font [lmroman10-regular]:+tlig;!
Missing character: There is no 된 (U+B41C) in font [lmroman10-regular]:+tlig;!
Missing character: There is no 작 (U+C791) in font [lmroman10-regular]:+tlig;!
Missing character: There is no 은 (U+C740) in font [lmroman10-regular]:+tlig;!
Missing character: There is no 문 (U+BB38) in font [lmroman10-regular]:+tlig;!
Missing character: There is no 제 (U+C81C) in font [lmroman10-regular]:+tlig;!
Missing character: There is no 의 (U+C758) in font [lmroman10-regular]:+tlig;!
Missing character: There is no 해 (U+D574) in font [lmroman10-regular]:+tlig;!
Missing character: There is no 를 (U+B97C) in font [lmroman10-regular]:+tlig;!
Missing character: There is no 바 (U+BC14) in font [lmroman10-regular]:+tlig;!
Missing character: There is no 탕 (U+D0D5) in font [lmroman10-regular]:+tlig;!
Missing character: There is no 으 (U+C73C) in font [lmroman10-regular]:+tlig;!
Missing character: There is no 로 (U+B85C) in font [lmroman10-regular]:+tlig;!
Missing character: There is no 다 (U+B2E4) in font [lmroman10-regular]:+tlig;!
Missing character: There is no 음 (U+C74C) in font [lmroman10-regular]:+tlig;!
Missing character: There is no 단 (U+B2E8) in font [lmroman10-regular]:+tlig;!
Missing character: There is no 계 (U+ACC4) in font [lmroman10-regular]:+tlig;!
Missing character: There is no 의 (U+C758) in font [lmroman10-regular]:+tlig;!
Missing character: There is no 해 (U+D574) in font [lmroman10-regular]:+tlig;!
Missing character: There is no 를 (U+B97C) in font [lmroman10-regular]:+tlig;!
Missing character: There is no 만 (U+B9CC) in font [lmroman10-regular]:+tlig;!
Missing character: There is no 들 (U+B4E4) in font [lmroman10-regular]:+tlig;!
Missing character: There is no 기 (U+AE30) in font [lmroman10-regular]:+tlig;!
Missing character: There is no 때 (U+B54C) in font [lmroman10-regular]:+tlig;!
Missing character: There is no 문 (U+BB38) in font [lmroman10-regular]:+tlig;!
Missing character: There is no 이 (U+C774) in font [lmroman10-regular]:+tlig;!
Missing character: There is no 다 (U+B2E4) in font [lmroman10-regular]:+tlig;!
Missing character: There is no 를 (U+B97C) in font [lmroman10-regular]:+tlig;!
Missing character: There is no 이 (U+C774) in font [lmroman10-regular]:+tlig;!
Missing character: There is no 라 (U+B77C) in font [lmroman10-regular]:+tlig;!
Missing character: There is no 고 (U+ACE0) in font [lmroman10-regular]:+tlig;!
Missing character: There is no 부 (U+BD80) in font [lmroman10-regular]:+tlig;!
Missing character: There is no 르 (U+B974) in font [lmroman10-regular]:+tlig;!
Missing character: There is no 는 (U+B294) in font [lmroman10-regular]:+tlig;!
Missing character: There is no 이 (U+C774) in font [lmroman10-regular]:+tlig;!
Missing character: There is no 유 (U+C720) in font [lmroman10-regular]:+tlig;!
Missing character: There is no 는 (U+B294) in font [lmroman10-regular]:+tlig;!
Missing character: There is no 각 (U+AC01) in font [lmroman10-regular]:+tlig;!
Missing character: There is no 단 (U+B2E8) in font [lmroman10-regular]:+tlig;!
Missing character: There is no 계 (U+ACC4) in font [lmroman10-regular]:+tlig;!
Missing character: There is no 에 (U+C5D0) in font [lmroman10-regular]:+tlig;!
Missing character: There is no 서 (U+C11C) in font [lmroman10-regular]:+tlig;!
Missing character: There is no 이 (U+C774) in font [lmroman10-regular]:+tlig;!
Missing character: There is no 미 (U+BBF8) in font [lmroman10-regular]:+tlig;!
Missing character: There is no 해 (U+D574) in font [lmroman10-regular]:+tlig;!
Missing character: There is no 결 (U+ACB0) in font [lmroman10-regular]:+tlig;!
Missing character: There is no 된 (U+B41C) in font [lmroman10-regular]:+tlig;!
Missing character: There is no 작 (U+C791) in font [lmroman10-regular]:+tlig;!
Missing character: There is no 은 (U+C740) in font [lmroman10-regular]:+tlig;!
Missing character: There is no 문 (U+BB38) in font [lmroman10-regular]:+tlig;!
Missing character: There is no 제 (U+C81C) in font [lmroman10-regular]:+tlig;!
Missing character: There is no 의 (U+C758) in font [lmroman10-regular]:+tlig;!
Missing character: There is no 해 (U+D574) in font [lmroman10-regular]:+tlig;!
Missing character: There is no 를 (U+B97C) in font [lmroman10-regular]:+tlig;!
Missing character: There is no 바 (U+BC14) in font [lmroman10-regular]:+tlig;!
Missing character: There is no 탕 (U+D0D5) in font [lmroman10-regular]:+tlig;!
Missing character: There is no 으 (U+C73C) in font [lmroman10-regular]:+tlig;!
Missing character: There is no 로 (U+B85C) in font [lmroman10-regular]:+tlig;!
Missing character: There is no 다 (U+B2E4) in font [lmroman10-regular]:+tlig;!
Missing character: There is no 음 (U+C74C) in font [lmroman10-regular]:+tlig;!
Missing character: There is no 단 (U+B2E8) in font [lmroman10-regular]:+tlig;!
Missing character: There is no 계 (U+ACC4) in font [lmroman10-regular]:+tlig;!
Missing character: There is no 의 (U+C758) in font [lmroman10-regular]:+tlig;!
Missing character: There is no 해 (U+D574) in font [lmroman10-regular]:+tlig;!
Missing character: There is no 를 (U+B97C) in font [lmroman10-regular]:+tlig;!
Missing character: There is no 만 (U+B9CC) in font [lmroman10-regular]:+tlig;!
Missing character: There is no 들 (U+B4E4) in font [lmroman10-regular]:+tlig;!
Missing character: There is no 기 (U+AE30) in font [lmroman10-regular]:+tlig;!
Missing character: There is no 때 (U+B54C) in font [lmroman10-regular]:+tlig;!
Missing character: There is no 문 (U+BB38) in font [lmroman10-regular]:+tlig;!
Missing character: There is no 이 (U+C774) in font [lmroman10-regular]:+tlig;!
Missing character: There is no 다 (U+B2E4) in font [lmroman10-regular]:+tlig;!

Underfull \hbox (badness 10000) in paragraph at lines 207--210

 []

Missing character: There is no 각 (U+AC01) in font [lmroman10-regular]:+tlig;!
Missing character: There is no 반 (U+BC18) in font [lmroman10-regular]:+tlig;!
Missing character: There is no 복 (U+BCF5) in font [lmroman10-regular]:+tlig;!
Missing character: There is no 단 (U+B2E8) in font [lmroman10-regular]:+tlig;!
Missing character: There is no 계 (U+ACC4) in font [lmroman10-regular]:+tlig;!
Missing character: There is no 에 (U+C5D0) in font [lmroman10-regular]:+tlig;!
Missing character: There is no 서 (U+C11C) in font [lmroman10-regular]:+tlig;!
Missing character: There is no 알 (U+C54C) in font [lmroman10-regular]:+tlig;!
Missing character: There is no 고 (U+ACE0) in font [lmroman10-regular]:+tlig;!
Missing character: There is no 리 (U+B9AC) in font [lmroman10-regular]:+tlig;!
Missing character: There is no 즘 (U+C998) in font [lmroman10-regular]:+tlig;!
Missing character: There is no 은 (U+C740) in font [lmroman10-regular]:+tlig;!
Missing character: There is no 다 (U+B2E4) in font [lmroman10-regular]:+tlig;!
Missing character: There is no 음 (U+C74C) in font [lmroman10-regular]:+tlig;!
Missing character: There is no 과 (U+ACFC) in font [lmroman10-regular]:+tlig;!
Missing character: There is no 같 (U+AC19) in font [lmroman10-regular]:+tlig;!
Missing character: There is no 이 (U+C774) in font [lmroman10-regular]:+tlig;!
Missing character: There is no 생 (U+C0DD) in font [lmroman10-regular]:+tlig;!
Missing character: There is no 각 (U+AC01) in font [lmroman10-regular]:+tlig;!
Missing character: There is no 한 (U+D55C) in font [lmroman10-regular]:+tlig;!
Missing character: There is no 다 (U+B2E4) in font [lmroman10-regular]:+tlig;!
Missing character: There is no 각 (U+AC01) in font [lmroman10-regular]:+tlig;!
Missing character: There is no 반 (U+BC18) in font [lmroman10-regular]:+tlig;!
Missing character: There is no 복 (U+BCF5) in font [lmroman10-regular]:+tlig;!
Missing character: There is no 단 (U+B2E8) in font [lmroman10-regular]:+tlig;!
Missing character: There is no 계 (U+ACC4) in font [lmroman10-regular]:+tlig;!
Missing character: There is no 에 (U+C5D0) in font [lmroman10-regular]:+tlig;!
Missing character: There is no 서 (U+C11C) in font [lmroman10-regular]:+tlig;!
Missing character: There is no 알 (U+C54C) in font [lmroman10-regular]:+tlig;!
Missing character: There is no 고 (U+ACE0) in font [lmroman10-regular]:+tlig;!
Missing character: There is no 리 (U+B9AC) in font [lmroman10-regular]:+tlig;!
Missing character: There is no 즘 (U+C998) in font [lmroman10-regular]:+tlig;!
Missing character: There is no 은 (U+C740) in font [lmroman10-regular]:+tlig;!
Missing character: There is no 다 (U+B2E4) in font [lmroman10-regular]:+tlig;!
Missing character: There is no 음 (U+C74C) in font [lmroman10-regular]:+tlig;!
Missing character: There is no 과 (U+ACFC) in font [lmroman10-regular]:+tlig;!
Missing character: There is no 같 (U+AC19) in font [lmroman10-regular]:+tlig;!
Missing character: There is no 이 (U+C774) in font [lmroman10-regular]:+tlig;!
Missing character: There is no 생 (U+C0DD) in font [lmroman10-regular]:+tlig;!
Missing character: There is no 각 (U+AC01) in font [lmroman10-regular]:+tlig;!
Missing character: There is no 한 (U+D55C) in font [lmroman10-regular]:+tlig;!
Missing character: There is no 다 (U+B2E4) in font [lmroman10-regular]:+tlig;!
Missing character: There is no 각 (U+AC01) in font [lmroman10-regular]:+tlig;!
Missing character: There is no 반 (U+BC18) in font [lmroman10-regular]:+tlig;!
Missing character: There is no 복 (U+BCF5) in font [lmroman10-regular]:+tlig;!
Missing character: There is no 단 (U+B2E8) in font [lmroman10-regular]:+tlig;!
Missing character: There is no 계 (U+ACC4) in font [lmroman10-regular]:+tlig;!
Missing character: There is no 에 (U+C5D0) in font [lmroman10-regular]:+tlig;!
Missing character: There is no 서 (U+C11C) in font [lmroman10-regular]:+tlig;!
Missing character: There is no 알 (U+C54C) in font [lmroman10-regular]:+tlig;!
Missing character: There is no 고 (U+ACE0) in font [lmroman10-regular]:+tlig;!
Missing character: There is no 리 (U+B9AC) in font [lmroman10-regular]:+tlig;!
Missing character: There is no 즘 (U+C998) in font [lmroman10-regular]:+tlig;!
Missing character: There is no 은 (U+C740) in font [lmroman10-regular]:+tlig;!
Missing character: There is no 다 (U+B2E4) in font [lmroman10-regular]:+tlig;!
Missing character: There is no 음 (U+C74C) in font [lmroman10-regular]:+tlig;!
Missing character: There is no 과 (U+ACFC) in font [lmroman10-regular]:+tlig;!
Missing character: There is no 같 (U+AC19) in font [lmroman10-regular]:+tlig;!
Missing character: There is no 이 (U+C774) in font [lmroman10-regular]:+tlig;!
Missing character: There is no 생 (U+C0DD) in font [lmroman10-regular]:+tlig;!
Missing character: There is no 각 (U+AC01) in font [lmroman10-regular]:+tlig;!
Missing character: There is no 한 (U+D55C) in font [lmroman10-regular]:+tlig;!
Missing character: There is no 다 (U+B2E4) in font [lmroman10-regular]:+tlig;!
Missing character: There is no 각 (U+AC01) in font [lmroman10-regular]:+tlig;!
Missing character: There is no 반 (U+BC18) in font [lmroman10-regular]:+tlig;!
Missing character: There is no 복 (U+BCF5) in font [lmroman10-regular]:+tlig;!
Missing character: There is no 단 (U+B2E8) in font [lmroman10-regular]:+tlig;!
Missing character: There is no 계 (U+ACC4) in font [lmroman10-regular]:+tlig;!
Missing character: There is no 에 (U+C5D0) in font [lmroman10-regular]:+tlig;!
Missing character: There is no 서 (U+C11C) in font [lmroman10-regular]:+tlig;!
Missing character: There is no 알 (U+C54C) in font [lmroman10-regular]:+tlig;!
Missing character: There is no 고 (U+ACE0) in font [lmroman10-regular]:+tlig;!
Missing character: There is no 리 (U+B9AC) in font [lmroman10-regular]:+tlig;!
Missing character: There is no 즘 (U+C998) in font [lmroman10-regular]:+tlig;!
Missing character: There is no 은 (U+C740) in font [lmroman10-regular]:+tlig;!
Missing character: There is no 다 (U+B2E4) in font [lmroman10-regular]:+tlig;!
Missing character: There is no 음 (U+C74C) in font [lmroman10-regular]:+tlig;!
Missing character: There is no 과 (U+ACFC) in font [lmroman10-regular]:+tlig;!
Missing character: There is no 같 (U+AC19) in font [lmroman10-regular]:+tlig;!
Missing character: There is no 이 (U+C774) in font [lmroman10-regular]:+tlig;!
Missing character: There is no 생 (U+C0DD) in font [lmroman10-regular]:+tlig;!
Missing character: There is no 각 (U+AC01) in font [lmroman10-regular]:+tlig;!
Missing character: There is no 한 (U+D55C) in font [lmroman10-regular]:+tlig;!
Missing character: There is no 다 (U+B2E4) in font [lmroman10-regular]:+tlig;!

Underfull \hbox (badness 10000) in paragraph at lines 211--212

 []

Missing character: There is no 현 (U+D604) in font [lmroman10-regular]:+tlig;!
Missing character: There is no 재 (U+C7AC) in font [lmroman10-regular]:+tlig;!
Missing character: There is no 은 (U+C740) in font [lmroman10-regular]:+tlig;!
Missing character: There is no 이 (U+C774) in font [lmroman10-regular]:+tlig;!
Missing character: There is no 미 (U+BBF8) in font [lmroman10-regular]:+tlig;!
Missing character: There is no 정 (U+C815) in font [lmroman10-regular]:+tlig;!
Missing character: There is no 렬 (U+B82C) in font [lmroman10-regular]:+tlig;!
Missing character: There is no 되 (U+B418) in font [lmroman10-regular]:+tlig;!
Missing character: There is no 어 (U+C5B4) in font [lmroman10-regular]:+tlig;!
Missing character: There is no 있 (U+C788) in font [lmroman10-regular]:+tlig;!
Missing character: There is no 다 (U+B2E4) in font [lmroman10-regular]:+tlig;!
Missing character: There is no 이 (U+C774) in font [lmroman10-regular]:+tlig;!
Missing character: There is no 제 (U+C81C) in font [lmroman10-regular]:+tlig;!
Missing character: There is no 새 (U+C0C8) in font [lmroman10-regular]:+tlig;!
Missing character: There is no 로 (U+B85C) in font [lmroman10-regular]:+tlig;!
Missing character: There is no 운 (U+C6B4) in font [lmroman10-regular]:+tlig;!
Missing character: There is no 원 (U+C6D0) in font [lmroman10-regular]:+tlig;!
Missing character: There is no 소 (U+C18C) in font [lmroman10-regular]:+tlig;!
Missing character: There is no 를 (U+B97C) in font [lmroman10-regular]:+tlig;!
Missing character: There is no 그 (U+ADF8) in font [lmroman10-regular]:+tlig;!
Missing character: There is no 정 (U+C815) in font [lmroman10-regular]:+tlig;!
Missing character: There is no 렬 (U+B82C) in font [lmroman10-regular]:+tlig;!
Missing character: There is no 된 (U+B41C) in font [lmroman10-regular]:+tlig;!
Missing character: There is no 구 (U+AD6C) in font [lmroman10-regular]:+tlig;!
Missing character: There is no 간 (U+AC04) in font [lmroman10-regular]:+tlig;!
Missing character: There is no 안 (U+C548) in font [lmroman10-regular]:+tlig;!
Missing character: There is no 의 (U+C758) in font [lmroman10-regular]:+tlig;!
Missing character: There is no 적 (U+C801) in font [lmroman10-regular]:+tlig;!
Missing character: There is no 절 (U+C808) in font [lmroman10-regular]:+tlig;!
Missing character: There is no 한 (U+D55C) in font [lmroman10-regular]:+tlig;!
Missing character: There is no 위 (U+C704) in font [lmroman10-regular]:+tlig;!
Missing character: There is no 치 (U+CE58) in font [lmroman10-regular]:+tlig;!
Missing character: There is no 에 (U+C5D0) in font [lmroman10-regular]:+tlig;!
Missing character: There is no 넣 (U+B123) in font [lmroman10-regular]:+tlig;!
Missing character: There is no 는 (U+B294) in font [lmroman10-regular]:+tlig;!
Missing character: There is no 다 (U+B2E4) in font [lmroman10-regular]:+tlig;!
Missing character: There is no 그 (U+ADF8) in font [lmroman10-regular]:+tlig;!
Missing character: There is no 러 (U+B7EC) in font [lmroman10-regular]:+tlig;!
Missing character: There is no 면 (U+BA74) in font [lmroman10-regular]:+tlig;!
Missing character: There is no 도 (U+B3C4) in font [lmroman10-regular]:+tlig;!
Missing character: There is no 정 (U+C815) in font [lmroman10-regular]:+tlig;!
Missing character: There is no 렬 (U+B82C) in font [lmroman10-regular]:+tlig;!
Missing character: There is no 된 (U+B41C) in font [lmroman10-regular]:+tlig;!
Missing character: There is no 다 (U+B2E4) in font [lmroman10-regular]:+tlig;!
Missing character: There is no 즉 (U+C989) in font [lmroman10-regular]:+tlig;!
Missing character: There is no 정 (U+C815) in font [lmroman10-regular]:+tlig;!
Missing character: There is no 렬 (U+B82C) in font [lmroman10-regular]:+tlig;!
Missing character: There is no 은 (U+C740) in font [lmroman10-regular]:+tlig;!
Missing character: There is no 다 (U+B2E4) in font [lmroman10-regular]:+tlig;!
Missing character: There is no 음 (U+C74C) in font [lmroman10-regular]:+tlig;!
Missing character: There is no 과 (U+ACFC) in font [lmroman10-regular]:+tlig;!
Missing character: There is no 같 (U+AC19) in font [lmroman10-regular]:+tlig;!
Missing character: There is no 은 (U+C740) in font [lmroman10-regular]:+tlig;!
Missing character: There is no 순 (U+C21C) in font [lmroman10-regular]:+tlig;!
Missing character: There is no 서 (U+C11C) in font [lmroman10-regular]:+tlig;!
Missing character: There is no 로 (U+B85C) in font [lmroman10-regular]:+tlig;!
Missing character: There is no 점 (U+C810) in font [lmroman10-regular]:+tlig;!
Missing character: There is no 점 (U+C810) in font [lmroman10-regular]:+tlig;!
Missing character: There is no 확 (U+D655) in font [lmroman10-regular]:+tlig;!
Missing character: There is no 장 (U+C7A5) in font [lmroman10-regular]:+tlig;!
Missing character: There is no 된 (U+B41C) in font [lmroman10-regular]:+tlig;!
Missing character: There is no 다 (U+B2E4) in font [lmroman10-regular]:+tlig;!
Missing character: There is no 현 (U+D604) in font [lmroman10-regular]:+tlig;!
Missing character: There is no 재 (U+C7AC) in font [lmroman10-regular]:+tlig;!
Missing character: There is no 은 (U+C740) in font [lmroman10-regular]:+tlig;!
Missing character: There is no 이 (U+C774) in font [lmroman10-regular]:+tlig;!
Missing character: There is no 미 (U+BBF8) in font [lmroman10-regular]:+tlig;!
Missing character: There is no 정 (U+C815) in font [lmroman10-regular]:+tlig;!
Missing character: There is no 렬 (U+B82C) in font [lmroman10-regular]:+tlig;!
Missing character: There is no 되 (U+B418) in font [lmroman10-regular]:+tlig;!
Missing character: There is no 어 (U+C5B4) in font [lmroman10-regular]:+tlig;!
Missing character: There is no 있 (U+C788) in font [lmroman10-regular]:+tlig;!
Missing character: There is no 다 (U+B2E4) in font [lmroman10-regular]:+tlig;!
Missing character: There is no 이 (U+C774) in font [lmroman10-regular]:+tlig;!
Missing character: There is no 제 (U+C81C) in font [lmroman10-regular]:+tlig;!
Missing character: There is no 새 (U+C0C8) in font [lmroman10-regular]:+tlig;!
Missing character: There is no 로 (U+B85C) in font [lmroman10-regular]:+tlig;!
Missing character: There is no 운 (U+C6B4) in font [lmroman10-regular]:+tlig;!
Missing character: There is no 원 (U+C6D0) in font [lmroman10-regular]:+tlig;!
Missing character: There is no 소 (U+C18C) in font [lmroman10-regular]:+tlig;!
Missing character: There is no 를 (U+B97C) in font [lmroman10-regular]:+tlig;!
Missing character: There is no 그 (U+ADF8) in font [lmroman10-regular]:+tlig;!
Missing character: There is no 정 (U+C815) in font [lmroman10-regular]:+tlig;!
Missing character: There is no 렬 (U+B82C) in font [lmroman10-regular]:+tlig;!
Missing character: There is no 된 (U+B41C) in font [lmroman10-regular]:+tlig;!
Missing character: There is no 구 (U+AD6C) in font [lmroman10-regular]:+tlig;!
Missing character: There is no 간 (U+AC04) in font [lmroman10-regular]:+tlig;!
Missing character: There is no 안 (U+C548) in font [lmroman10-regular]:+tlig;!
Missing character: There is no 의 (U+C758) in font [lmroman10-regular]:+tlig;!
Missing character: There is no 적 (U+C801) in font [lmroman10-regular]:+tlig;!
Missing character: There is no 절 (U+C808) in font [lmroman10-regular]:+tlig;!
Missing character: There is no 한 (U+D55C) in font [lmroman10-regular]:+tlig;!
Missing character: There is no 위 (U+C704) in font [lmroman10-regular]:+tlig;!
Missing character: There is no 치 (U+CE58) in font [lmroman10-regular]:+tlig;!
Missing character: There is no 에 (U+C5D0) in font [lmroman10-regular]:+tlig;!
Missing character: There is no 넣 (U+B123) in font [lmroman10-regular]:+tlig;!
Missing character: There is no 는 (U+B294) in font [lmroman10-regular]:+tlig;!
Missing character: There is no 다 (U+B2E4) in font [lmroman10-regular]:+tlig;!
Missing character: There is no 그 (U+ADF8) in font [lmroman10-regular]:+tlig;!
Missing character: There is no 러 (U+B7EC) in font [lmroman10-regular]:+tlig;!
Missing character: There is no 면 (U+BA74) in font [lmroman10-regular]:+tlig;!
Missing character: There is no 도 (U+B3C4) in font [lmroman10-regular]:+tlig;!
Missing character: There is no 정 (U+C815) in font [lmroman10-regular]:+tlig;!
Missing character: There is no 렬 (U+B82C) in font [lmroman10-regular]:+tlig;!
Missing character: There is no 된 (U+B41C) in font [lmroman10-regular]:+tlig;!
Missing character: There is no 다 (U+B2E4) in font [lmroman10-regular]:+tlig;!
Missing character: There is no 즉 (U+C989) in font [lmroman10-regular]:+tlig;!
Missing character: There is no 정 (U+C815) in font [lmroman10-regular]:+tlig;!
Missing character: There is no 렬 (U+B82C) in font [lmroman10-regular]:+tlig;!
Missing character: There is no 은 (U+C740) in font [lmroman10-regular]:+tlig;!
Missing character: There is no 다 (U+B2E4) in font [lmroman10-regular]:+tlig;!
Missing character: There is no 음 (U+C74C) in font [lmroman10-regular]:+tlig;!
Missing character: There is no 과 (U+ACFC) in font [lmroman10-regular]:+tlig;!
Missing character: There is no 같 (U+AC19) in font [lmroman10-regular]:+tlig;!
Missing character: There is no 은 (U+C740) in font [lmroman10-regular]:+tlig;!
Missing character: There is no 순 (U+C21C) in font [lmroman10-regular]:+tlig;!
Missing character: There is no 서 (U+C11C) in font [lmroman10-regular]:+tlig;!
Missing character: There is no 로 (U+B85C) in font [lmroman10-regular]:+tlig;!
Missing character: There is no 점 (U+C810) in font [lmroman10-regular]:+tlig;!
Missing character: There is no 점 (U+C810) in font [lmroman10-regular]:+tlig;!
Missing character: There is no 확 (U+D655) in font [lmroman10-regular]:+tlig;!
Missing character: There is no 장 (U+C7A5) in font [lmroman10-regular]:+tlig;!
Missing character: There is no 된 (U+B41C) in font [lmroman10-regular]:+tlig;!
Missing character: There is no 다 (U+B2E4) in font [lmroman10-regular]:+tlig;!
Missing character: There is no 현 (U+D604) in font [lmroman10-regular]:+tlig;!
Missing character: There is no 재 (U+C7AC) in font [lmroman10-regular]:+tlig;!
Missing character: There is no 은 (U+C740) in font [lmroman10-regular]:+tlig;!
Missing character: There is no 이 (U+C774) in font [lmroman10-regular]:+tlig;!
Missing character: There is no 미 (U+BBF8) in font [lmroman10-regular]:+tlig;!
Missing character: There is no 정 (U+C815) in font [lmroman10-regular]:+tlig;!
Missing character: There is no 렬 (U+B82C) in font [lmroman10-regular]:+tlig;!
Missing character: There is no 되 (U+B418) in font [lmroman10-regular]:+tlig;!
Missing character: There is no 어 (U+C5B4) in font [lmroman10-regular]:+tlig;!
Missing character: There is no 있 (U+C788) in font [lmroman10-regular]:+tlig;!
Missing character: There is no 다 (U+B2E4) in font [lmroman10-regular]:+tlig;!
Missing character: There is no 이 (U+C774) in font [lmroman10-regular]:+tlig;!
Missing character: There is no 제 (U+C81C) in font [lmroman10-regular]:+tlig;!
Missing character: There is no 새 (U+C0C8) in font [lmroman10-regular]:+tlig;!
Missing character: There is no 로 (U+B85C) in font [lmroman10-regular]:+tlig;!
Missing character: There is no 운 (U+C6B4) in font [lmroman10-regular]:+tlig;!
Missing character: There is no 원 (U+C6D0) in font [lmroman10-regular]:+tlig;!
Missing character: There is no 소 (U+C18C) in font [lmroman10-regular]:+tlig;!
Missing character: There is no 를 (U+B97C) in font [lmroman10-regular]:+tlig;!
Missing character: There is no 그 (U+ADF8) in font [lmroman10-regular]:+tlig;!
Missing character: There is no 정 (U+C815) in font [lmroman10-regular]:+tlig;!
Missing character: There is no 렬 (U+B82C) in font [lmroman10-regular]:+tlig;!
Missing character: There is no 된 (U+B41C) in font [lmroman10-regular]:+tlig;!
Missing character: There is no 구 (U+AD6C) in font [lmroman10-regular]:+tlig;!
Missing character: There is no 간 (U+AC04) in font [lmroman10-regular]:+tlig;!
Missing character: There is no 안 (U+C548) in font [lmroman10-regular]:+tlig;!
Missing character: There is no 의 (U+C758) in font [lmroman10-regular]:+tlig;!
Missing character: There is no 적 (U+C801) in font [lmroman10-regular]:+tlig;!
Missing character: There is no 절 (U+C808) in font [lmroman10-regular]:+tlig;!
Missing character: There is no 한 (U+D55C) in font [lmroman10-regular]:+tlig;!
Missing character: There is no 위 (U+C704) in font [lmroman10-regular]:+tlig;!
Missing character: There is no 치 (U+CE58) in font [lmroman10-regular]:+tlig;!
Missing character: There is no 에 (U+C5D0) in font [lmroman10-regular]:+tlig;!
Missing character: There is no 넣 (U+B123) in font [lmroman10-regular]:+tlig;!
Missing character: There is no 는 (U+B294) in font [lmroman10-regular]:+tlig;!
Missing character: There is no 다 (U+B2E4) in font [lmroman10-regular]:+tlig;!
Missing character: There is no 그 (U+ADF8) in font [lmroman10-regular]:+tlig;!
Missing character: There is no 러 (U+B7EC) in font [lmroman10-regular]:+tlig;!
Missing character: There is no 면 (U+BA74) in font [lmroman10-regular]:+tlig;!
Missing character: There is no 도 (U+B3C4) in font [lmroman10-regular]:+tlig;!
Missing character: There is no 정 (U+C815) in font [lmroman10-regular]:+tlig;!
Missing character: There is no 렬 (U+B82C) in font [lmroman10-regular]:+tlig;!
Missing character: There is no 된 (U+B41C) in font [lmroman10-regular]:+tlig;!
Missing character: There is no 다 (U+B2E4) in font [lmroman10-regular]:+tlig;!
Missing character: There is no 즉 (U+C989) in font [lmroman10-regular]:+tlig;!
Missing character: There is no 정 (U+C815) in font [lmroman10-regular]:+tlig;!
Missing character: There is no 렬 (U+B82C) in font [lmroman10-regular]:+tlig;!
Missing character: There is no 은 (U+C740) in font [lmroman10-regular]:+tlig;!
Missing character: There is no 다 (U+B2E4) in font [lmroman10-regular]:+tlig;!
Missing character: There is no 음 (U+C74C) in font [lmroman10-regular]:+tlig;!
Missing character: There is no 과 (U+ACFC) in font [lmroman10-regular]:+tlig;!
Missing character: There is no 같 (U+AC19) in font [lmroman10-regular]:+tlig;!
Missing character: There is no 은 (U+C740) in font [lmroman10-regular]:+tlig;!
Missing character: There is no 순 (U+C21C) in font [lmroman10-regular]:+tlig;!
Missing character: There is no 서 (U+C11C) in font [lmroman10-regular]:+tlig;!
Missing character: There is no 로 (U+B85C) in font [lmroman10-regular]:+tlig;!
Missing character: There is no 점 (U+C810) in font [lmroman10-regular]:+tlig;!
Missing character: There is no 점 (U+C810) in font [lmroman10-regular]:+tlig;!
Missing character: There is no 확 (U+D655) in font [lmroman10-regular]:+tlig;!
Missing character: There is no 장 (U+C7A5) in font [lmroman10-regular]:+tlig;!
Missing character: There is no 된 (U+B41C) in font [lmroman10-regular]:+tlig;!
Missing character: There is no 다 (U+B2E4) in font [lmroman10-regular]:+tlig;!
Missing character: There is no 현 (U+D604) in font [lmroman10-regular]:+tlig;!
Missing character: There is no 재 (U+C7AC) in font [lmroman10-regular]:+tlig;!
Missing character: There is no 은 (U+C740) in font [lmroman10-regular]:+tlig;!
Missing character: There is no 이 (U+C774) in font [lmroman10-regular]:+tlig;!
Missing character: There is no 미 (U+BBF8) in font [lmroman10-regular]:+tlig;!
Missing character: There is no 정 (U+C815) in font [lmroman10-regular]:+tlig;!
Missing character: There is no 렬 (U+B82C) in font [lmroman10-regular]:+tlig;!
Missing character: There is no 되 (U+B418) in font [lmroman10-regular]:+tlig;!
Missing character: There is no 어 (U+C5B4) in font [lmroman10-regular]:+tlig;!
Missing character: There is no 있 (U+C788) in font [lmroman10-regular]:+tlig;!
Missing character: There is no 다 (U+B2E4) in font [lmroman10-regular]:+tlig;!
Missing character: There is no 이 (U+C774) in font [lmroman10-regular]:+tlig;!
Missing character: There is no 제 (U+C81C) in font [lmroman10-regular]:+tlig;!
Missing character: There is no 새 (U+C0C8) in font [lmroman10-regular]:+tlig;!
Missing character: There is no 로 (U+B85C) in font [lmroman10-regular]:+tlig;!
Missing character: There is no 운 (U+C6B4) in font [lmroman10-regular]:+tlig;!
Missing character: There is no 원 (U+C6D0) in font [lmroman10-regular]:+tlig;!
Missing character: There is no 소 (U+C18C) in font [lmroman10-regular]:+tlig;!
Missing character: There is no 를 (U+B97C) in font [lmroman10-regular]:+tlig;!
Missing character: There is no 그 (U+ADF8) in font [lmroman10-regular]:+tlig;!
Missing character: There is no 정 (U+C815) in font [lmroman10-regular]:+tlig;!
Missing character: There is no 렬 (U+B82C) in font [lmroman10-regular]:+tlig;!
Missing character: There is no 된 (U+B41C) in font [lmroman10-regular]:+tlig;!
Missing character: There is no 구 (U+AD6C) in font [lmroman10-regular]:+tlig;!
Missing character: There is no 간 (U+AC04) in font [lmroman10-regular]:+tlig;!
Missing character: There is no 안 (U+C548) in font [lmroman10-regular]:+tlig;!
Missing character: There is no 의 (U+C758) in font [lmroman10-regular]:+tlig;!
Missing character: There is no 적 (U+C801) in font [lmroman10-regular]:+tlig;!
Missing character: There is no 절 (U+C808) in font [lmroman10-regular]:+tlig;!
Missing character: There is no 한 (U+D55C) in font [lmroman10-regular]:+tlig;!
Missing character: There is no 위 (U+C704) in font [lmroman10-regular]:+tlig;!
Missing character: There is no 치 (U+CE58) in font [lmroman10-regular]:+tlig;!
Missing character: There is no 에 (U+C5D0) in font [lmroman10-regular]:+tlig;!
Missing character: There is no 넣 (U+B123) in font [lmroman10-regular]:+tlig;!
Missing character: There is no 는 (U+B294) in font [lmroman10-regular]:+tlig;!
Missing character: There is no 다 (U+B2E4) in font [lmroman10-regular]:+tlig;!
Missing character: There is no 그 (U+ADF8) in font [lmroman10-regular]:+tlig;!
Missing character: There is no 러 (U+B7EC) in font [lmroman10-regular]:+tlig;!
Missing character: There is no 면 (U+BA74) in font [lmroman10-regular]:+tlig;!
Missing character: There is no 도 (U+B3C4) in font [lmroman10-regular]:+tlig;!
Missing character: There is no 정 (U+C815) in font [lmroman10-regular]:+tlig;!
Missing character: There is no 렬 (U+B82C) in font [lmroman10-regular]:+tlig;!
Missing character: There is no 된 (U+B41C) in font [lmroman10-regular]:+tlig;!
Missing character: There is no 다 (U+B2E4) in font [lmroman10-regular]:+tlig;!
Missing character: There is no 즉 (U+C989) in font [lmroman10-regular]:+tlig;!
Missing character: There is no 정 (U+C815) in font [lmroman10-regular]:+tlig;!
Missing character: There is no 렬 (U+B82C) in font [lmroman10-regular]:+tlig;!
Missing character: There is no 은 (U+C740) in font [lmroman10-regular]:+tlig;!
Missing character: There is no 다 (U+B2E4) in font [lmroman10-regular]:+tlig;!
Missing character: There is no 음 (U+C74C) in font [lmroman10-regular]:+tlig;!
Missing character: There is no 과 (U+ACFC) in font [lmroman10-regular]:+tlig;!
Missing character: There is no 같 (U+AC19) in font [lmroman10-regular]:+tlig;!
Missing character: There is no 은 (U+C740) in font [lmroman10-regular]:+tlig;!
Missing character: There is no 순 (U+C21C) in font [lmroman10-regular]:+tlig;!
Missing character: There is no 서 (U+C11C) in font [lmroman10-regular]:+tlig;!
Missing character: There is no 로 (U+B85C) in font [lmroman10-regular]:+tlig;!
Missing character: There is no 점 (U+C810) in font [lmroman10-regular]:+tlig;!
Missing character: There is no 점 (U+C810) in font [lmroman10-regular]:+tlig;!
Missing character: There is no 확 (U+D655) in font [lmroman10-regular]:+tlig;!
Missing character: There is no 장 (U+C7A5) in font [lmroman10-regular]:+tlig;!
Missing character: There is no 된 (U+B41C) in font [lmroman10-regular]:+tlig;!
Missing character: There is no 다 (U+B2E4) in font [lmroman10-regular]:+tlig;!

Underfull \hbox (badness 10000) in paragraph at lines 213--217

 []

Missing character: There is no 길 (U+AE38) in font [lmroman10-regular]:+tlig;!
Missing character: There is no 이 (U+C774) in font [lmroman10-regular]:+tlig;!
Missing character: There is no 의 (U+C758) in font [lmroman10-regular]:+tlig;!
Missing character: There is no 정 (U+C815) in font [lmroman10-regular]:+tlig;!
Missing character: There is no 렬 (U+B82C) in font [lmroman10-regular]:+tlig;!
Missing character: There is no 된 (U+B41C) in font [lmroman10-regular]:+tlig;!
Missing character: There is no 배 (U+BC30) in font [lmroman10-regular]:+tlig;!
Missing character: There is no 열 (U+C5F4) in font [lmroman10-regular]:+tlig;!
Missing character: There is no 길 (U+AE38) in font [lmroman10-regular]:+tlig;!
Missing character: There is no 이 (U+C774) in font [lmroman10-regular]:+tlig;!
Missing character: There is no 의 (U+C758) in font [lmroman10-regular]:+tlig;!
Missing character: There is no 정 (U+C815) in font [lmroman10-regular]:+tlig;!
Missing character: There is no 렬 (U+B82C) in font [lmroman10-regular]:+tlig;!
Missing character: There is no 된 (U+B41C) in font [lmroman10-regular]:+tlig;!
Missing character: There is no 배 (U+BC30) in font [lmroman10-regular]:+tlig;!
Missing character: There is no 열 (U+C5F4) in font [lmroman10-regular]:+tlig;!
Missing character: There is no 길 (U+AE38) in font [lmroman10-regular]:+tlig;!
Missing character: There is no 이 (U+C774) in font [lmroman10-regular]:+tlig;!
Missing character: There is no 의 (U+C758) in font [lmroman10-regular]:+tlig;!
Missing character: There is no 정 (U+C815) in font [lmroman10-regular]:+tlig;!
Missing character: There is no 렬 (U+B82C) in font [lmroman10-regular]:+tlig;!
Missing character: There is no 된 (U+B41C) in font [lmroman10-regular]:+tlig;!
Missing character: There is no 배 (U+BC30) in font [lmroman10-regular]:+tlig;!
Missing character: There is no 열 (U+C5F4) in font [lmroman10-regular]:+tlig;!
Missing character: There is no 길 (U+AE38) in font [lmroman10-regular]:+tlig;!
Missing character: There is no 이 (U+C774) in font [lmroman10-regular]:+tlig;!
Missing character: There is no 의 (U+C758) in font [lmroman10-regular]:+tlig;!
Missing character: There is no 정 (U+C815) in font [lmroman10-regular]:+tlig;!
Missing character: There is no 렬 (U+B82C) in font [lmroman10-regular]:+tlig;!
Missing character: There is no 된 (U+B41C) in font [lmroman10-regular]:+tlig;!
Missing character: There is no 배 (U+BC30) in font [lmroman10-regular]:+tlig;!
Missing character: There is no 열 (U+C5F4) in font [lmroman10-regular]:+tlig;!
Missing character: There is no 길 (U+AE38) in font [lmroman10-regular]:+tlig;!
Missing character: There is no 이 (U+C774) in font [lmroman10-regular]:+tlig;!
Missing character: There is no 의 (U+C758) in font [lmroman10-regular]:+tlig;!
Missing character: There is no 정 (U+C815) in font [lmroman10-regular]:+tlig;!
Missing character: There is no 렬 (U+B82C) in font [lmroman10-regular]:+tlig;!
Missing character: There is no 된 (U+B41C) in font [lmroman10-regular]:+tlig;!
Missing character: There is no 배 (U+BC30) in font [lmroman10-regular]:+tlig;!
Missing character: There is no 열 (U+C5F4) in font [lmroman10-regular]:+tlig;!
Missing character: There is no 길 (U+AE38) in font [lmroman10-regular]:+tlig;!
Missing character: There is no 이 (U+C774) in font [lmroman10-regular]:+tlig;!
Missing character: There is no 의 (U+C758) in font [lmroman10-regular]:+tlig;!
Missing character: There is no 정 (U+C815) in font [lmroman10-regular]:+tlig;!
Missing character: There is no 렬 (U+B82C) in font [lmroman10-regular]:+tlig;!
Missing character: There is no 된 (U+B41C) in font [lmroman10-regular]:+tlig;!
Missing character: There is no 배 (U+BC30) in font [lmroman10-regular]:+tlig;!
Missing character: There is no 열 (U+C5F4) in font [lmroman10-regular]:+tlig;!
Missing character: There is no 길 (U+AE38) in font [lmroman10-regular]:+tlig;!
Missing character: There is no 이 (U+C774) in font [lmroman10-regular]:+tlig;!
Missing character: There is no 의 (U+C758) in font [lmroman10-regular]:+tlig;!
Missing character: There is no 정 (U+C815) in font [lmroman10-regular]:+tlig;!
Missing character: There is no 렬 (U+B82C) in font [lmroman10-regular]:+tlig;!
Missing character: There is no 된 (U+B41C) in font [lmroman10-regular]:+tlig;!
Missing character: There is no 배 (U+BC30) in font [lmroman10-regular]:+tlig;!
Missing character: There is no 열 (U+C5F4) in font [lmroman10-regular]:+tlig;!
Missing character: There is no 길 (U+AE38) in font [lmroman10-regular]:+tlig;!
Missing character: There is no 이 (U+C774) in font [lmroman10-regular]:+tlig;!
Missing character: There is no 의 (U+C758) in font [lmroman10-regular]:+tlig;!
Missing character: There is no 정 (U+C815) in font [lmroman10-regular]:+tlig;!
Missing character: There is no 렬 (U+B82C) in font [lmroman10-regular]:+tlig;!
Missing character: There is no 된 (U+B41C) in font [lmroman10-regular]:+tlig;!
Missing character: There is no 배 (U+BC30) in font [lmroman10-regular]:+tlig;!
Missing character: There is no 열 (U+C5F4) in font [lmroman10-regular]:+tlig;!
Missing character: There is no 길 (U+AE38) in font [lmroman10-regular]:+tlig;!
Missing character: There is no 이 (U+C774) in font [lmroman10-regular]:+tlig;!
Missing character: There is no 의 (U+C758) in font [lmroman10-regular]:+tlig;!
Missing character: There is no 정 (U+C815) in font [lmroman10-regular]:+tlig;!
Missing character: There is no 렬 (U+B82C) in font [lmroman10-regular]:+tlig;!
Missing character: There is no 된 (U+B41C) in font [lmroman10-regular]:+tlig;!
Missing character: There is no 배 (U+BC30) in font [lmroman10-regular]:+tlig;!
Missing character: There is no 열 (U+C5F4) in font [lmroman10-regular]:+tlig;!
Missing character: There is no 길 (U+AE38) in font [lmroman10-regular]:+tlig;!
Missing character: There is no 이 (U+C774) in font [lmroman10-regular]:+tlig;!
Missing character: There is no 의 (U+C758) in font [lmroman10-regular]:+tlig;!
Missing character: There is no 정 (U+C815) in font [lmroman10-regular]:+tlig;!
Missing character: There is no 렬 (U+B82C) in font [lmroman10-regular]:+tlig;!
Missing character: There is no 된 (U+B41C) in font [lmroman10-regular]:+tlig;!
Missing character: There is no 배 (U+BC30) in font [lmroman10-regular]:+tlig;!
Missing character: There is no 열 (U+C5F4) in font [lmroman10-regular]:+tlig;!
Missing character: There is no 길 (U+AE38) in font [lmroman10-regular]:+tlig;!
Missing character: There is no 이 (U+C774) in font [lmroman10-regular]:+tlig;!
Missing character: There is no 의 (U+C758) in font [lmroman10-regular]:+tlig;!
Missing character: There is no 정 (U+C815) in font [lmroman10-regular]:+tlig;!
Missing character: There is no 렬 (U+B82C) in font [lmroman10-regular]:+tlig;!
Missing character: There is no 된 (U+B41C) in font [lmroman10-regular]:+tlig;!
Missing character: There is no 배 (U+BC30) in font [lmroman10-regular]:+tlig;!
Missing character: There is no 열 (U+C5F4) in font [lmroman10-regular]:+tlig;!
Missing character: There is no 길 (U+AE38) in font [lmroman10-regular]:+tlig;!
Missing character: There is no 이 (U+C774) in font [lmroman10-regular]:+tlig;!
Missing character: There is no 의 (U+C758) in font [lmroman10-regular]:+tlig;!
Missing character: There is no 정 (U+C815) in font [lmroman10-regular]:+tlig;!
Missing character: There is no 렬 (U+B82C) in font [lmroman10-regular]:+tlig;!
Missing character: There is no 된 (U+B41C) in font [lmroman10-regular]:+tlig;!
Missing character: There is no 배 (U+BC30) in font [lmroman10-regular]:+tlig;!
Missing character: There is no 열 (U+C5F4) in font [lmroman10-regular]:+tlig;!
Missing character: There is no 길 (U+AE38) in font [lmroman10-regular]:+tlig;!
Missing character: There is no 이 (U+C774) in font [lmroman10-regular]:+tlig;!
Missing character: There is no 의 (U+C758) in font [lmroman10-regular]:+tlig;!
Missing character: There is no 정 (U+C815) in font [lmroman10-regular]:+tlig;!
Missing character: There is no 렬 (U+B82C) in font [lmroman10-regular]:+tlig;!
Missing character: There is no 된 (U+B41C) in font [lmroman10-regular]:+tlig;!
Missing character: There is no 배 (U+BC30) in font [lmroman10-regular]:+tlig;!
Missing character: There is no 열 (U+C5F4) in font [lmroman10-regular]:+tlig;!
Missing character: There is no 길 (U+AE38) in font [lmroman10-regular]:+tlig;!
Missing character: There is no 이 (U+C774) in font [lmroman10-regular]:+tlig;!
Missing character: There is no 의 (U+C758) in font [lmroman10-regular]:+tlig;!
Missing character: There is no 정 (U+C815) in font [lmroman10-regular]:+tlig;!
Missing character: There is no 렬 (U+B82C) in font [lmroman10-regular]:+tlig;!
Missing character: There is no 된 (U+B41C) in font [lmroman10-regular]:+tlig;!
Missing character: There is no 배 (U+BC30) in font [lmroman10-regular]:+tlig;!
Missing character: There is no 열 (U+C5F4) in font [lmroman10-regular]:+tlig;!
Missing character: There is no 길 (U+AE38) in font [lmroman10-regular]:+tlig;!
Missing character: There is no 이 (U+C774) in font [lmroman10-regular]:+tlig;!
Missing character: There is no 의 (U+C758) in font [lmroman10-regular]:+tlig;!
Missing character: There is no 정 (U+C815) in font [lmroman10-regular]:+tlig;!
Missing character: There is no 렬 (U+B82C) in font [lmroman10-regular]:+tlig;!
Missing character: There is no 된 (U+B41C) in font [lmroman10-regular]:+tlig;!
Missing character: There is no 배 (U+BC30) in font [lmroman10-regular]:+tlig;!
Missing character: There is no 열 (U+C5F4) in font [lmroman10-regular]:+tlig;!
Missing character: There is no 길 (U+AE38) in font [lmroman10-regular]:+tlig;!
Missing character: There is no 이 (U+C774) in font [lmroman10-regular]:+tlig;!
Missing character: There is no 의 (U+C758) in font [lmroman10-regular]:+tlig;!
Missing character: There is no 정 (U+C815) in font [lmroman10-regular]:+tlig;!
Missing character: There is no 렬 (U+B82C) in font [lmroman10-regular]:+tlig;!
Missing character: There is no 된 (U+B41C) in font [lmroman10-regular]:+tlig;!
Missing character: There is no 배 (U+BC30) in font [lmroman10-regular]:+tlig;!
Missing character: There is no 열 (U+C5F4) in font [lmroman10-regular]:+tlig;!

Underfull \hbox (badness 10000) in paragraph at lines 218--223

 []

Lua-only attribute luaul1 = 7
Missing character: There is no 이 (U+C774) in font [lmroman10-regular]:+tlig;!
Missing character: There is no 처 (U+CC98) in font [lmroman10-regular]:+tlig;!
Missing character: There is no 럼 (U+B7FC) in font [lmroman10-regular]:+tlig;!
Missing character: There is no 정 (U+C815) in font [lmroman10-regular]:+tlig;!
Missing character: There is no 렬 (U+B82C) in font [lmroman10-regular]:+tlig;!
Missing character: There is no 된 (U+B41C) in font [lmroman10-regular]:+tlig;!
Missing character: There is no 부 (U+BD80) in font [lmroman10-regular]:+tlig;!
Missing character: There is no 분 (U+BD84) in font [lmroman10-regular]:+tlig;!
Missing character: There is no 배 (U+BC30) in font [lmroman10-regular]:+tlig;!
Missing character: There is no 열 (U+C5F4) in font [lmroman10-regular]:+tlig;!
Missing character: There is no 을 (U+C744) in font [lmroman10-regular]:+tlig;!
Missing character: There is no 한 (U+D55C) in font [lmroman10-regular]:+tlig;!
Missing character: There is no 칸 (U+CE78) in font [lmroman10-regular]:+tlig;!
Missing character: There is no 씩 (U+C529) in font [lmroman10-regular]:+tlig;!
Missing character: There is no 확 (U+D655) in font [lmroman10-regular]:+tlig;!
Missing character: There is no 장 (U+C7A5) in font [lmroman10-regular]:+tlig;!
Missing character: There is no 한 (U+D55C) in font [lmroman10-regular]:+tlig;!
Missing character: There is no 다 (U+B2E4) in font [lmroman10-regular]:+tlig;!
Missing character: There is no 는 (U+B294) in font [lmroman10-regular]:+tlig;!
Missing character: There is no 점 (U+C810) in font [lmroman10-regular]:+tlig;!
Missing character: There is no 이 (U+C774) in font [lmroman10-regular]:+tlig;!
Missing character: There is no 바 (U+BC14) in font [lmroman10-regular]:+tlig;!
Missing character: There is no 로 (U+B85C) in font [lmroman10-regular]:+tlig;!
Missing character: There is no 의 (U+C758) in font [lmroman10-regular]:+tlig;!
Missing character: There is no 본 (U+BCF8) in font [lmroman10-regular]:+tlig;!
Missing character: There is no 질 (U+C9C8) in font [lmroman10-regular]:+tlig;!
Missing character: There is no 이 (U+C774) in font [lmroman10-regular]:+tlig;!
Missing character: There is no 다 (U+B2E4) in font [lmroman10-regular]:+tlig;!
Missing character: There is no 이 (U+C774) in font [lmroman10-regular]:+tlig;!
Missing character: There is no 처 (U+CC98) in font [lmroman10-regular]:+tlig;!
Missing character: There is no 럼 (U+B7FC) in font [lmroman10-regular]:+tlig;!
Missing character: There is no 정 (U+C815) in font [lmroman10-regular]:+tlig;!
Missing character: There is no 렬 (U+B82C) in font [lmroman10-regular]:+tlig;!
Missing character: There is no 된 (U+B41C) in font [lmroman10-regular]:+tlig;!
Missing character: There is no 부 (U+BD80) in font [lmroman10-regular]:+tlig;!
Missing character: There is no 분 (U+BD84) in font [lmroman10-regular]:+tlig;!
Missing character: There is no 배 (U+BC30) in font [lmroman10-regular]:+tlig;!
Missing character: There is no 열 (U+C5F4) in font [lmroman10-regular]:+tlig;!
Missing character: There is no 을 (U+C744) in font [lmroman10-regular]:+tlig;!
Missing character: There is no 한 (U+D55C) in font [lmroman10-regular]:+tlig;!
Missing character: There is no 칸 (U+CE78) in font [lmroman10-regular]:+tlig;!
Missing character: There is no 씩 (U+C529) in font [lmroman10-regular]:+tlig;!
Missing character: There is no 확 (U+D655) in font [lmroman10-regular]:+tlig;!
Missing character: There is no 장 (U+C7A5) in font [lmroman10-regular]:+tlig;!
Missing character: There is no 한 (U+D55C) in font [lmroman10-regular]:+tlig;!
Missing character: There is no 다 (U+B2E4) in font [lmroman10-regular]:+tlig;!
Missing character: There is no 는 (U+B294) in font [lmroman10-regular]:+tlig;!
Missing character: There is no 점 (U+C810) in font [lmroman10-regular]:+tlig;!
Missing character: There is no 이 (U+C774) in font [lmroman10-regular]:+tlig;!
Missing character: There is no 바 (U+BC14) in font [lmroman10-regular]:+tlig;!
Missing character: There is no 로 (U+B85C) in font [lmroman10-regular]:+tlig;!
Missing character: There is no 의 (U+C758) in font [lmroman10-regular]:+tlig;!
Missing character: There is no 본 (U+BCF8) in font [lmroman10-regular]:+tlig;!
Missing character: There is no 질 (U+C9C8) in font [lmroman10-regular]:+tlig;!
Missing character: There is no 이 (U+C774) in font [lmroman10-regular]:+tlig;!
Missing character: There is no 다 (U+B2E4) in font [lmroman10-regular]:+tlig;!
Missing character: There is no 이 (U+C774) in font [lmroman10-regular]:+tlig;!
Missing character: There is no 처 (U+CC98) in font [lmroman10-regular]:+tlig;!
Missing character: There is no 럼 (U+B7FC) in font [lmroman10-regular]:+tlig;!
Missing character: There is no 정 (U+C815) in font [lmroman10-regular]:+tlig;!
Missing character: There is no 렬 (U+B82C) in font [lmroman10-regular]:+tlig;!
Missing character: There is no 된 (U+B41C) in font [lmroman10-regular]:+tlig;!
Missing character: There is no 부 (U+BD80) in font [lmroman10-regular]:+tlig;!
Missing character: There is no 분 (U+BD84) in font [lmroman10-regular]:+tlig;!
Missing character: There is no 배 (U+BC30) in font [lmroman10-regular]:+tlig;!
Missing character: There is no 열 (U+C5F4) in font [lmroman10-regular]:+tlig;!
Missing character: There is no 을 (U+C744) in font [lmroman10-regular]:+tlig;!
Missing character: There is no 한 (U+D55C) in font [lmroman10-regular]:+tlig;!
Missing character: There is no 칸 (U+CE78) in font [lmroman10-regular]:+tlig;!
Missing character: There is no 씩 (U+C529) in font [lmroman10-regular]:+tlig;!
Missing character: There is no 확 (U+D655) in font [lmroman10-regular]:+tlig;!
Missing character: There is no 장 (U+C7A5) in font [lmroman10-regular]:+tlig;!
Missing character: There is no 한 (U+D55C) in font [lmroman10-regular]:+tlig;!
Missing character: There is no 다 (U+B2E4) in font [lmroman10-regular]:+tlig;!
Missing character: There is no 는 (U+B294) in font [lmroman10-regular]:+tlig;!
Missing character: There is no 점 (U+C810) in font [lmroman10-regular]:+tlig;!
Missing character: There is no 이 (U+C774) in font [lmroman10-regular]:+tlig;!
Missing character: There is no 바 (U+BC14) in font [lmroman10-regular]:+tlig;!
Missing character: There is no 로 (U+B85C) in font [lmroman10-regular]:+tlig;!
Missing character: There is no 의 (U+C758) in font [lmroman10-regular]:+tlig;!
Missing character: There is no 본 (U+BCF8) in font [lmroman10-regular]:+tlig;!
Missing character: There is no 질 (U+C9C8) in font [lmroman10-regular]:+tlig;!
Missing character: There is no 이 (U+C774) in font [lmroman10-regular]:+tlig;!
Missing character: There is no 다 (U+B2E4) in font [lmroman10-regular]:+tlig;!
Missing character: There is no 이 (U+C774) in font [lmroman10-regular]:+tlig;!
Missing character: There is no 처 (U+CC98) in font [lmroman10-regular]:+tlig;!
Missing character: There is no 럼 (U+B7FC) in font [lmroman10-regular]:+tlig;!
Missing character: There is no 정 (U+C815) in font [lmroman10-regular]:+tlig;!
Missing character: There is no 렬 (U+B82C) in font [lmroman10-regular]:+tlig;!
Missing character: There is no 된 (U+B41C) in font [lmroman10-regular]:+tlig;!
Missing character: There is no 부 (U+BD80) in font [lmroman10-regular]:+tlig;!
Missing character: There is no 분 (U+BD84) in font [lmroman10-regular]:+tlig;!
Missing character: There is no 배 (U+BC30) in font [lmroman10-regular]:+tlig;!
Missing character: There is no 열 (U+C5F4) in font [lmroman10-regular]:+tlig;!
Missing character: There is no 을 (U+C744) in font [lmroman10-regular]:+tlig;!
Missing character: There is no 한 (U+D55C) in font [lmroman10-regular]:+tlig;!
Missing character: There is no 칸 (U+CE78) in font [lmroman10-regular]:+tlig;!
Missing character: There is no 씩 (U+C529) in font [lmroman10-regular]:+tlig;!
Missing character: There is no 확 (U+D655) in font [lmroman10-regular]:+tlig;!
Missing character: There is no 장 (U+C7A5) in font [lmroman10-regular]:+tlig;!
Missing character: There is no 한 (U+D55C) in font [lmroman10-regular]:+tlig;!
Missing character: There is no 다 (U+B2E4) in font [lmroman10-regular]:+tlig;!
Missing character: There is no 는 (U+B294) in font [lmroman10-regular]:+tlig;!
Missing character: There is no 점 (U+C810) in font [lmroman10-regular]:+tlig;!
Missing character: There is no 이 (U+C774) in font [lmroman10-regular]:+tlig;!
Missing character: There is no 바 (U+BC14) in font [lmroman10-regular]:+tlig;!
Missing character: There is no 로 (U+B85C) in font [lmroman10-regular]:+tlig;!
Missing character: There is no 의 (U+C758) in font [lmroman10-regular]:+tlig;!
Missing character: There is no 본 (U+BCF8) in font [lmroman10-regular]:+tlig;!
Missing character: There is no 질 (U+C9C8) in font [lmroman10-regular]:+tlig;!
Missing character: There is no 이 (U+C774) in font [lmroman10-regular]:+tlig;!
Missing character: There is no 다 (U+B2E4) in font [lmroman10-regular]:+tlig;!

Underfull \hbox (badness 10000) in paragraph at lines 224--226

 []

Missing character: There is no 의 (U+C758) in font [lmroman10-regular]:+tlig;!
Missing character: There is no 핵 (U+D575) in font [lmroman10-regular]:+tlig;!
Missing character: There is no 심 (U+C2EC) in font [lmroman10-regular]:+tlig;!
Missing character: There is no 아 (U+C544) in font [lmroman10-regular]:+tlig;!
Missing character: There is no 이 (U+C774) in font [lmroman10-regular]:+tlig;!
Missing character: There is no 디 (U+B514) in font [lmroman10-regular]:+tlig;!
Missing character: There is no 어 (U+C5B4) in font [lmroman10-regular]:+tlig;!
Missing character: There is no 는 (U+B294) in font [lmroman10-regular]:+tlig;!
Missing character: There is no 다 (U+B2E4) in font [lmroman10-regular]:+tlig;!
Missing character: There is no 음 (U+C74C) in font [lmroman10-regular]:+tlig;!
Missing character: There is no 과 (U+ACFC) in font [lmroman10-regular]:+tlig;!
Missing character: There is no 같 (U+AC19) in font [lmroman10-regular]:+tlig;!
Missing character: There is no 다 (U+B2E4) in font [lmroman10-regular]:+tlig;!
Missing character: There is no 의 (U+C758) in font [lmroman10-regular]:+tlig;!
Missing character: There is no 핵 (U+D575) in font [lmroman10-regular]:+tlig;!
Missing character: There is no 심 (U+C2EC) in font [lmroman10-regular]:+tlig;!
Missing character: There is no 아 (U+C544) in font [lmroman10-regular]:+tlig;!
Missing character: There is no 이 (U+C774) in font [lmroman10-regular]:+tlig;!
Missing character: There is no 디 (U+B514) in font [lmroman10-regular]:+tlig;!
Missing character: There is no 어 (U+C5B4) in font [lmroman10-regular]:+tlig;!
Missing character: There is no 는 (U+B294) in font [lmroman10-regular]:+tlig;!
Missing character: There is no 다 (U+B2E4) in font [lmroman10-regular]:+tlig;!
Missing character: There is no 음 (U+C74C) in font [lmroman10-regular]:+tlig;!
Missing character: There is no 과 (U+ACFC) in font [lmroman10-regular]:+tlig;!
Missing character: There is no 같 (U+AC19) in font [lmroman10-regular]:+tlig;!
Missing character: There is no 다 (U+B2E4) in font [lmroman10-regular]:+tlig;!
(c:/Users/Rokei/AppData/Roaming/TinyTeX/texmf-dist/tex/latex/microtype/mt-TU-empty.cfg
File: mt-TU-empty.cfg 2021/06/22 v1.1 microtype config. file: fonts with nonstandard glyph set (RS)
)
Missing character: There is no 의 (U+C758) in font [lmroman10-regular]:+tlig;!
Missing character: There is no 핵 (U+D575) in font [lmroman10-regular]:+tlig;!
Missing character: There is no 심 (U+C2EC) in font [lmroman10-regular]:+tlig;!
Missing character: There is no 아 (U+C544) in font [lmroman10-regular]:+tlig;!
Missing character: There is no 이 (U+C774) in font [lmroman10-regular]:+tlig;!
Missing character: There is no 디 (U+B514) in font [lmroman10-regular]:+tlig;!
Missing character: There is no 어 (U+C5B4) in font [lmroman10-regular]:+tlig;!
Missing character: There is no 의 (U+C758) in font [lmroman10-regular]:+tlig;!
Missing character: There is no 핵 (U+D575) in font [lmroman10-regular]:+tlig;!
Missing character: There is no 심 (U+C2EC) in font [lmroman10-regular]:+tlig;!
Missing character: There is no 아 (U+C544) in font [lmroman10-regular]:+tlig;!
Missing character: There is no 이 (U+C774) in font [lmroman10-regular]:+tlig;!
Missing character: There is no 디 (U+B514) in font [lmroman10-regular]:+tlig;!
Missing character: There is no 어 (U+C5B4) in font [lmroman10-regular]:+tlig;!
Missing character: There is no 전 (U+C804) in font [lmroman10-regular]:+tlig;!
Missing character: There is no 체 (U+CCB4) in font [lmroman10-regular]:+tlig;!
Missing character: There is no 문 (U+BB38) in font [lmroman10-regular]:+tlig;!
Missing character: There is no 제 (U+C81C) in font [lmroman10-regular]:+tlig;!
Missing character: There is no 를 (U+B97C) in font [lmroman10-regular]:+tlig;!
Missing character: There is no 한 (U+D55C) in font [lmroman10-regular]:+tlig;!
Missing character: There is no 번 (U+BC88) in font [lmroman10-regular]:+tlig;!
Missing character: There is no 에 (U+C5D0) in font [lmroman10-regular]:+tlig;!
Missing character: There is no 해 (U+D574) in font [lmroman10-regular]:+tlig;!
Missing character: There is no 결 (U+ACB0) in font [lmroman10-regular]:+tlig;!
Missing character: There is no 하 (U+D558) in font [lmroman10-regular]:+tlig;!
Missing character: There is no 는 (U+B294) in font [lmroman10-regular]:+tlig;!
Missing character: There is no 대 (U+B300) in font [lmroman10-regular]:+tlig;!
Missing character: There is no 신 (U+C2E0) in font [lmroman10-regular]:+tlig;!
Missing character: There is no 이 (U+C774) in font [lmroman10-bold]:+tlig;!
Missing character: There is no 미 (U+BBF8) in font [lmroman10-bold]:+tlig;!
Missing character: There is no 해 (U+D574) in font [lmroman10-bold]:+tlig;!
Missing character: There is no 결 (U+ACB0) in font [lmroman10-bold]:+tlig;!
Missing character: There is no 된 (U+B41C) in font [lmroman10-bold]:+tlig;!
Missing character: There is no 더 (U+B354) in font [lmroman10-bold]:+tlig;!
Missing character: There is no 작 (U+C791) in font [lmroman10-bold]:+tlig;!
Missing character: There is no 은 (U+C740) in font [lmroman10-bold]:+tlig;!
Missing character: There is no 부 (U+BD80) in font [lmroman10-bold]:+tlig;!
Missing character: There is no 분 (U+BD84) in font [lmroman10-bold]:+tlig;!
Missing character: There is no 문 (U+BB38) in font [lmroman10-bold]:+tlig;!
Missing character: There is no 제 (U+C81C) in font [lmroman10-bold]:+tlig;!
Missing character: There is no 의 (U+C758) in font [lmroman10-bold]:+tlig;!
Missing character: There is no 해 (U+D574) in font [lmroman10-bold]:+tlig;!
Missing character: There is no 를 (U+B97C) in font [lmroman10-bold]:+tlig;!
Missing character: There is no 바 (U+BC14) in font [lmroman10-bold]:+tlig;!
Missing character: There is no 탕 (U+D0D5) in font [lmroman10-bold]:+tlig;!
Missing character: There is no 으 (U+C73C) in font [lmroman10-bold]:+tlig;!
Missing character: There is no 로 (U+B85C) in font [lmroman10-bold]:+tlig;!
Missing character: There is no 새 (U+C0C8) in font [lmroman10-bold]:+tlig;!
Missing character: There is no 로 (U+B85C) in font [lmroman10-bold]:+tlig;!
Missing character: There is no 운 (U+C6B4) in font [lmroman10-bold]:+tlig;!
Missing character: There is no 원 (U+C6D0) in font [lmroman10-bold]:+tlig;!
Missing character: There is no 소 (U+C18C) in font [lmroman10-bold]:+tlig;!
Missing character: There is no 를 (U+B97C) in font [lmroman10-bold]:+tlig;!
Missing character: There is no 하 (U+D558) in font [lmroman10-bold]:+tlig;!
Missing character: There is no 나 (U+B098) in font [lmroman10-bold]:+tlig;!
Missing character: There is no 씩 (U+C529) in font [lmroman10-bold]:+tlig;!
Missing character: There is no 추 (U+CD94) in font [lmroman10-bold]:+tlig;!
Missing character: There is no 가 (U+AC00) in font [lmroman10-bold]:+tlig;!
Missing character: There is no 하 (U+D558) in font [lmroman10-bold]:+tlig;!
Missing character: There is no 여 (U+C5EC) in font [lmroman10-bold]:+tlig;!
Missing character: There is no 전 (U+C804) in font [lmroman10-bold]:+tlig;!
Missing character: There is no 체 (U+CCB4) in font [lmroman10-bold]:+tlig;!
Missing character: There is no 해 (U+D574) in font [lmroman10-bold]:+tlig;!
Missing character: There is no 를 (U+B97C) in font [lmroman10-bold]:+tlig;!
Missing character: There is no 확 (U+D655) in font [lmroman10-bold]:+tlig;!
Missing character: There is no 장 (U+C7A5) in font [lmroman10-bold]:+tlig;!
Missing character: There is no 해 (U+D574) in font [lmroman10-bold]:+tlig;!
Missing character: There is no 나 (U+B098) in font [lmroman10-bold]:+tlig;!
Missing character: There is no 가 (U+AC00) in font [lmroman10-bold]:+tlig;!
Missing character: There is no 는 (U+B294) in font [lmroman10-bold]:+tlig;!
Missing character: There is no 방 (U+BC29) in font [lmroman10-bold]:+tlig;!
Missing character: There is no 식 (U+C2DD) in font [lmroman10-bold]:+tlig;!
Missing character: There is no 이 (U+C774) in font [lmroman10-regular]:+tlig;!
Missing character: There is no 다 (U+B2E4) in font [lmroman10-regular]:+tlig;!
Missing character: There is no 전 (U+C804) in font [lmroman10-regular]:+tlig;!
Missing character: There is no 체 (U+CCB4) in font [lmroman10-regular]:+tlig;!
Missing character: There is no 문 (U+BB38) in font [lmroman10-regular]:+tlig;!
Missing character: There is no 제 (U+C81C) in font [lmroman10-regular]:+tlig;!
Missing character: There is no 를 (U+B97C) in font [lmroman10-regular]:+tlig;!
Missing character: There is no 한 (U+D55C) in font [lmroman10-regular]:+tlig;!
Missing character: There is no 번 (U+BC88) in font [lmroman10-regular]:+tlig;!
Missing character: There is no 에 (U+C5D0) in font [lmroman10-regular]:+tlig;!
Missing character: There is no 해 (U+D574) in font [lmroman10-regular]:+tlig;!
Missing character: There is no 결 (U+ACB0) in font [lmroman10-regular]:+tlig;!
Missing character: There is no 하 (U+D558) in font [lmroman10-regular]:+tlig;!
Missing character: There is no 는 (U+B294) in font [lmroman10-regular]:+tlig;!
Missing character: There is no 대 (U+B300) in font [lmroman10-regular]:+tlig;!
Missing character: There is no 신 (U+C2E0) in font [lmroman10-regular]:+tlig;!
Missing character: There is no 이 (U+C774) in font [lmroman10-bold]:+tlig;!
Missing character: There is no 미 (U+BBF8) in font [lmroman10-bold]:+tlig;!
Missing character: There is no 해 (U+D574) in font [lmroman10-bold]:+tlig;!
Missing character: There is no 결 (U+ACB0) in font [lmroman10-bold]:+tlig;!
Missing character: There is no 된 (U+B41C) in font [lmroman10-bold]:+tlig;!
Missing character: There is no 더 (U+B354) in font [lmroman10-bold]:+tlig;!
Missing character: There is no 작 (U+C791) in font [lmroman10-bold]:+tlig;!
Missing character: There is no 은 (U+C740) in font [lmroman10-bold]:+tlig;!
Missing character: There is no 부 (U+BD80) in font [lmroman10-bold]:+tlig;!
Missing character: There is no 분 (U+BD84) in font [lmroman10-bold]:+tlig;!
Missing character: There is no 문 (U+BB38) in font [lmroman10-bold]:+tlig;!
Missing character: There is no 제 (U+C81C) in font [lmroman10-bold]:+tlig;!
Missing character: There is no 의 (U+C758) in font [lmroman10-bold]:+tlig;!
Missing character: There is no 해 (U+D574) in font [lmroman10-bold]:+tlig;!
Missing character: There is no 를 (U+B97C) in font [lmroman10-bold]:+tlig;!
Missing character: There is no 바 (U+BC14) in font [lmroman10-bold]:+tlig;!
Missing character: There is no 탕 (U+D0D5) in font [lmroman10-bold]:+tlig;!
Missing character: There is no 으 (U+C73C) in font [lmroman10-bold]:+tlig;!
Missing character: There is no 로 (U+B85C) in font [lmroman10-bold]:+tlig;!
Missing character: There is no 새 (U+C0C8) in font [lmroman10-bold]:+tlig;!
Missing character: There is no 로 (U+B85C) in font [lmroman10-bold]:+tlig;!
Missing character: There is no 운 (U+C6B4) in font [lmroman10-bold]:+tlig;!
Missing character: There is no 원 (U+C6D0) in font [lmroman10-bold]:+tlig;!
Missing character: There is no 소 (U+C18C) in font [lmroman10-bold]:+tlig;!
Missing character: There is no 를 (U+B97C) in font [lmroman10-bold]:+tlig;!
Missing character: There is no 하 (U+D558) in font [lmroman10-bold]:+tlig;!
Missing character: There is no 나 (U+B098) in font [lmroman10-bold]:+tlig;!
Missing character: There is no 씩 (U+C529) in font [lmroman10-bold]:+tlig;!
Missing character: There is no 추 (U+CD94) in font [lmroman10-bold]:+tlig;!
Missing character: There is no 가 (U+AC00) in font [lmroman10-bold]:+tlig;!
Missing character: There is no 하 (U+D558) in font [lmroman10-bold]:+tlig;!
Missing character: There is no 여 (U+C5EC) in font [lmroman10-bold]:+tlig;!
Missing character: There is no 전 (U+C804) in font [lmroman10-bold]:+tlig;!
Missing character: There is no 체 (U+CCB4) in font [lmroman10-bold]:+tlig;!
Missing character: There is no 해 (U+D574) in font [lmroman10-bold]:+tlig;!
Missing character: There is no 를 (U+B97C) in font [lmroman10-bold]:+tlig;!
Missing character: There is no 확 (U+D655) in font [lmroman10-bold]:+tlig;!
Missing character: There is no 장 (U+C7A5) in font [lmroman10-bold]:+tlig;!
Missing character: There is no 해 (U+D574) in font [lmroman10-bold]:+tlig;!
Missing character: There is no 나 (U+B098) in font [lmroman10-bold]:+tlig;!
Missing character: There is no 가 (U+AC00) in font [lmroman10-bold]:+tlig;!
Missing character: There is no 는 (U+B294) in font [lmroman10-bold]:+tlig;!
Missing character: There is no 방 (U+BC29) in font [lmroman10-bold]:+tlig;!
Missing character: There is no 식 (U+C2DD) in font [lmroman10-bold]:+tlig;!
Missing character: There is no 이 (U+C774) in font [lmroman10-regular]:+tlig;!
Missing character: There is no 다 (U+B2E4) in font [lmroman10-regular]:+tlig;!
Missing character: There is no 는 (U+B294) in font [lmroman10-regular]:+tlig;!
Missing character: There is no 바 (U+BC14) in font [lmroman10-regular]:+tlig;!
Missing character: There is no 로 (U+B85C) in font [lmroman10-regular]:+tlig;!
Missing character: There is no 이 (U+C774) in font [lmroman10-regular]:+tlig;!
Missing character: There is no 런 (U+B7F0) in font [lmroman10-regular]:+tlig;!
Missing character: There is no 방 (U+BC29) in font [lmroman10-regular]:+tlig;!
Missing character: There is no 식 (U+C2DD) in font [lmroman10-regular]:+tlig;!
Missing character: There is no 으 (U+C73C) in font [lmroman10-regular]:+tlig;!
Missing character: There is no 로 (U+B85C) in font [lmroman10-regular]:+tlig;!
Missing character: There is no 동 (U+B3D9) in font [lmroman10-regular]:+tlig;!
Missing character: There is no 작 (U+C791) in font [lmroman10-regular]:+tlig;!
Missing character: There is no 한 (U+D55C) in font [lmroman10-regular]:+tlig;!
Missing character: There is no 다 (U+B2E4) in font [lmroman10-regular]:+tlig;!
Missing character: There is no 즉 (U+C989) in font [lmroman10-regular]:+tlig;!
Missing character: There is no 이 (U+C774) in font [lmroman10-regular]:+tlig;!
Missing character: There is no 미 (U+BBF8) in font [lmroman10-regular]:+tlig;!
Missing character: There is no 정 (U+C815) in font [lmroman10-regular]:+tlig;!
Missing character: There is no 렬 (U+B82C) in font [lmroman10-regular]:+tlig;!
Missing character: There is no 된 (U+B41C) in font [lmroman10-regular]:+tlig;!
Missing character: There is no 부 (U+BD80) in font [lmroman10-regular]:+tlig;!
Missing character: There is no 분 (U+BD84) in font [lmroman10-regular]:+tlig;!
Missing character: There is no 배 (U+BC30) in font [lmroman10-regular]:+tlig;!
Missing character: There is no 열 (U+C5F4) in font [lmroman10-regular]:+tlig;!
Missing character: There is no 에 (U+C5D0) in font [lmroman10-regular]:+tlig;!
Missing character: There is no 새 (U+C0C8) in font [lmroman10-regular]:+tlig;!
Missing character: There is no 로 (U+B85C) in font [lmroman10-regular]:+tlig;!
Missing character: There is no 운 (U+C6B4) in font [lmroman10-regular]:+tlig;!
Missing character: There is no 원 (U+C6D0) in font [lmroman10-regular]:+tlig;!
Missing character: There is no 소 (U+C18C) in font [lmroman10-regular]:+tlig;!
Missing character: There is no 를 (U+B97C) in font [lmroman10-regular]:+tlig;!
Missing character: There is no 적 (U+C801) in font [lmroman10-regular]:+tlig;!
Missing character: There is no 절 (U+C808) in font [lmroman10-regular]:+tlig;!
Missing character: There is no 한 (U+D55C) in font [lmroman10-regular]:+tlig;!
Missing character: There is no 위 (U+C704) in font [lmroman10-regular]:+tlig;!
Missing character: There is no 치 (U+CE58) in font [lmroman10-regular]:+tlig;!
Missing character: There is no 에 (U+C5D0) in font [lmroman10-regular]:+tlig;!
Missing character: There is no 삽 (U+C0BD) in font [lmroman10-regular]:+tlig;!
Missing character: There is no 입 (U+C785) in font [lmroman10-regular]:+tlig;!
Missing character: There is no 하 (U+D558) in font [lmroman10-regular]:+tlig;!
Missing character: There is no 면 (U+BA74) in font [lmroman10-regular]:+tlig;!
Missing character: There is no 서 (U+C11C) in font [lmroman10-regular]:+tlig;!
Missing character: There is no 정 (U+C815) in font [lmroman10-regular]:+tlig;!
Missing character: There is no 렬 (U+B82C) in font [lmroman10-regular]:+tlig;!
Missing character: There is no 된 (U+B41C) in font [lmroman10-regular]:+tlig;!
Missing character: There is no 구 (U+AD6C) in font [lmroman10-regular]:+tlig;!
Missing character: There is no 간 (U+AC04) in font [lmroman10-regular]:+tlig;!
Missing character: There is no 을 (U+C744) in font [lmroman10-regular]:+tlig;!
Missing character: There is no 점 (U+C810) in font [lmroman10-regular]:+tlig;!
Missing character: There is no 점 (U+C810) in font [lmroman10-regular]:+tlig;!
Missing character: There is no 확 (U+D655) in font [lmroman10-regular]:+tlig;!
Missing character: There is no 장 (U+C7A5) in font [lmroman10-regular]:+tlig;!
Missing character: There is no 해 (U+D574) in font [lmroman10-regular]:+tlig;!
Missing character: There is no 나 (U+B098) in font [lmroman10-regular]:+tlig;!
Missing character: There is no 간 (U+AC04) in font [lmroman10-regular]:+tlig;!
Missing character: There is no 다 (U+B2E4) in font [lmroman10-regular]:+tlig;!
Missing character: There is no 는 (U+B294) in font [lmroman10-regular]:+tlig;!
Missing character: There is no 바 (U+BC14) in font [lmroman10-regular]:+tlig;!
Missing character: There is no 로 (U+B85C) in font [lmroman10-regular]:+tlig;!
Missing character: There is no 이 (U+C774) in font [lmroman10-regular]:+tlig;!
Missing character: There is no 런 (U+B7F0) in font [lmroman10-regular]:+tlig;!
Missing character: There is no 방 (U+BC29) in font [lmroman10-regular]:+tlig;!
Missing character: There is no 식 (U+C2DD) in font [lmroman10-regular]:+tlig;!
Missing character: There is no 으 (U+C73C) in font [lmroman10-regular]:+tlig;!
Missing character: There is no 로 (U+B85C) in font [lmroman10-regular]:+tlig;!
Missing character: There is no 동 (U+B3D9) in font [lmroman10-regular]:+tlig;!
Missing character: There is no 작 (U+C791) in font [lmroman10-regular]:+tlig;!
Missing character: There is no 한 (U+D55C) in font [lmroman10-regular]:+tlig;!
Missing character: There is no 다 (U+B2E4) in font [lmroman10-regular]:+tlig;!
Missing character: There is no 즉 (U+C989) in font [lmroman10-regular]:+tlig;!
Missing character: There is no 이 (U+C774) in font [lmroman10-regular]:+tlig;!
Missing character: There is no 미 (U+BBF8) in font [lmroman10-regular]:+tlig;!
Missing character: There is no 정 (U+C815) in font [lmroman10-regular]:+tlig;!
Missing character: There is no 렬 (U+B82C) in font [lmroman10-regular]:+tlig;!
Missing character: There is no 된 (U+B41C) in font [lmroman10-regular]:+tlig;!
Missing character: There is no 부 (U+BD80) in font [lmroman10-regular]:+tlig;!
Missing character: There is no 분 (U+BD84) in font [lmroman10-regular]:+tlig;!
Missing character: There is no 배 (U+BC30) in font [lmroman10-regular]:+tlig;!
Missing character: There is no 열 (U+C5F4) in font [lmroman10-regular]:+tlig;!
Missing character: There is no 에 (U+C5D0) in font [lmroman10-regular]:+tlig;!
Missing character: There is no 새 (U+C0C8) in font [lmroman10-regular]:+tlig;!
Missing character: There is no 로 (U+B85C) in font [lmroman10-regular]:+tlig;!
Missing character: There is no 운 (U+C6B4) in font [lmroman10-regular]:+tlig;!
Missing character: There is no 원 (U+C6D0) in font [lmroman10-regular]:+tlig;!
Missing character: There is no 소 (U+C18C) in font [lmroman10-regular]:+tlig;!
Missing character: There is no 를 (U+B97C) in font [lmroman10-regular]:+tlig;!
Missing character: There is no 적 (U+C801) in font [lmroman10-regular]:+tlig;!
Missing character: There is no 절 (U+C808) in font [lmroman10-regular]:+tlig;!
Missing character: There is no 한 (U+D55C) in font [lmroman10-regular]:+tlig;!
Missing character: There is no 위 (U+C704) in font [lmroman10-regular]:+tlig;!
Missing character: There is no 치 (U+CE58) in font [lmroman10-regular]:+tlig;!
Missing character: There is no 에 (U+C5D0) in font [lmroman10-regular]:+tlig;!
Missing character: There is no 삽 (U+C0BD) in font [lmroman10-regular]:+tlig;!
Missing character: There is no 입 (U+C785) in font [lmroman10-regular]:+tlig;!
Missing character: There is no 하 (U+D558) in font [lmroman10-regular]:+tlig;!
Missing character: There is no 면 (U+BA74) in font [lmroman10-regular]:+tlig;!
Missing character: There is no 서 (U+C11C) in font [lmroman10-regular]:+tlig;!
Missing character: There is no 정 (U+C815) in font [lmroman10-regular]:+tlig;!
Missing character: There is no 렬 (U+B82C) in font [lmroman10-regular]:+tlig;!
Missing character: There is no 된 (U+B41C) in font [lmroman10-regular]:+tlig;!
Missing character: There is no 구 (U+AD6C) in font [lmroman10-regular]:+tlig;!
Missing character: There is no 간 (U+AC04) in font [lmroman10-regular]:+tlig;!
Missing character: There is no 을 (U+C744) in font [lmroman10-regular]:+tlig;!
Missing character: There is no 점 (U+C810) in font [lmroman10-regular]:+tlig;!
Missing character: There is no 점 (U+C810) in font [lmroman10-regular]:+tlig;!
Missing character: There is no 확 (U+D655) in font [lmroman10-regular]:+tlig;!
Missing character: There is no 장 (U+C7A5) in font [lmroman10-regular]:+tlig;!
Missing character: There is no 해 (U+D574) in font [lmroman10-regular]:+tlig;!
Missing character: There is no 나 (U+B098) in font [lmroman10-regular]:+tlig;!
Missing character: There is no 간 (U+AC04) in font [lmroman10-regular]:+tlig;!
Missing character: There is no 다 (U+B2E4) in font [lmroman10-regular]:+tlig;!
Missing character: There is no 표 (U+D45C) in font [lmroman10-regular]:+tlig;!
Missing character: There is no 표 (U+D45C) in font [lmroman10-regular]:+tlig;!
Missing character: There is no 동 (U+B3D9) in font [lmroman10-regular]:+tlig;!
Missing character: There is no 작 (U+C791) in font [lmroman10-regular]:+tlig;!
Missing character: There is no 원 (U+C6D0) in font [lmroman10-regular]:+tlig;!
Missing character: There is no 리 (U+B9AC) in font [lmroman10-regular]:+tlig;!
Missing character: There is no 표 (U+D45C) in font [lmroman10-regular]:+tlig;!
Missing character: There is no 표 (U+D45C) in font [lmroman10-regular]:+tlig;!
Missing character: There is no 동 (U+B3D9) in font [lmroman10-regular]:+tlig;!
Missing character: There is no 작 (U+C791) in font [lmroman10-regular]:+tlig;!
Missing character: There is no 원 (U+C6D0) in font [lmroman10-regular]:+tlig;!
Missing character: There is no 리 (U+B9AC) in font [lmroman10-regular]:+tlig;!
Missing character: There is no 표 (U+D45C) in font [lmroman10-regular]:+tlig;!
Missing character: There is no 동 (U+B3D9) in font [lmroman10-regular]:+tlig;!
Missing character: There is no 작 (U+C791) in font [lmroman10-regular]:+tlig;!
Missing character: There is no 원 (U+C6D0) in font [lmroman10-regular]:+tlig;!
Missing character: There is no 리 (U+B9AC) in font [lmroman10-regular]:+tlig;!
Missing character: There is no 단 (U+B2E8) in font [lmroman10-bold]:+tlig;!
Missing character: There is no 계 (U+ACC4) in font [lmroman10-bold]:+tlig;!
Missing character: There is no 삽 (U+C0BD) in font [lmroman10-bold]:+tlig;!
Missing character: There is no 입 (U+C785) in font [lmroman10-bold]:+tlig;!
Missing character: There is no 전 (U+C804) in font [lmroman10-bold]:+tlig;!
Missing character: There is no 정 (U+C815) in font [lmroman10-bold]:+tlig;!
Missing character: There is no 렬 (U+B82C) in font [lmroman10-bold]:+tlig;!
Missing character: There is no 구 (U+AD6C) in font [lmroman10-bold]:+tlig;!
Missing character: There is no 간 (U+AC04) in font [lmroman10-bold]:+tlig;!
Missing character: There is no 삽 (U+C0BD) in font [lmroman10-bold]:+tlig;!
Missing character: There is no 입 (U+C785) in font [lmroman10-bold]:+tlig;!
Missing character: There is no 후 (U+D6C4) in font [lmroman10-bold]:+tlig;!
Missing character: There is no 배 (U+BC30) in font [lmroman10-bold]:+tlig;!
Missing character: There is no 열 (U+C5F4) in font [lmroman10-bold]:+tlig;!
Missing character: There is no 단 (U+B2E8) in font [lmroman10-bold]:+tlig;!
Missing character: There is no 계 (U+ACC4) in font [lmroman10-bold]:+tlig;!
Missing character: There is no 삽 (U+C0BD) in font [lmroman10-bold]:+tlig;!
Missing character: There is no 입 (U+C785) in font [lmroman10-bold]:+tlig;!
Missing character: There is no 전 (U+C804) in font [lmroman10-bold]:+tlig;!
Missing character: There is no 정 (U+C815) in font [lmroman10-bold]:+tlig;!
Missing character: There is no 렬 (U+B82C) in font [lmroman10-bold]:+tlig;!
Missing character: There is no 구 (U+AD6C) in font [lmroman10-bold]:+tlig;!
Missing character: There is no 간 (U+AC04) in font [lmroman10-bold]:+tlig;!
Missing character: There is no 삽 (U+C0BD) in font [lmroman10-bold]:+tlig;!
Missing character: There is no 입 (U+C785) in font [lmroman10-bold]:+tlig;!
Missing character: There is no 후 (U+D6C4) in font [lmroman10-bold]:+tlig;!
Missing character: There is no 배 (U+BC30) in font [lmroman10-bold]:+tlig;!
Missing character: There is no 열 (U+C5F4) in font [lmroman10-bold]:+tlig;!
Missing character: There is no 시 (U+C2DC) in font [lmroman10-regular]:+tlig;!
Missing character: There is no 작 (U+C791) in font [lmroman10-regular]:+tlig;!
[1

{c:/Users/Rokei/AppData/Roaming/TinyTeX/texmf-var/fonts/map/pdftex/updmap/pdftex.map}
Missing character: There is no 를 (U+B97C) in font [lmroman17-regular]:+tlig;!
Missing character: There is no 관 (U+AD00) in font [lmroman17-regular]:+tlig;!
Missing character: There is no 점 (U+C810) in font [lmroman17-regular]:+tlig;!
Missing character: There is no 에 (U+C5D0) in font [lmroman17-regular]:+tlig;!
Missing character: There is no 서 (U+C11C) in font [lmroman17-regular]:+tlig;!
Missing character: There is no 이 (U+C774) in font [lmroman17-regular]:+tlig;!
Missing character: There is no 해 (U+D574) in font [lmroman17-regular]:+tlig;!
Missing character: There is no 하 (U+D558) in font [lmroman17-regular]:+tlig;!
Missing character: There is no 기 (U+AE30) in font [lmroman17-regular]:+tlig;!
Missing character: There is no 서 (U+C11C) in font [lmroman12-bold]:+tlig;!
Missing character: There is no 론 (U+B860) in font [lmroman12-bold]:+tlig;!
Missing character: There is no 는 (U+B294) in font [lmroman10-regular]:+tlig;!
Missing character: There is no 가 (U+AC00) in font [lmroman10-regular]:+tlig;!
Missing character: There is no 장 (U+C7A5) in font [lmroman10-regular]:+tlig;!
Missing character: There is no 기 (U+AE30) in font [lmroman10-regular]:+tlig;!
Missing character: There is no 본 (U+BCF8) in font [lmroman10-regular]:+tlig;!
Missing character: There is no 적 (U+C801) in font [lmroman10-regular]:+tlig;!
Missing character: There is no 인 (U+C778) in font [lmroman10-regular]:+tlig;!
Missing character: There is no 정 (U+C815) in font [lmroman10-regular]:+tlig;!
Missing character: There is no 렬 (U+B82C) in font [lmroman10-regular]:+tlig;!
Missing character: There is no 알 (U+C54C) in font [lmroman10-regular]:+tlig;!
Missing character: There is no 고 (U+ACE0) in font [lmroman10-regular]:+tlig;!
Missing character: There is no 리 (U+B9AC) in font [lmroman10-regular]:+tlig;!
Missing character: There is no 즘 (U+C998) in font [lmroman10-regular]:+tlig;!
Missing character: There is no 중 (U+C911) in font [lmroman10-regular]:+tlig;!
Missing character: There is no 하 (U+D558) in font [lmroman10-regular]:+tlig;!
Missing character: There is no 나 (U+B098) in font [lmroman10-regular]:+tlig;!
Missing character: There is no 이 (U+C774) in font [lmroman10-regular]:+tlig;!
Missing character: There is no 며 (U+BA70) in font [lmroman10-regular]:+tlig;!
Missing character: There is no 점 (U+C810) in font [lmroman10-bold]:+tlig;!
Missing character: There is no 진 (U+C9C4) in font [lmroman10-bold]:+tlig;!
Missing character: There is no 적 (U+C801) in font [lmroman10-bold]:+tlig;!
Missing character: There is no 알 (U+C54C) in font [lmroman10-bold]:+tlig;!
Missing character: There is no 고 (U+ACE0) in font [lmroman10-bold]:+tlig;!
Missing character: There is no 리 (U+B9AC) in font [lmroman10-bold]:+tlig;!
Missing character: There is no 즘 (U+C998) in font [lmroman10-bold]:+tlig;!
Missing character: There is no 의 (U+C758) in font [lmroman10-regular]:+tlig;!
Missing character: There is no 대 (U+B300) in font [lmroman10-regular]:+tlig;!
Missing character: There is no 표 (U+D45C) in font [lmroman10-regular]:+tlig;!
Missing character: There is no 적 (U+C801) in font [lmroman10-regular]:+tlig;!
Missing character: There is no 인 (U+C778) in font [lmroman10-regular]:+tlig;!
Missing character: There is no 예 (U+C608) in font [lmroman10-regular]:+tlig;!
Missing character: There is no 시 (U+C2DC) in font [lmroman10-regular]:+tlig;!
Missing character: There is no 로 (U+B85C) in font [lmroman10-regular]:+tlig;!
Missing character: There is no 자 (U+C790) in font [lmroman10-regular]:+tlig;!
Missing character: There is no 주 (U+C8FC) in font [lmroman10-regular]:+tlig;!
Missing character: There is no 소 (U+C18C) in font [lmroman10-regular]:+tlig;!
Missing character: There is no 개 (U+AC1C) in font [lmroman10-regular]:+tlig;!
Missing character: There is no 된 (U+B41C) in font [lmroman10-regular]:+tlig;!
Missing character: There is no 다 (U+B2E4) in font [lmroman10-regular]:+tlig;!
Missing character: There is no 를 (U+B97C) in font [lmroman10-regular]:+tlig;!
Missing character: There is no 이 (U+C774) in font [lmroman10-regular]:+tlig;!
Missing character: There is no 라 (U+B77C) in font [lmroman10-regular]:+tlig;!
Missing character: There is no 고 (U+ACE0) in font [lmroman10-regular]:+tlig;!
Missing character: There is no 부 (U+BD80) in font [lmroman10-regular]:+tlig;!
Missing character: There is no 르 (U+B974) in font [lmroman10-regular]:+tlig;!
Missing character: There is no 는 (U+B294) in font [lmroman10-regular]:+tlig;!
Missing character: There is no 이 (U+C774) in font [lmroman10-regular]:+tlig;!
Missing character: There is no 유 (U+C720) in font [lmroman10-regular]:+tlig;!
Missing character: There is no 는 (U+B294) in font [lmroman10-regular]:+tlig;!
Missing character: There is no 각 (U+AC01) in font [lmroman10-regular]:+tlig;!
Missing character: There is no 단 (U+B2E8) in font [lmroman10-regular]:+tlig;!
Missing character: There is no 계 (U+ACC4) in font [lmroman10-regular]:+tlig;!
Missing character: There is no 에 (U+C5D0) in font [lmroman10-regular]:+tlig;!
Missing character: There is no 서 (U+C11C) in font [lmroman10-regular]:+tlig;!
Missing character: There is no 이 (U+C774) in font [lmroman10-regular]:+tlig;!
Missing character: There is no 미 (U+BBF8) in font [lmroman10-regular]:+tlig;!
Missing character: There is no 해 (U+D574) in font [lmroman10-regular]:+tlig;!
Missing character: There is no 결 (U+ACB0) in font [lmroman10-regular]:+tlig;!
Missing character: There is no 된 (U+B41C) in font [lmroman10-regular]:+tlig;!
Missing character: There is no 작 (U+C791) in font [lmroman10-regular]:+tlig;!
Missing character: There is no 은 (U+C740) in font [lmroman10-regular]:+tlig;!
Missing character: There is no 문 (U+BB38) in font [lmroman10-regular]:+tlig;!
Missing character: There is no 제 (U+C81C) in font [lmroman10-regular]:+tlig;!
Missing character: There is no 의 (U+C758) in font [lmroman10-regular]:+tlig;!
Missing character: There is no 해 (U+D574) in font [lmroman10-regular]:+tlig;!
Missing character: There is no 를 (U+B97C) in font [lmroman10-regular]:+tlig;!
Missing character: There is no 바 (U+BC14) in font [lmroman10-regular]:+tlig;!
Missing character: There is no 탕 (U+D0D5) in font [lmroman10-regular]:+tlig;!
Missing character: There is no 으 (U+C73C) in font [lmroman10-regular]:+tlig;!
Missing character: There is no 로 (U+B85C) in font [lmroman10-regular]:+tlig;!
Missing character: There is no 다 (U+B2E4) in font [lmroman10-regular]:+tlig;!
Missing character: There is no 음 (U+C74C) in font [lmroman10-regular]:+tlig;!
Missing character: There is no 단 (U+B2E8) in font [lmroman10-regular]:+tlig;!
Missing character: There is no 계 (U+ACC4) in font [lmroman10-regular]:+tlig;!
Missing character: There is no 의 (U+C758) in font [lmroman10-regular]:+tlig;!
Missing character: There is no 해 (U+D574) in font [lmroman10-regular]:+tlig;!
Missing character: There is no 를 (U+B97C) in font [lmroman10-regular]:+tlig;!
Missing character: There is no 만 (U+B9CC) in font [lmroman10-regular]:+tlig;!
Missing character: There is no 들 (U+B4E4) in font [lmroman10-regular]:+tlig;!
Missing character: There is no 기 (U+AE30) in font [lmroman10-regular]:+tlig;!
Missing character: There is no 때 (U+B54C) in font [lmroman10-regular]:+tlig;!
Missing character: There is no 문 (U+BB38) in font [lmroman10-regular]:+tlig;!
Missing character: There is no 이 (U+C774) in font [lmroman10-regular]:+tlig;!
Missing character: There is no 다 (U+B2E4) in font [lmroman10-regular]:+tlig;!
Missing character: There is no 각 (U+AC01) in font [lmroman10-regular]:+tlig;!
Missing character: There is no 반 (U+BC18) in font [lmroman10-regular]:+tlig;!
Missing character: There is no 복 (U+BCF5) in font [lmroman10-regular]:+tlig;!
Missing character: There is no 단 (U+B2E8) in font [lmroman10-regular]:+tlig;!
Missing character: There is no 계 (U+ACC4) in font [lmroman10-regular]:+tlig;!
Missing character: There is no 에 (U+C5D0) in font [lmroman10-regular]:+tlig;!
Missing character: There is no 서 (U+C11C) in font [lmroman10-regular]:+tlig;!
Missing character: There is no 알 (U+C54C) in font [lmroman10-regular]:+tlig;!
Missing character: There is no 고 (U+ACE0) in font [lmroman10-regular]:+tlig;!
Missing character: There is no 리 (U+B9AC) in font [lmroman10-regular]:+tlig;!
Missing character: There is no 즘 (U+C998) in font [lmroman10-regular]:+tlig;!
Missing character: There is no 은 (U+C740) in font [lmroman10-regular]:+tlig;!
Missing character: There is no 다 (U+B2E4) in font [lmroman10-regular]:+tlig;!
Missing character: There is no 음 (U+C74C) in font [lmroman10-regular]:+tlig;!
Missing character: There is no 과 (U+ACFC) in font [lmroman10-regular]:+tlig;!
Missing character: There is no 같 (U+AC19) in font [lmroman10-regular]:+tlig;!
Missing character: There is no 이 (U+C774) in font [lmroman10-regular]:+tlig;!
Missing character: There is no 생 (U+C0DD) in font [lmroman10-regular]:+tlig;!
Missing character: There is no 각 (U+AC01) in font [lmroman10-regular]:+tlig;!
Missing character: There is no 한 (U+D55C) in font [lmroman10-regular]:+tlig;!
Missing character: There is no 다 (U+B2E4) in font [lmroman10-regular]:+tlig;!
Missing character: There is no 현 (U+D604) in font [lmroman10-regular]:+tlig;!
Missing character: There is no 재 (U+C7AC) in font [lmroman10-regular]:+tlig;!
Missing character: There is no 은 (U+C740) in font [lmroman10-regular]:+tlig;!
Missing character: There is no 이 (U+C774) in font [lmroman10-regular]:+tlig;!
Missing character: There is no 미 (U+BBF8) in font [lmroman10-regular]:+tlig;!
Missing character: There is no 정 (U+C815) in font [lmroman10-regular]:+tlig;!
Missing character: There is no 렬 (U+B82C) in font [lmroman10-regular]:+tlig;!
Missing character: There is no 되 (U+B418) in font [lmroman10-regular]:+tlig;!
Missing character: There is no 어 (U+C5B4) in font [lmroman10-regular]:+tlig;!
Missing character: There is no 있 (U+C788) in font [lmroman10-regular]:+tlig;!
Missing character: There is no 다 (U+B2E4) in font [lmroman10-regular]:+tlig;!
Missing character: There is no 이 (U+C774) in font [lmroman10-regular]:+tlig;!
Missing character: There is no 제 (U+C81C) in font [lmroman10-regular]:+tlig;!
Missing character: There is no 새 (U+C0C8) in font [lmroman10-regular]:+tlig;!
Missing character: There is no 로 (U+B85C) in font [lmroman10-regular]:+tlig;!
Missing character: There is no 운 (U+C6B4) in font [lmroman10-regular]:+tlig;!
Missing character: There is no 원 (U+C6D0) in font [lmroman10-regular]:+tlig;!
Missing character: There is no 소 (U+C18C) in font [lmroman10-regular]:+tlig;!
Missing character: There is no 를 (U+B97C) in font [lmroman10-regular]:+tlig;!
Missing character: There is no 그 (U+ADF8) in font [lmroman10-regular]:+tlig;!
Missing character: There is no 정 (U+C815) in font [lmroman10-regular]:+tlig;!
Missing character: There is no 렬 (U+B82C) in font [lmroman10-regular]:+tlig;!
Missing character: There is no 된 (U+B41C) in font [lmroman10-regular]:+tlig;!
Missing character: There is no 구 (U+AD6C) in font [lmroman10-regular]:+tlig;!
Missing character: There is no 간 (U+AC04) in font [lmroman10-regular]:+tlig;!
Missing character: There is no 안 (U+C548) in font [lmroman10-regular]:+tlig;!
Missing character: There is no 의 (U+C758) in font [lmroman10-regular]:+tlig;!
Missing character: There is no 적 (U+C801) in font [lmroman10-regular]:+tlig;!
Missing character: There is no 절 (U+C808) in font [lmroman10-regular]:+tlig;!
Missing character: There is no 한 (U+D55C) in font [lmroman10-regular]:+tlig;!
Missing character: There is no 위 (U+C704) in font [lmroman10-regular]:+tlig;!
Missing character: There is no 치 (U+CE58) in font [lmroman10-regular]:+tlig;!
Missing character: There is no 에 (U+C5D0) in font [lmroman10-regular]:+tlig;!
Missing character: There is no 넣 (U+B123) in font [lmroman10-regular]:+tlig;!
Missing character: There is no 는 (U+B294) in font [lmroman10-regular]:+tlig;!
Missing character: There is no 다 (U+B2E4) in font [lmroman10-regular]:+tlig;!
Missing character: There is no 그 (U+ADF8) in font [lmroman10-regular]:+tlig;!
Missing character: There is no 러 (U+B7EC) in font [lmroman10-regular]:+tlig;!
Missing character: There is no 면 (U+BA74) in font [lmroman10-regular]:+tlig;!
Missing character: There is no 도 (U+B3C4) in font [lmroman10-regular]:+tlig;!
Missing character: There is no 정 (U+C815) in font [lmroman10-regular]:+tlig;!
Missing character: There is no 렬 (U+B82C) in font [lmroman10-regular]:+tlig;!
Missing character: There is no 된 (U+B41C) in font [lmroman10-regular]:+tlig;!
Missing character: There is no 다 (U+B2E4) in font [lmroman10-regular]:+tlig;!
Missing character: There is no 즉 (U+C989) in font [lmroman10-regular]:+tlig;!
Missing character: There is no 정 (U+C815) in font [lmroman10-regular]:+tlig;!
Missing character: There is no 렬 (U+B82C) in font [lmroman10-regular]:+tlig;!
Missing character: There is no 은 (U+C740) in font [lmroman10-regular]:+tlig;!
Missing character: There is no 다 (U+B2E4) in font [lmroman10-regular]:+tlig;!
Missing character: There is no 음 (U+C74C) in font [lmroman10-regular]:+tlig;!
Missing character: There is no 과 (U+ACFC) in font [lmroman10-regular]:+tlig;!
Missing character: There is no 같 (U+AC19) in font [lmroman10-regular]:+tlig;!
Missing character: There is no 은 (U+C740) in font [lmroman10-regular]:+tlig;!
Missing character: There is no 순 (U+C21C) in font [lmroman10-regular]:+tlig;!
Missing character: There is no 서 (U+C11C) in font [lmroman10-regular]:+tlig;!
Missing character: There is no 로 (U+B85C) in font [lmroman10-regular]:+tlig;!
Missing character: There is no 점 (U+C810) in font [lmroman10-regular]:+tlig;!
Missing character: There is no 점 (U+C810) in font [lmroman10-regular]:+tlig;!
Missing character: There is no 확 (U+D655) in font [lmroman10-regular]:+tlig;!
Missing character: There is no 장 (U+C7A5) in font [lmroman10-regular]:+tlig;!
Missing character: There is no 된 (U+B41C) in font [lmroman10-regular]:+tlig;!
Missing character: There is no 다 (U+B2E4) in font [lmroman10-regular]:+tlig;!
Missing character: There is no 길 (U+AE38) in font [lmroman10-regular]:+tlig;!
Missing character: There is no 이 (U+C774) in font [lmroman10-regular]:+tlig;!
Missing character: There is no 의 (U+C758) in font [lmroman10-regular]:+tlig;!
Missing character: There is no 정 (U+C815) in font [lmroman10-regular]:+tlig;!
Missing character: There is no 렬 (U+B82C) in font [lmroman10-regular]:+tlig;!
Missing character: There is no 된 (U+B41C) in font [lmroman10-regular]:+tlig;!
Missing character: There is no 배 (U+BC30) in font [lmroman10-regular]:+tlig;!
Missing character: There is no 열 (U+C5F4) in font [lmroman10-regular]:+tlig;!
Missing character: There is no 길 (U+AE38) in font [lmroman10-regular]:+tlig;!
Missing character: There is no 이 (U+C774) in font [lmroman10-regular]:+tlig;!
Missing character: There is no 의 (U+C758) in font [lmroman10-regular]:+tlig;!
Missing character: There is no 정 (U+C815) in font [lmroman10-regular]:+tlig;!
Missing character: There is no 렬 (U+B82C) in font [lmroman10-regular]:+tlig;!
Missing character: There is no 된 (U+B41C) in font [lmroman10-regular]:+tlig;!
Missing character: There is no 배 (U+BC30) in font [lmroman10-regular]:+tlig;!
Missing character: There is no 열 (U+C5F4) in font [lmroman10-regular]:+tlig;!
Missing character: There is no 길 (U+AE38) in font [lmroman10-regular]:+tlig;!
Missing character: There is no 이 (U+C774) in font [lmroman10-regular]:+tlig;!
Missing character: There is no 의 (U+C758) in font [lmroman10-regular]:+tlig;!
Missing character: There is no 정 (U+C815) in font [lmroman10-regular]:+tlig;!
Missing character: There is no 렬 (U+B82C) in font [lmroman10-regular]:+tlig;!
Missing character: There is no 된 (U+B41C) in font [lmroman10-regular]:+tlig;!
Missing character: There is no 배 (U+BC30) in font [lmroman10-regular]:+tlig;!
Missing character: There is no 열 (U+C5F4) in font [lmroman10-regular]:+tlig;!
Missing character: There is no 길 (U+AE38) in font [lmroman10-regular]:+tlig;!
Missing character: There is no 이 (U+C774) in font [lmroman10-regular]:+tlig;!
Missing character: There is no 의 (U+C758) in font [lmroman10-regular]:+tlig;!
Missing character: There is no 정 (U+C815) in font [lmroman10-regular]:+tlig;!
Missing character: There is no 렬 (U+B82C) in font [lmroman10-regular]:+tlig;!
Missing character: There is no 된 (U+B41C) in font [lmroman10-regular]:+tlig;!
Missing character: There is no 배 (U+BC30) in font [lmroman10-regular]:+tlig;!
Missing character: There is no 열 (U+C5F4) in font [lmroman10-regular]:+tlig;!
Missing character: There is no 이 (U+C774) in font [lmroman10-regular]:+tlig;!
Missing character: There is no 처 (U+CC98) in font [lmroman10-regular]:+tlig;!
Missing character: There is no 럼 (U+B7FC) in font [lmroman10-regular]:+tlig;!
Missing character: There is no 정 (U+C815) in font [lmroman10-regular]:+tlig;!
Missing character: There is no 렬 (U+B82C) in font [lmroman10-regular]:+tlig;!
Missing character: There is no 된 (U+B41C) in font [lmroman10-regular]:+tlig;!
Missing character: There is no 부 (U+BD80) in font [lmroman10-regular]:+tlig;!
Missing character: There is no 분 (U+BD84) in font [lmroman10-regular]:+tlig;!
Missing character: There is no 배 (U+BC30) in font [lmroman10-regular]:+tlig;!
Missing character: There is no 열 (U+C5F4) in font [lmroman10-regular]:+tlig;!
Missing character: There is no 을 (U+C744) in font [lmroman10-regular]:+tlig;!
Missing character: There is no 한 (U+D55C) in font [lmroman10-regular]:+tlig;!
Missing character: There is no 칸 (U+CE78) in font [lmroman10-regular]:+tlig;!
Missing character: There is no 씩 (U+C529) in font [lmroman10-regular]:+tlig;!
Missing character: There is no 확 (U+D655) in font [lmroman10-regular]:+tlig;!
Missing character: There is no 장 (U+C7A5) in font [lmroman10-regular]:+tlig;!
Missing character: There is no 한 (U+D55C) in font [lmroman10-regular]:+tlig;!
Missing character: There is no 다 (U+B2E4) in font [lmroman10-regular]:+tlig;!
Missing character: There is no 는 (U+B294) in font [lmroman10-regular]:+tlig;!
Missing character: There is no 점 (U+C810) in font [lmroman10-regular]:+tlig;!
Missing character: There is no 이 (U+C774) in font [lmroman10-regular]:+tlig;!
Missing character: There is no 바 (U+BC14) in font [lmroman10-regular]:+tlig;!
Missing character: There is no 로 (U+B85C) in font [lmroman10-regular]:+tlig;!
Missing character: There is no 의 (U+C758) in font [lmroman10-regular]:+tlig;!
Missing character: There is no 본 (U+BCF8) in font [lmroman10-regular]:+tlig;!
Missing character: There is no 질 (U+C9C8) in font [lmroman10-regular]:+tlig;!
Missing character: There is no 이 (U+C774) in font [lmroman10-regular]:+tlig;!
Missing character: There is no 다 (U+B2E4) in font [lmroman10-regular]:+tlig;!
Missing character: There is no 의 (U+C758) in font [lmroman10-regular]:+tlig;!
Missing character: There is no 핵 (U+D575) in font [lmroman10-regular]:+tlig;!
Missing character: There is no 심 (U+C2EC) in font [lmroman10-regular]:+tlig;!
Missing character: There is no 아 (U+C544) in font [lmroman10-regular]:+tlig;!
Missing character: There is no 이 (U+C774) in font [lmroman10-regular]:+tlig;!
Missing character: There is no 디 (U+B514) in font [lmroman10-regular]:+tlig;!
Missing character: There is no 어 (U+C5B4) in font [lmroman10-regular]:+tlig;!
Missing character: There is no 는 (U+B294) in font [lmroman10-regular]:+tlig;!
Missing character: There is no 다 (U+B2E4) in font [lmroman10-regular]:+tlig;!
Missing character: There is no 음 (U+C74C) in font [lmroman10-regular]:+tlig;!
Missing character: There is no 과 (U+ACFC) in font [lmroman10-regular]:+tlig;!
Missing character: There is no 같 (U+AC19) in font [lmroman10-regular]:+tlig;!
Missing character: There is no 다 (U+B2E4) in font [lmroman10-regular]:+tlig;!
Missing character: There is no 의 (U+C758) in font [lmroman10-regular]:+tlig;!
Missing character: There is no 핵 (U+D575) in font [lmroman10-regular]:+tlig;!
Missing character: There is no 심 (U+C2EC) in font [lmroman10-regular]:+tlig;!
Missing character: There is no 아 (U+C544) in font [lmroman10-regular]:+tlig;!
Missing character: There is no 이 (U+C774) in font [lmroman10-regular]:+tlig;!
Missing character: There is no 디 (U+B514) in font [lmroman10-regular]:+tlig;!
Missing character: There is no 어 (U+C5B4) in font [lmroman10-regular]:+tlig;!
Missing character: There is no 전 (U+C804) in font [lmroman10-regular]:+tlig;!
Missing character: There is no 체 (U+CCB4) in font [lmroman10-regular]:+tlig;!
Missing character: There is no 문 (U+BB38) in font [lmroman10-regular]:+tlig;!
Missing character: There is no 제 (U+C81C) in font [lmroman10-regular]:+tlig;!
Missing character: There is no 를 (U+B97C) in font [lmroman10-regular]:+tlig;!
Missing character: There is no 한 (U+D55C) in font [lmroman10-regular]:+tlig;!
Missing character: There is no 번 (U+BC88) in font [lmroman10-regular]:+tlig;!
Missing character: There is no 에 (U+C5D0) in font [lmroman10-regular]:+tlig;!
Missing character: There is no 해 (U+D574) in font [lmroman10-regular]:+tlig;!
Missing character: There is no 결 (U+ACB0) in font [lmroman10-regular]:+tlig;!
Missing character: There is no 하 (U+D558) in font [lmroman10-regular]:+tlig;!
Missing character: There is no 는 (U+B294) in font [lmroman10-regular]:+tlig;!
Missing character: There is no 대 (U+B300) in font [lmroman10-regular]:+tlig;!
Missing character: There is no 신 (U+C2E0) in font [lmroman10-regular]:+tlig;!
Missing character: There is no 이 (U+C774) in font [lmroman10-bold]:+tlig;!
Missing character: There is no 미 (U+BBF8) in font [lmroman10-bold]:+tlig;!
Missing character: There is no 해 (U+D574) in font [lmroman10-bold]:+tlig;!
Missing character: There is no 결 (U+ACB0) in font [lmroman10-bold]:+tlig;!
Missing character: There is no 된 (U+B41C) in font [lmroman10-bold]:+tlig;!
Missing character: There is no 더 (U+B354) in font [lmroman10-bold]:+tlig;!
Missing character: There is no 작 (U+C791) in font [lmroman10-bold]:+tlig;!
Missing character: There is no 은 (U+C740) in font [lmroman10-bold]:+tlig;!
Missing character: There is no 부 (U+BD80) in font [lmroman10-bold]:+tlig;!
Missing character: There is no 분 (U+BD84) in font [lmroman10-bold]:+tlig;!
Missing character: There is no 문 (U+BB38) in font [lmroman10-bold]:+tlig;!
Missing character: There is no 제 (U+C81C) in font [lmroman10-bold]:+tlig;!
Missing character: There is no 의 (U+C758) in font [lmroman10-bold]:+tlig;!
Missing character: There is no 해 (U+D574) in font [lmroman10-bold]:+tlig;!
Missing character: There is no 를 (U+B97C) in font [lmroman10-bold]:+tlig;!
Missing character: There is no 바 (U+BC14) in font [lmroman10-bold]:+tlig;!
Missing character: There is no 탕 (U+D0D5) in font [lmroman10-bold]:+tlig;!
Missing character: There is no 으 (U+C73C) in font [lmroman10-bold]:+tlig;!
Missing character: There is no 로 (U+B85C) in font [lmroman10-bold]:+tlig;!
Missing character: There is no 새 (U+C0C8) in font [lmroman10-bold]:+tlig;!
Missing character: There is no 로 (U+B85C) in font [lmroman10-bold]:+tlig;!
Missing character: There is no 운 (U+C6B4) in font [lmroman10-bold]:+tlig;!
Missing character: There is no 원 (U+C6D0) in font [lmroman10-bold]:+tlig;!
Missing character: There is no 소 (U+C18C) in font [lmroman10-bold]:+tlig;!
Missing character: There is no 를 (U+B97C) in font [lmroman10-bold]:+tlig;!
Missing character: There is no 하 (U+D558) in font [lmroman10-bold]:+tlig;!
Missing character: There is no 나 (U+B098) in font [lmroman10-bold]:+tlig;!
Missing character: There is no 씩 (U+C529) in font [lmroman10-bold]:+tlig;!
Missing character: There is no 추 (U+CD94) in font [lmroman10-bold]:+tlig;!
Missing character: There is no 가 (U+AC00) in font [lmroman10-bold]:+tlig;!
Missing character: There is no 하 (U+D558) in font [lmroman10-bold]:+tlig;!
Missing character: There is no 여 (U+C5EC) in font [lmroman10-bold]:+tlig;!
Missing character: There is no 전 (U+C804) in font [lmroman10-bold]:+tlig;!
Missing character: There is no 체 (U+CCB4) in font [lmroman10-bold]:+tlig;!
Missing character: There is no 해 (U+D574) in font [lmroman10-bold]:+tlig;!
Missing character: There is no 를 (U+B97C) in font [lmroman10-bold]:+tlig;!
Missing character: There is no 확 (U+D655) in font [lmroman10-bold]:+tlig;!
Missing character: There is no 장 (U+C7A5) in font [lmroman10-bold]:+tlig;!
Missing character: There is no 해 (U+D574) in font [lmroman10-bold]:+tlig;!
Missing character: There is no 나 (U+B098) in font [lmroman10-bold]:+tlig;!
Missing character: There is no 가 (U+AC00) in font [lmroman10-bold]:+tlig;!
Missing character: There is no 는 (U+B294) in font [lmroman10-bold]:+tlig;!
Missing character: There is no 방 (U+BC29) in font [lmroman10-bold]:+tlig;!
Missing character: There is no 식 (U+C2DD) in font [lmroman10-bold]:+tlig;!
Missing character: There is no 이 (U+C774) in font [lmroman10-regular]:+tlig;!
Missing character: There is no 다 (U+B2E4) in font [lmroman10-regular]:+tlig;!
Missing character: There is no 는 (U+B294) in font [lmroman10-regular]:+tlig;!
Missing character: There is no 바 (U+BC14) in font [lmroman10-regular]:+tlig;!
Missing character: There is no 로 (U+B85C) in font [lmroman10-regular]:+tlig;!
Missing character: There is no 이 (U+C774) in font [lmroman10-regular]:+tlig;!
Missing character: There is no 런 (U+B7F0) in font [lmroman10-regular]:+tlig;!
Missing character: There is no 방 (U+BC29) in font [lmroman10-regular]:+tlig;!
Missing character: There is no 식 (U+C2DD) in font [lmroman10-regular]:+tlig;!
Missing character: There is no 으 (U+C73C) in font [lmroman10-regular]:+tlig;!
Missing character: There is no 로 (U+B85C) in font [lmroman10-regular]:+tlig;!
Missing character: There is no 동 (U+B3D9) in font [lmroman10-regular]:+tlig;!
Missing character: There is no 작 (U+C791) in font [lmroman10-regular]:+tlig;!
Missing character: There is no 한 (U+D55C) in font [lmroman10-regular]:+tlig;!
Missing character: There is no 다 (U+B2E4) in font [lmroman10-regular]:+tlig;!
Missing character: There is no 즉 (U+C989) in font [lmroman10-regular]:+tlig;!
Missing character: There is no 이 (U+C774) in font [lmroman10-regular]:+tlig;!
Missing character: There is no 미 (U+BBF8) in font [lmroman10-regular]:+tlig;!
Missing character: There is no 정 (U+C815) in font [lmroman10-regular]:+tlig;!
Missing character: There is no 렬 (U+B82C) in font [lmroman10-regular]:+tlig;!
Missing character: There is no 된 (U+B41C) in font [lmroman10-regular]:+tlig;!
Missing character: There is no 부 (U+BD80) in font [lmroman10-regular]:+tlig;!
Missing character: There is no 분 (U+BD84) in font [lmroman10-regular]:+tlig;!
Missing character: There is no 배 (U+BC30) in font [lmroman10-regular]:+tlig;!
Missing character: There is no 열 (U+C5F4) in font [lmroman10-regular]:+tlig;!
Missing character: There is no 에 (U+C5D0) in font [lmroman10-regular]:+tlig;!
Missing character: There is no 새 (U+C0C8) in font [lmroman10-regular]:+tlig;!
Missing character: There is no 로 (U+B85C) in font [lmroman10-regular]:+tlig;!
Missing character: There is no 운 (U+C6B4) in font [lmroman10-regular]:+tlig;!
Missing character: There is no 원 (U+C6D0) in font [lmroman10-regular]:+tlig;!
Missing character: There is no 소 (U+C18C) in font [lmroman10-regular]:+tlig;!
Missing character: There is no 를 (U+B97C) in font [lmroman10-regular]:+tlig;!
Missing character: There is no 적 (U+C801) in font [lmroman10-regular]:+tlig;!
Missing character: There is no 절 (U+C808) in font [lmroman10-regular]:+tlig;!
Missing character: There is no 한 (U+D55C) in font [lmroman10-regular]:+tlig;!
Missing character: There is no 위 (U+C704) in font [lmroman10-regular]:+tlig;!
Missing character: There is no 치 (U+CE58) in font [lmroman10-regular]:+tlig;!
Missing character: There is no 에 (U+C5D0) in font [lmroman10-regular]:+tlig;!
Missing character: There is no 삽 (U+C0BD) in font [lmroman10-regular]:+tlig;!
Missing character: There is no 입 (U+C785) in font [lmroman10-regular]:+tlig;!
Missing character: There is no 하 (U+D558) in font [lmroman10-regular]:+tlig;!
Missing character: There is no 면 (U+BA74) in font [lmroman10-regular]:+tlig;!
Missing character: There is no 서 (U+C11C) in font [lmroman10-regular]:+tlig;!
Missing character: There is no 정 (U+C815) in font [lmroman10-regular]:+tlig;!
Missing character: There is no 렬 (U+B82C) in font [lmroman10-regular]:+tlig;!
Missing character: There is no 된 (U+B41C) in font [lmroman10-regular]:+tlig;!
Missing character: There is no 구 (U+AD6C) in font [lmroman10-regular]:+tlig;!
Missing character: There is no 간 (U+AC04) in font [lmroman10-regular]:+tlig;!
Missing character: There is no 을 (U+C744) in font [lmroman10-regular]:+tlig;!
Missing character: There is no 점 (U+C810) in font [lmroman10-regular]:+tlig;!
Missing character: There is no 점 (U+C810) in font [lmroman10-regular]:+tlig;!
Missing character: There is no 확 (U+D655) in font [lmroman10-regular]:+tlig;!
Missing character: There is no 장 (U+C7A5) in font [lmroman10-regular]:+tlig;!
Missing character: There is no 해 (U+D574) in font [lmroman10-regular]:+tlig;!
Missing character: There is no 나 (U+B098) in font [lmroman10-regular]:+tlig;!
Missing character: There is no 간 (U+AC04) in font [lmroman10-regular]:+tlig;!
Missing character: There is no 다 (U+B2E4) in font [lmroman10-regular]:+tlig;!
]

Package longtable Warning: Column widths have changed
(longtable)                in table 1 on input line 264.

Missing character: There is no 로 (U+B85C) in font [lmroman12-bold]:+tlig;!
Missing character: There is no 본 (U+BCF8) in font [lmroman12-bold]:+tlig;!
Missing character: There is no 정 (U+C815) in font [lmroman12-bold]:+tlig;!
Missing character: There is no 당 (U+B2F9) in font [lmroman12-bold]:+tlig;!
Missing character: There is no 성 (U+C131) in font [lmroman12-bold]:+tlig;!
Missing character: There is no 로 (U+B85C) in font [lmroman12-bold]:+tlig;!
Missing character: There is no 본 (U+BCF8) in font [lmroman12-bold]:+tlig;!
Missing character: There is no 정 (U+C815) in font [lmroman12-bold]:+tlig;!
Missing character: There is no 당 (U+B2F9) in font [lmroman12-bold]:+tlig;!
Missing character: There is no 성 (U+C131) in font [lmroman12-bold]:+tlig;!
Missing character: There is no 의 (U+C758) in font [lmroman10-regular]:+tlig;!
Missing character: There is no 를 (U+B97C) in font [lmroman10-regular]:+tlig;!
Missing character: There is no 설 (U+C124) in font [lmroman10-regular]:+tlig;!
Missing character: There is no 명 (U+BA85) in font [lmroman10-regular]:+tlig;!
Missing character: There is no 할 (U+D560) in font [lmroman10-regular]:+tlig;!
Missing character: There is no 때 (U+B54C) in font [lmroman10-regular]:+tlig;!
Missing character: There is no 가 (U+AC00) in font [lmroman10-regular]:+tlig;!
Missing character: There is no 장 (U+C7A5) in font [lmroman10-regular]:+tlig;!
Missing character: There is no 표 (U+D45C) in font [lmroman10-regular]:+tlig;!
Missing character: There is no 준 (U+C900) in font [lmroman10-regular]:+tlig;!
Missing character: There is no 적 (U+C801) in font [lmroman10-regular]:+tlig;!
Missing character: There is no 인 (U+C778) in font [lmroman10-regular]:+tlig;!
Missing character: There is no 도 (U+B3C4) in font [lmroman10-regular]:+tlig;!
Missing character: There is no 구 (U+AD6C) in font [lmroman10-regular]:+tlig;!
Missing character: There is no 는 (U+B294) in font [lmroman10-regular]:+tlig;!
Missing character: There is no 이 (U+C774) in font [lmroman10-regular]:+tlig;!
Missing character: There is no 다 (U+B2E4) in font [lmroman10-regular]:+tlig;!
Missing character: There is no 의 (U+C758) in font [lmroman10-regular]:+tlig;!
Missing character: There is no 를 (U+B97C) in font [lmroman10-regular]:+tlig;!
Missing character: There is no 설 (U+C124) in font [lmroman10-regular]:+tlig;!
Missing character: There is no 명 (U+BA85) in font [lmroman10-regular]:+tlig;!
Missing character: There is no 할 (U+D560) in font [lmroman10-regular]:+tlig;!
Missing character: There is no 때 (U+B54C) in font [lmroman10-regular]:+tlig;!
Missing character: There is no 가 (U+AC00) in font [lmroman10-regular]:+tlig;!
Missing character: There is no 장 (U+C7A5) in font [lmroman10-regular]:+tlig;!
Missing character: There is no 표 (U+D45C) in font [lmroman10-regular]:+tlig;!
Missing character: There is no 준 (U+C900) in font [lmroman10-regular]:+tlig;!
Missing character: There is no 적 (U+C801) in font [lmroman10-regular]:+tlig;!
Missing character: There is no 인 (U+C778) in font [lmroman10-regular]:+tlig;!
Missing character: There is no 도 (U+B3C4) in font [lmroman10-regular]:+tlig;!
Missing character: There is no 구 (U+AD6C) in font [lmroman10-regular]:+tlig;!
Missing character: There is no 는 (U+B294) in font [lmroman10-regular]:+tlig;!
Missing character: There is no 이 (U+C774) in font [lmroman10-regular]:+tlig;!
Missing character: There is no 다 (U+B2E4) in font [lmroman10-regular]:+tlig;!
Missing character: There is no 반 (U+BC18) in font [lmroman10-regular]:+tlig;!
Missing character: There is no 복 (U+BCF5) in font [lmroman10-regular]:+tlig;!
Missing character: There is no 문 (U+BB38) in font [lmroman10-regular]:+tlig;!
Missing character: There is no 의 (U+C758) in font [lmroman10-regular]:+tlig;!
Missing character: There is no 각 (U+AC01) in font [lmroman10-regular]:+tlig;!
Missing character: There is no 반 (U+BC18) in font [lmroman10-regular]:+tlig;!
Missing character: There is no 복 (U+BCF5) in font [lmroman10-regular]:+tlig;!
Missing character: There is no 이 (U+C774) in font [lmroman10-regular]:+tlig;!
Missing character: There is no 시 (U+C2DC) in font [lmroman10-regular]:+tlig;!
Missing character: There is no 작 (U+C791) in font [lmroman10-regular]:+tlig;!
Missing character: There is no 될 (U+B420) in font [lmroman10-regular]:+tlig;!
Missing character: There is no 때 (U+B54C) in font [lmroman10-regular]:+tlig;!
Missing character: There is no 마 (U+B9C8) in font [lmroman10-regular]:+tlig;!
Missing character: There is no 다 (U+B2E4) in font [lmroman10-regular]:+tlig;!
Missing character: There is no 부 (U+BD80) in font [lmroman10-regular]:+tlig;!
Missing character: There is no 분 (U+BD84) in font [lmroman10-regular]:+tlig;!
Missing character: There is no 배 (U+BC30) in font [lmroman10-regular]:+tlig;!
Missing character: There is no 열 (U+C5F4) in font [lmroman10-regular]:+tlig;!
Missing character: There is no 은 (U+C740) in font [lmroman10-regular]:+tlig;!
Missing character: There is no 원 (U+C6D0) in font [lmroman10-regular]:+tlig;!
Missing character: There is no 래 (U+B798) in font [lmroman10-regular]:+tlig;!
Missing character: There is no 그 (U+ADF8) in font [lmroman10-regular]:+tlig;!
Missing character: There is no 원 (U+C6D0) in font [lmroman10-regular]:+tlig;!
Missing character: There is no 소 (U+C18C) in font [lmroman10-regular]:+tlig;!
Missing character: There is no 들 (U+B4E4) in font [lmroman10-regular]:+tlig;!
Missing character: There is no 로 (U+B85C) in font [lmroman10-regular]:+tlig;!
Missing character: There is no 이 (U+C774) in font [lmroman10-regular]:+tlig;!
Missing character: There is no 루 (U+B8E8) in font [lmroman10-regular]:+tlig;!
Missing character: There is no 어 (U+C5B4) in font [lmroman10-regular]:+tlig;!
Missing character: There is no 진 (U+C9C4) in font [lmroman10-regular]:+tlig;!
Missing character: There is no 정 (U+C815) in font [lmroman10-bold]:+tlig;!
Missing character: There is no 렬 (U+B82C) in font [lmroman10-bold]:+tlig;!
Missing character: There is no 된 (U+B41C) in font [lmroman10-bold]:+tlig;!
Missing character: There is no 배 (U+BC30) in font [lmroman10-bold]:+tlig;!
Missing character: There is no 열 (U+C5F4) in font [lmroman10-bold]:+tlig;!
Missing character: There is no 이 (U+C774) in font [lmroman10-regular]:+tlig;!
Missing character: There is no 다 (U+B2E4) in font [lmroman10-regular]:+tlig;!
Missing character: There is no 반 (U+BC18) in font [lmroman10-regular]:+tlig;!
Missing character: There is no 복 (U+BCF5) in font [lmroman10-regular]:+tlig;!
Missing character: There is no 문 (U+BB38) in font [lmroman10-regular]:+tlig;!
Missing character: There is no 의 (U+C758) in font [lmroman10-regular]:+tlig;!
Missing character: There is no 각 (U+AC01) in font [lmroman10-regular]:+tlig;!
Missing character: There is no 반 (U+BC18) in font [lmroman10-regular]:+tlig;!
Missing character: There is no 복 (U+BCF5) in font [lmroman10-regular]:+tlig;!
Missing character: There is no 이 (U+C774) in font [lmroman10-regular]:+tlig;!
Missing character: There is no 시 (U+C2DC) in font [lmroman10-regular]:+tlig;!
Missing character: There is no 작 (U+C791) in font [lmroman10-regular]:+tlig;!
Missing character: There is no 될 (U+B420) in font [lmroman10-regular]:+tlig;!
Missing character: There is no 때 (U+B54C) in font [lmroman10-regular]:+tlig;!
Missing character: There is no 마 (U+B9C8) in font [lmroman10-regular]:+tlig;!
Missing character: There is no 다 (U+B2E4) in font [lmroman10-regular]:+tlig;!
Missing character: There is no 부 (U+BD80) in font [lmroman10-regular]:+tlig;!
Missing character: There is no 분 (U+BD84) in font [lmroman10-regular]:+tlig;!
Missing character: There is no 배 (U+BC30) in font [lmroman10-regular]:+tlig;!
Missing character: There is no 열 (U+C5F4) in font [lmroman10-regular]:+tlig;!
Missing character: There is no 은 (U+C740) in font [lmroman10-regular]:+tlig;!
Missing character: There is no 원 (U+C6D0) in font [lmroman10-regular]:+tlig;!
Missing character: There is no 래 (U+B798) in font [lmroman10-regular]:+tlig;!
Missing character: There is no 그 (U+ADF8) in font [lmroman10-regular]:+tlig;!
Missing character: There is no 원 (U+C6D0) in font [lmroman10-regular]:+tlig;!
Missing character: There is no 소 (U+C18C) in font [lmroman10-regular]:+tlig;!
Missing character: There is no 들 (U+B4E4) in font [lmroman10-regular]:+tlig;!
Missing character: There is no 로 (U+B85C) in font [lmroman10-regular]:+tlig;!
Missing character: There is no 이 (U+C774) in font [lmroman10-regular]:+tlig;!
Missing character: There is no 루 (U+B8E8) in font [lmroman10-regular]:+tlig;!
Missing character: There is no 어 (U+C5B4) in font [lmroman10-regular]:+tlig;!
Missing character: There is no 진 (U+C9C4) in font [lmroman10-regular]:+tlig;!
Missing character: There is no 정 (U+C815) in font [lmroman10-bold]:+tlig;!
Missing character: There is no 렬 (U+B82C) in font [lmroman10-bold]:+tlig;!
Missing character: There is no 된 (U+B41C) in font [lmroman10-bold]:+tlig;!
Missing character: There is no 배 (U+BC30) in font [lmroman10-bold]:+tlig;!
Missing character: There is no 열 (U+C5F4) in font [lmroman10-bold]:+tlig;!
Missing character: There is no 이 (U+C774) in font [lmroman10-regular]:+tlig;!
Missing character: There is no 다 (U+B2E4) in font [lmroman10-regular]:+tlig;!
Missing character: There is no 반 (U+BC18) in font [lmroman10-regular]:+tlig;!
Missing character: There is no 복 (U+BCF5) in font [lmroman10-regular]:+tlig;!
Missing character: There is no 문 (U+BB38) in font [lmroman10-regular]:+tlig;!
Missing character: There is no 의 (U+C758) in font [lmroman10-regular]:+tlig;!
Missing character: There is no 각 (U+AC01) in font [lmroman10-regular]:+tlig;!
Missing character: There is no 반 (U+BC18) in font [lmroman10-regular]:+tlig;!
Missing character: There is no 복 (U+BCF5) in font [lmroman10-regular]:+tlig;!
Missing character: There is no 이 (U+C774) in font [lmroman10-regular]:+tlig;!
Missing character: There is no 시 (U+C2DC) in font [lmroman10-regular]:+tlig;!
Missing character: There is no 작 (U+C791) in font [lmroman10-regular]:+tlig;!
Missing character: There is no 될 (U+B420) in font [lmroman10-regular]:+tlig;!
Missing character: There is no 때 (U+B54C) in font [lmroman10-regular]:+tlig;!
Missing character: There is no 마 (U+B9C8) in font [lmroman10-regular]:+tlig;!
Missing character: There is no 다 (U+B2E4) in font [lmroman10-regular]:+tlig;!
Missing character: There is no 부 (U+BD80) in font [lmroman10-regular]:+tlig;!
Missing character: There is no 분 (U+BD84) in font [lmroman10-regular]:+tlig;!
Missing character: There is no 배 (U+BC30) in font [lmroman10-regular]:+tlig;!
Missing character: There is no 열 (U+C5F4) in font [lmroman10-regular]:+tlig;!
Missing character: There is no 은 (U+C740) in font [lmroman10-regular]:+tlig;!
Missing character: There is no 원 (U+C6D0) in font [lmroman10-regular]:+tlig;!
Missing character: There is no 래 (U+B798) in font [lmroman10-regular]:+tlig;!
Missing character: There is no 그 (U+ADF8) in font [lmroman10-regular]:+tlig;!
Missing character: There is no 원 (U+C6D0) in font [lmroman10-regular]:+tlig;!
Missing character: There is no 소 (U+C18C) in font [lmroman10-regular]:+tlig;!
Missing character: There is no 들 (U+B4E4) in font [lmroman10-regular]:+tlig;!
Missing character: There is no 로 (U+B85C) in font [lmroman10-regular]:+tlig;!
Missing character: There is no 이 (U+C774) in font [lmroman10-regular]:+tlig;!
Missing character: There is no 루 (U+B8E8) in font [lmroman10-regular]:+tlig;!
Missing character: There is no 어 (U+C5B4) in font [lmroman10-regular]:+tlig;!
Missing character: There is no 진 (U+C9C4) in font [lmroman10-regular]:+tlig;!
Missing character: There is no 정 (U+C815) in font [lmroman10-bold]:+tlig;!
Missing character: There is no 렬 (U+B82C) in font [lmroman10-bold]:+tlig;!
Missing character: There is no 된 (U+B41C) in font [lmroman10-bold]:+tlig;!
Missing character: There is no 배 (U+BC30) in font [lmroman10-bold]:+tlig;!
Missing character: There is no 열 (U+C5F4) in font [lmroman10-bold]:+tlig;!
Missing character: There is no 이 (U+C774) in font [lmroman10-regular]:+tlig;!
Missing character: There is no 다 (U+B2E4) in font [lmroman10-regular]:+tlig;!
Missing character: There is no 반 (U+BC18) in font [lmroman10-regular]:+tlig;!
Missing character: There is no 복 (U+BCF5) in font [lmroman10-regular]:+tlig;!
Missing character: There is no 문 (U+BB38) in font [lmroman10-regular]:+tlig;!
Missing character: There is no 의 (U+C758) in font [lmroman10-regular]:+tlig;!
Missing character: There is no 각 (U+AC01) in font [lmroman10-regular]:+tlig;!
Missing character: There is no 반 (U+BC18) in font [lmroman10-regular]:+tlig;!
Missing character: There is no 복 (U+BCF5) in font [lmroman10-regular]:+tlig;!
Missing character: There is no 이 (U+C774) in font [lmroman10-regular]:+tlig;!
Missing character: There is no 시 (U+C2DC) in font [lmroman10-regular]:+tlig;!
Missing character: There is no 작 (U+C791) in font [lmroman10-regular]:+tlig;!
Missing character: There is no 될 (U+B420) in font [lmroman10-regular]:+tlig;!
Missing character: There is no 때 (U+B54C) in font [lmroman10-regular]:+tlig;!
Missing character: There is no 마 (U+B9C8) in font [lmroman10-regular]:+tlig;!
Missing character: There is no 다 (U+B2E4) in font [lmroman10-regular]:+tlig;!
Missing character: There is no 부 (U+BD80) in font [lmroman10-regular]:+tlig;!
Missing character: There is no 분 (U+BD84) in font [lmroman10-regular]:+tlig;!
Missing character: There is no 배 (U+BC30) in font [lmroman10-regular]:+tlig;!
Missing character: There is no 열 (U+C5F4) in font [lmroman10-regular]:+tlig;!
Missing character: There is no 은 (U+C740) in font [lmroman10-regular]:+tlig;!
Missing character: There is no 원 (U+C6D0) in font [lmroman10-regular]:+tlig;!
Missing character: There is no 래 (U+B798) in font [lmroman10-regular]:+tlig;!
Missing character: There is no 그 (U+ADF8) in font [lmroman10-regular]:+tlig;!
Missing character: There is no 원 (U+C6D0) in font [lmroman10-regular]:+tlig;!
Missing character: There is no 소 (U+C18C) in font [lmroman10-regular]:+tlig;!
Missing character: There is no 들 (U+B4E4) in font [lmroman10-regular]:+tlig;!
Missing character: There is no 로 (U+B85C) in font [lmroman10-regular]:+tlig;!
Missing character: There is no 이 (U+C774) in font [lmroman10-regular]:+tlig;!
Missing character: There is no 루 (U+B8E8) in font [lmroman10-regular]:+tlig;!
Missing character: There is no 어 (U+C5B4) in font [lmroman10-regular]:+tlig;!
Missing character: There is no 진 (U+C9C4) in font [lmroman10-regular]:+tlig;!
Missing character: There is no 정 (U+C815) in font [lmroman10-bold]:+tlig;!
Missing character: There is no 렬 (U+B82C) in font [lmroman10-bold]:+tlig;!
Missing character: There is no 된 (U+B41C) in font [lmroman10-bold]:+tlig;!
Missing character: There is no 배 (U+BC30) in font [lmroman10-bold]:+tlig;!
Missing character: There is no 열 (U+C5F4) in font [lmroman10-bold]:+tlig;!
Missing character: There is no 이 (U+C774) in font [lmroman10-regular]:+tlig;!
Missing character: There is no 다 (U+B2E4) in font [lmroman10-regular]:+tlig;!

Underfull \hbox (badness 10000) in paragraph at lines 274--277

 []

Missing character: There is no 이 (U+C774) in font [lmroman10-regular]:+tlig;!
Missing character: There is no 는 (U+B294) in font [lmroman10-regular]:+tlig;!
Missing character: There is no 의 (U+C758) in font [lmroman10-regular]:+tlig;!
Missing character: There is no 철 (U+CCA0) in font [lmroman10-regular]:+tlig;!
Missing character: There is no 학 (U+D559) in font [lmroman10-regular]:+tlig;!
Missing character: There is no 과 (U+ACFC) in font [lmroman10-regular]:+tlig;!
Missing character: There is no 정 (U+C815) in font [lmroman10-regular]:+tlig;!
Missing character: There is no 확 (U+D655) in font [lmroman10-regular]:+tlig;!
Missing character: There is no 히 (U+D788) in font [lmroman10-regular]:+tlig;!
Missing character: There is no 일 (U+C77C) in font [lmroman10-regular]:+tlig;!
Missing character: There is no 치 (U+CE58) in font [lmroman10-regular]:+tlig;!
Missing character: There is no 한 (U+D55C) in font [lmroman10-regular]:+tlig;!
Missing character: There is no 다 (U+B2E4) in font [lmroman10-regular]:+tlig;!
Missing character: There is no 즉 (U+C989) in font [lmroman10-regular]:+tlig;!
Missing character: There is no 이 (U+C774) in font [lmroman10-regular]:+tlig;!
Missing character: There is no 전 (U+C804) in font [lmroman10-regular]:+tlig;!
Missing character: There is no 단 (U+B2E8) in font [lmroman10-regular]:+tlig;!
Missing character: There is no 계 (U+ACC4) in font [lmroman10-regular]:+tlig;!
Missing character: There is no 까 (U+AE4C) in font [lmroman10-regular]:+tlig;!
Missing character: There is no 지 (U+C9C0) in font [lmroman10-regular]:+tlig;!
Missing character: There is no 의 (U+C758) in font [lmroman10-regular]:+tlig;!
Missing character: There is no 해 (U+D574) in font [lmroman10-regular]:+tlig;!
Missing character: There is no 가 (U+AC00) in font [lmroman10-regular]:+tlig;!
Missing character: There is no 올 (U+C62C) in font [lmroman10-regular]:+tlig;!
Missing character: There is no 바 (U+BC14) in font [lmroman10-regular]:+tlig;!
Missing character: There is no 르 (U+B974) in font [lmroman10-regular]:+tlig;!
Missing character: There is no 다 (U+B2E4) in font [lmroman10-regular]:+tlig;!
Missing character: There is no 고 (U+ACE0) in font [lmroman10-regular]:+tlig;!
Missing character: There is no 가 (U+AC00) in font [lmroman10-regular]:+tlig;!
Missing character: There is no 정 (U+C815) in font [lmroman10-regular]:+tlig;!
Missing character: There is no 하 (U+D558) in font [lmroman10-regular]:+tlig;!
Missing character: There is no 고 (U+ACE0) in font [lmroman10-regular]:+tlig;!
Missing character: There is no 그 (U+ADF8) in font [lmroman10-regular]:+tlig;!
Missing character: There is no 위 (U+C704) in font [lmroman10-regular]:+tlig;!
Missing character: There is no 에 (U+C5D0) in font [lmroman10-regular]:+tlig;!
Missing character: There is no 새 (U+C0C8) in font [lmroman10-regular]:+tlig;!
Missing character: There is no 로 (U+B85C) in font [lmroman10-regular]:+tlig;!
Missing character: There is no 운 (U+C6B4) in font [lmroman10-regular]:+tlig;!
Missing character: There is no 원 (U+C6D0) in font [lmroman10-regular]:+tlig;!
Missing character: There is no 소 (U+C18C) in font [lmroman10-regular]:+tlig;!
Missing character: There is no 를 (U+B97C) in font [lmroman10-regular]:+tlig;!
Missing character: There is no 추 (U+CD94) in font [lmroman10-regular]:+tlig;!
Missing character: There is no 가 (U+AC00) in font [lmroman10-regular]:+tlig;!
Missing character: There is no 해 (U+D574) in font [lmroman10-regular]:+tlig;!
Missing character: There is no 서 (U+C11C) in font [lmroman10-regular]:+tlig;!
Missing character: There is no 더 (U+B354) in font [lmroman10-regular]:+tlig;!
Missing character: There is no 큰 (U+D070) in font [lmroman10-regular]:+tlig;!
Missing character: There is no 해 (U+D574) in font [lmroman10-regular]:+tlig;!
Missing character: There is no 를 (U+B97C) in font [lmroman10-regular]:+tlig;!
Missing character: There is no 만 (U+B9CC) in font [lmroman10-regular]:+tlig;!
Missing character: There is no 드 (U+B4DC) in font [lmroman10-regular]:+tlig;!
Missing character: There is no 는 (U+B294) in font [lmroman10-regular]:+tlig;!
Missing character: There is no 것 (U+AC83) in font [lmroman10-regular]:+tlig;!
Missing character: There is no 이 (U+C774) in font [lmroman10-regular]:+tlig;!
Missing character: There is no 다 (U+B2E4) in font [lmroman10-regular]:+tlig;!
Missing character: There is no 이 (U+C774) in font [lmroman10-regular]:+tlig;!
Missing character: There is no 는 (U+B294) in font [lmroman10-regular]:+tlig;!
Missing character: There is no 의 (U+C758) in font [lmroman10-regular]:+tlig;!
Missing character: There is no 철 (U+CCA0) in font [lmroman10-regular]:+tlig;!
Missing character: There is no 학 (U+D559) in font [lmroman10-regular]:+tlig;!
Missing character: There is no 과 (U+ACFC) in font [lmroman10-regular]:+tlig;!
Missing character: There is no 정 (U+C815) in font [lmroman10-regular]:+tlig;!
Missing character: There is no 확 (U+D655) in font [lmroman10-regular]:+tlig;!
Missing character: There is no 히 (U+D788) in font [lmroman10-regular]:+tlig;!
Missing character: There is no 일 (U+C77C) in font [lmroman10-regular]:+tlig;!
Missing character: There is no 치 (U+CE58) in font [lmroman10-regular]:+tlig;!
Missing character: There is no 한 (U+D55C) in font [lmroman10-regular]:+tlig;!
Missing character: There is no 다 (U+B2E4) in font [lmroman10-regular]:+tlig;!
Missing character: There is no 즉 (U+C989) in font [lmroman10-regular]:+tlig;!
Missing character: There is no 이 (U+C774) in font [lmroman10-regular]:+tlig;!
Missing character: There is no 전 (U+C804) in font [lmroman10-regular]:+tlig;!
Missing character: There is no 단 (U+B2E8) in font [lmroman10-regular]:+tlig;!
Missing character: There is no 계 (U+ACC4) in font [lmroman10-regular]:+tlig;!
Missing character: There is no 까 (U+AE4C) in font [lmroman10-regular]:+tlig;!
Missing character: There is no 지 (U+C9C0) in font [lmroman10-regular]:+tlig;!
Missing character: There is no 의 (U+C758) in font [lmroman10-regular]:+tlig;!
Missing character: There is no 해 (U+D574) in font [lmroman10-regular]:+tlig;!
Missing character: There is no 가 (U+AC00) in font [lmroman10-regular]:+tlig;!
Missing character: There is no 올 (U+C62C) in font [lmroman10-regular]:+tlig;!
Missing character: There is no 바 (U+BC14) in font [lmroman10-regular]:+tlig;!
Missing character: There is no 르 (U+B974) in font [lmroman10-regular]:+tlig;!
Missing character: There is no 다 (U+B2E4) in font [lmroman10-regular]:+tlig;!
Missing character: There is no 고 (U+ACE0) in font [lmroman10-regular]:+tlig;!
Missing character: There is no 가 (U+AC00) in font [lmroman10-regular]:+tlig;!
Missing character: There is no 정 (U+C815) in font [lmroman10-regular]:+tlig;!
Missing character: There is no 하 (U+D558) in font [lmroman10-regular]:+tlig;!
Missing character: There is no 고 (U+ACE0) in font [lmroman10-regular]:+tlig;!
Missing character: There is no 그 (U+ADF8) in font [lmroman10-regular]:+tlig;!
Missing character: There is no 위 (U+C704) in font [lmroman10-regular]:+tlig;!
Missing character: There is no 에 (U+C5D0) in font [lmroman10-regular]:+tlig;!
Missing character: There is no 새 (U+C0C8) in font [lmroman10-regular]:+tlig;!
Missing character: There is no 로 (U+B85C) in font [lmroman10-regular]:+tlig;!
Missing character: There is no 운 (U+C6B4) in font [lmroman10-regular]:+tlig;!
Missing character: There is no 원 (U+C6D0) in font [lmroman10-regular]:+tlig;!
Missing character: There is no 소 (U+C18C) in font [lmroman10-regular]:+tlig;!
Missing character: There is no 를 (U+B97C) in font [lmroman10-regular]:+tlig;!
Missing character: There is no 추 (U+CD94) in font [lmroman10-regular]:+tlig;!
Missing character: There is no 가 (U+AC00) in font [lmroman10-regular]:+tlig;!
Missing character: There is no 해 (U+D574) in font [lmroman10-regular]:+tlig;!
Missing character: There is no 서 (U+C11C) in font [lmroman10-regular]:+tlig;!
Missing character: There is no 더 (U+B354) in font [lmroman10-regular]:+tlig;!
Missing character: There is no 큰 (U+D070) in font [lmroman10-regular]:+tlig;!
Missing character: There is no 해 (U+D574) in font [lmroman10-regular]:+tlig;!
Missing character: There is no 를 (U+B97C) in font [lmroman10-regular]:+tlig;!
Missing character: There is no 만 (U+B9CC) in font [lmroman10-regular]:+tlig;!
Missing character: There is no 드 (U+B4DC) in font [lmroman10-regular]:+tlig;!
Missing character: There is no 이 (U+C774) in font [lmroman10-regular]:+tlig;!
Missing character: There is no 는 (U+B294) in font [lmroman10-regular]:+tlig;!
Missing character: There is no 의 (U+C758) in font [lmroman10-regular]:+tlig;!
Missing character: There is no 철 (U+CCA0) in font [lmroman10-regular]:+tlig;!
Missing character: There is no 학 (U+D559) in font [lmroman10-regular]:+tlig;!
Missing character: There is no 과 (U+ACFC) in font [lmroman10-regular]:+tlig;!
Missing character: There is no 정 (U+C815) in font [lmroman10-regular]:+tlig;!
Missing character: There is no 확 (U+D655) in font [lmroman10-regular]:+tlig;!
Missing character: There is no 히 (U+D788) in font [lmroman10-regular]:+tlig;!
Missing character: There is no 일 (U+C77C) in font [lmroman10-regular]:+tlig;!
Missing character: There is no 치 (U+CE58) in font [lmroman10-regular]:+tlig;!
Missing character: There is no 한 (U+D55C) in font [lmroman10-regular]:+tlig;!
Missing character: There is no 다 (U+B2E4) in font [lmroman10-regular]:+tlig;!
Missing character: There is no 즉 (U+C989) in font [lmroman10-regular]:+tlig;!
Missing character: There is no 이 (U+C774) in font [lmroman10-regular]:+tlig;!
Missing character: There is no 전 (U+C804) in font [lmroman10-regular]:+tlig;!
Missing character: There is no 단 (U+B2E8) in font [lmroman10-regular]:+tlig;!
Missing character: There is no 계 (U+ACC4) in font [lmroman10-regular]:+tlig;!
Missing character: There is no 까 (U+AE4C) in font [lmroman10-regular]:+tlig;!
Missing character: There is no 지 (U+C9C0) in font [lmroman10-regular]:+tlig;!
Missing character: There is no 의 (U+C758) in font [lmroman10-regular]:+tlig;!
Missing character: There is no 해 (U+D574) in font [lmroman10-regular]:+tlig;!
Missing character: There is no 가 (U+AC00) in font [lmroman10-regular]:+tlig;!
Missing character: There is no 올 (U+C62C) in font [lmroman10-regular]:+tlig;!
Missing character: There is no 바 (U+BC14) in font [lmroman10-regular]:+tlig;!
Missing character: There is no 르 (U+B974) in font [lmroman10-regular]:+tlig;!
Missing character: There is no 다 (U+B2E4) in font [lmroman10-regular]:+tlig;!
Missing character: There is no 고 (U+ACE0) in font [lmroman10-regular]:+tlig;!
Missing character: There is no 가 (U+AC00) in font [lmroman10-regular]:+tlig;!
Missing character: There is no 정 (U+C815) in font [lmroman10-regular]:+tlig;!
Missing character: There is no 하 (U+D558) in font [lmroman10-regular]:+tlig;!
Missing character: There is no 고 (U+ACE0) in font [lmroman10-regular]:+tlig;!
Missing character: There is no 그 (U+ADF8) in font [lmroman10-regular]:+tlig;!
Missing character: There is no 위 (U+C704) in font [lmroman10-regular]:+tlig;!
Missing character: There is no 에 (U+C5D0) in font [lmroman10-regular]:+tlig;!
Missing character: There is no 새 (U+C0C8) in font [lmroman10-regular]:+tlig;!
Missing character: There is no 로 (U+B85C) in font [lmroman10-regular]:+tlig;!
Missing character: There is no 운 (U+C6B4) in font [lmroman10-regular]:+tlig;!
Missing character: There is no 원 (U+C6D0) in font [lmroman10-regular]:+tlig;!
Missing character: There is no 소 (U+C18C) in font [lmroman10-regular]:+tlig;!
Missing character: There is no 를 (U+B97C) in font [lmroman10-regular]:+tlig;!
Missing character: There is no 추 (U+CD94) in font [lmroman10-regular]:+tlig;!
Missing character: There is no 가 (U+AC00) in font [lmroman10-regular]:+tlig;!
Missing character: There is no 해 (U+D574) in font [lmroman10-regular]:+tlig;!
Missing character: There is no 서 (U+C11C) in font [lmroman10-regular]:+tlig;!
Missing character: There is no 더 (U+B354) in font [lmroman10-regular]:+tlig;!
Missing character: There is no 큰 (U+D070) in font [lmroman10-regular]:+tlig;!
Missing character: There is no 해 (U+D574) in font [lmroman10-regular]:+tlig;!
Missing character: There is no 를 (U+B97C) in font [lmroman10-regular]:+tlig;!
Missing character: There is no 만 (U+B9CC) in font [lmroman10-regular]:+tlig;!
Missing character: There is no 드 (U+B4DC) in font [lmroman10-regular]:+tlig;!
Missing character: There is no 는 (U+B294) in font [lmroman10-regular]:+tlig;!
Missing character: There is no 것 (U+AC83) in font [lmroman10-regular]:+tlig;!
Missing character: There is no 이 (U+C774) in font [lmroman10-regular]:+tlig;!
Missing character: There is no 다 (U+B2E4) in font [lmroman10-regular]:+tlig;!
Missing character: There is no 첫 (U+CCAB) in font [lmroman10-regular]:+tlig;!
Missing character: There is no 번 (U+BC88) in font [lmroman10-regular]:+tlig;!
Missing character: There is no 째 (U+C9F8) in font [lmroman10-regular]:+tlig;!
Missing character: There is no 반 (U+BC18) in font [lmroman10-regular]:+tlig;!
Missing character: There is no 복 (U+BCF5) in font [lmroman10-regular]:+tlig;!
Missing character: There is no 이 (U+C774) in font [lmroman10-regular]:+tlig;!
Missing character: There is no 시 (U+C2DC) in font [lmroman10-regular]:+tlig;!
Missing character: There is no 작 (U+C791) in font [lmroman10-regular]:+tlig;!
Missing character: There is no 될 (U+B420) in font [lmroman10-regular]:+tlig;!
Missing character: There is no 때 (U+B54C) in font [lmroman10-regular]:+tlig;!
Missing character: There is no 이 (U+C774) in font [lmroman10-regular]:+tlig;!
Missing character: There is no 다 (U+B2E4) in font [lmroman10-regular]:+tlig;!
Missing character: There is no 첫 (U+CCAB) in font [lmroman10-regular]:+tlig;!
Missing character: There is no 번 (U+BC88) in font [lmroman10-regular]:+tlig;!
Missing character: There is no 째 (U+C9F8) in font [lmroman10-regular]:+tlig;!
Missing character: There is no 반 (U+BC18) in font [lmroman10-regular]:+tlig;!
Missing character: There is no 복 (U+BCF5) in font [lmroman10-regular]:+tlig;!
Missing character: There is no 이 (U+C774) in font [lmroman10-regular]:+tlig;!
Missing character: There is no 시 (U+C2DC) in font [lmroman10-regular]:+tlig;!
Missing character: There is no 작 (U+C791) in font [lmroman10-regular]:+tlig;!
Missing character: There is no 될 (U+B420) in font [lmroman10-regular]:+tlig;!
Missing character: There is no 때 (U+B54C) in font [lmroman10-regular]:+tlig;!
Missing character: There is no 이 (U+C774) in font [lmroman10-regular]:+tlig;!
Missing character: There is no 다 (U+B2E4) in font [lmroman10-regular]:+tlig;!
Missing character: There is no 이 (U+C774) in font [lmroman10-regular]:+tlig;!
Missing character: There is no 때 (U+B54C) in font [lmroman10-regular]:+tlig;!
Missing character: There is no 인 (U+C778) in font [lmroman10-regular]:+tlig;!
Missing character: There is no 데 (U+B370) in font [lmroman10-regular]:+tlig;!
Missing character: There is no 원 (U+C6D0) in font [lmroman10-regular]:+tlig;!
Missing character: There is no 소 (U+C18C) in font [lmroman10-regular]:+tlig;!
Missing character: There is no 가 (U+AC00) in font [lmroman10-regular]:+tlig;!
Missing character: There is no 하 (U+D558) in font [lmroman10-regular]:+tlig;!
Missing character: There is no 나 (U+B098) in font [lmroman10-regular]:+tlig;!
Missing character: There is no 뿐 (U+BFD0) in font [lmroman10-regular]:+tlig;!
Missing character: There is no 인 (U+C778) in font [lmroman10-regular]:+tlig;!
Missing character: There is no 배 (U+BC30) in font [lmroman10-regular]:+tlig;!
Missing character: There is no 열 (U+C5F4) in font [lmroman10-regular]:+tlig;!
Missing character: There is no 은 (U+C740) in font [lmroman10-regular]:+tlig;!
Missing character: There is no 항 (U+D56D) in font [lmroman10-regular]:+tlig;!
Missing character: There is no 상 (U+C0C1) in font [lmroman10-regular]:+tlig;!
Missing character: There is no 정 (U+C815) in font [lmroman10-regular]:+tlig;!
Missing character: There is no 렬 (U+B82C) in font [lmroman10-regular]:+tlig;!
Missing character: There is no 되 (U+B418) in font [lmroman10-regular]:+tlig;!
Missing character: There is no 어 (U+C5B4) in font [lmroman10-regular]:+tlig;!
Missing character: There is no 있 (U+C788) in font [lmroman10-regular]:+tlig;!
Missing character: There is no 다 (U+B2E4) in font [lmroman10-regular]:+tlig;!
Missing character: There is no 이 (U+C774) in font [lmroman10-regular]:+tlig;!
Missing character: There is no 때 (U+B54C) in font [lmroman10-regular]:+tlig;!
Missing character: There is no 인 (U+C778) in font [lmroman10-regular]:+tlig;!
Missing character: There is no 데 (U+B370) in font [lmroman10-regular]:+tlig;!
Missing character: There is no 원 (U+C6D0) in font [lmroman10-regular]:+tlig;!
Missing character: There is no 소 (U+C18C) in font [lmroman10-regular]:+tlig;!
Missing character: There is no 가 (U+AC00) in font [lmroman10-regular]:+tlig;!
Missing character: There is no 하 (U+D558) in font [lmroman10-regular]:+tlig;!
Missing character: There is no 나 (U+B098) in font [lmroman10-regular]:+tlig;!
Missing character: There is no 뿐 (U+BFD0) in font [lmroman10-regular]:+tlig;!
Missing character: There is no 인 (U+C778) in font [lmroman10-regular]:+tlig;!
Missing character: There is no 배 (U+BC30) in font [lmroman10-regular]:+tlig;!
Missing character: There is no 열 (U+C5F4) in font [lmroman10-regular]:+tlig;!
Missing character: There is no 은 (U+C740) in font [lmroman10-regular]:+tlig;!
Missing character: There is no 항 (U+D56D) in font [lmroman10-regular]:+tlig;!
Missing character: There is no 상 (U+C0C1) in font [lmroman10-regular]:+tlig;!
Missing character: There is no 정 (U+C815) in font [lmroman10-regular]:+tlig;!
Missing character: There is no 렬 (U+B82C) in font [lmroman10-regular]:+tlig;!
Missing character: There is no 되 (U+B418) in font [lmroman10-regular]:+tlig;!
Missing character: There is no 어 (U+C5B4) in font [lmroman10-regular]:+tlig;!
Missing character: There is no 있 (U+C788) in font [lmroman10-regular]:+tlig;!
Missing character: There is no 다 (U+B2E4) in font [lmroman10-regular]:+tlig;!
Missing character: There is no 따 (U+B530) in font [lmroman10-regular]:+tlig;!
Missing character: There is no 라 (U+B77C) in font [lmroman10-regular]:+tlig;!
Missing character: There is no 서 (U+C11C) in font [lmroman10-regular]:+tlig;!
Missing character: There is no 는 (U+B294) in font [lmroman10-regular]:+tlig;!
Missing character: There is no 처 (U+CC98) in font [lmroman10-regular]:+tlig;!
Missing character: There is no 음 (U+C74C) in font [lmroman10-regular]:+tlig;!
Missing character: There is no 부 (U+BD80) in font [lmroman10-regular]:+tlig;!
Missing character: There is no 터 (U+D130) in font [lmroman10-regular]:+tlig;!
Missing character: There is no 성 (U+C131) in font [lmroman10-regular]:+tlig;!
Missing character: There is no 립 (U+B9BD) in font [lmroman10-regular]:+tlig;!
Missing character: There is no 한 (U+D55C) in font [lmroman10-regular]:+tlig;!
Missing character: There is no 다 (U+B2E4) in font [lmroman10-regular]:+tlig;!
Missing character: There is no 따 (U+B530) in font [lmroman10-regular]:+tlig;!
Missing character: There is no 라 (U+B77C) in font [lmroman10-regular]:+tlig;!
Missing character: There is no 서 (U+C11C) in font [lmroman10-regular]:+tlig;!
Missing character: There is no 는 (U+B294) in font [lmroman10-regular]:+tlig;!
Missing character: There is no 처 (U+CC98) in font [lmroman10-regular]:+tlig;!
Missing character: There is no 음 (U+C74C) in font [lmroman10-regular]:+tlig;!
Missing character: There is no 부 (U+BD80) in font [lmroman10-regular]:+tlig;!
Missing character: There is no 터 (U+D130) in font [lmroman10-regular]:+tlig;!
Missing character: There is no 성 (U+C131) in font [lmroman10-regular]:+tlig;!
Missing character: There is no 립 (U+B9BD) in font [lmroman10-regular]:+tlig;!
Missing character: There is no 한 (U+D55C) in font [lmroman10-regular]:+tlig;!
Missing character: There is no 다 (U+B2E4) in font [lmroman10-regular]:+tlig;!
Missing character: There is no 반 (U+BC18) in font [lmroman10-regular]:+tlig;!
Missing character: There is no 복 (U+BCF5) in font [lmroman10-regular]:+tlig;!
Missing character: There is no 이 (U+C774) in font [lmroman10-regular]:+tlig;!
Missing character: There is no 시 (U+C2DC) in font [lmroman10-regular]:+tlig;!
Missing character: There is no 작 (U+C791) in font [lmroman10-regular]:+tlig;!
Missing character: There is no 될 (U+B420) in font [lmroman10-regular]:+tlig;!
Missing character: There is no 때 (U+B54C) in font [lmroman10-regular]:+tlig;!
Missing character: There is no 이 (U+C774) in font [lmroman10-regular]:+tlig;!
Missing character: There is no 정 (U+C815) in font [lmroman10-regular]:+tlig;!
Missing character: There is no 렬 (U+B82C) in font [lmroman10-regular]:+tlig;!
Missing character: There is no 되 (U+B418) in font [lmroman10-regular]:+tlig;!
Missing character: There is no 어 (U+C5B4) in font [lmroman10-regular]:+tlig;!
Missing character: There is no 있 (U+C788) in font [lmroman10-regular]:+tlig;!
Missing character: There is no 다 (U+B2E4) in font [lmroman10-regular]:+tlig;!
Missing character: There is no 고 (U+ACE0) in font [lmroman10-regular]:+tlig;!
Missing character: There is no 가 (U+AC00) in font [lmroman10-regular]:+tlig;!
Missing character: There is no 정 (U+C815) in font [lmroman10-regular]:+tlig;!
Missing character: There is no 하 (U+D558) in font [lmroman10-regular]:+tlig;!
Missing character: There is no 자 (U+C790) in font [lmroman10-regular]:+tlig;!
Missing character: There is no 반 (U+BC18) in font [lmroman10-regular]:+tlig;!
Missing character: There is no 복 (U+BCF5) in font [lmroman10-regular]:+tlig;!
Missing character: There is no 이 (U+C774) in font [lmroman10-regular]:+tlig;!
Missing character: There is no 시 (U+C2DC) in font [lmroman10-regular]:+tlig;!
Missing character: There is no 작 (U+C791) in font [lmroman10-regular]:+tlig;!
Missing character: There is no 될 (U+B420) in font [lmroman10-regular]:+tlig;!
Missing character: There is no 때 (U+B54C) in font [lmroman10-regular]:+tlig;!
Missing character: There is no 이 (U+C774) in font [lmroman10-regular]:+tlig;!
Missing character: There is no 정 (U+C815) in font [lmroman10-regular]:+tlig;!
Missing character: There is no 렬 (U+B82C) in font [lmroman10-regular]:+tlig;!
Missing character: There is no 되 (U+B418) in font [lmroman10-regular]:+tlig;!
Missing character: There is no 어 (U+C5B4) in font [lmroman10-regular]:+tlig;!
Missing character: There is no 있 (U+C788) in font [lmroman10-regular]:+tlig;!
Missing character: There is no 다 (U+B2E4) in font [lmroman10-regular]:+tlig;!
Missing character: There is no 고 (U+ACE0) in font [lmroman10-regular]:+tlig;!
Missing character: There is no 가 (U+AC00) in font [lmroman10-regular]:+tlig;!
Missing character: There is no 정 (U+C815) in font [lmroman10-regular]:+tlig;!
Missing character: There is no 하 (U+D558) in font [lmroman10-regular]:+tlig;!
Missing character: There is no 자 (U+C790) in font [lmroman10-regular]:+tlig;!
Missing character: There is no 알 (U+C54C) in font [lmroman10-regular]:+tlig;!
Missing character: There is no 고 (U+ACE0) in font [lmroman10-regular]:+tlig;!
Missing character: There is no 리 (U+B9AC) in font [lmroman10-regular]:+tlig;!
Missing character: There is no 즘 (U+C998) in font [lmroman10-regular]:+tlig;!
Missing character: There is no 은 (U+C740) in font [lmroman10-regular]:+tlig;!
Missing character: There is no 를 (U+B97C) in font [lmroman10-regular]:+tlig;!
Missing character: There is no 이 (U+C774) in font [lmroman10-regular]:+tlig;!
Missing character: There is no 정 (U+C815) in font [lmroman10-regular]:+tlig;!
Missing character: There is no 렬 (U+B82C) in font [lmroman10-regular]:+tlig;!
Missing character: There is no 된 (U+B41C) in font [lmroman10-regular]:+tlig;!
Missing character: There is no 구 (U+AD6C) in font [lmroman10-regular]:+tlig;!
Missing character: There is no 간 (U+AC04) in font [lmroman10-regular]:+tlig;!
Missing character: There is no 안 (U+C548) in font [lmroman10-regular]:+tlig;!
Missing character: There is no 의 (U+C758) in font [lmroman10-regular]:+tlig;!
Missing character: There is no 적 (U+C801) in font [lmroman10-regular]:+tlig;!
Missing character: There is no 절 (U+C808) in font [lmroman10-regular]:+tlig;!
Missing character: There is no 한 (U+D55C) in font [lmroman10-regular]:+tlig;!
Missing character: There is no 위 (U+C704) in font [lmroman10-regular]:+tlig;!
Missing character: There is no 치 (U+CE58) in font [lmroman10-regular]:+tlig;!
Missing character: There is no 에 (U+C5D0) in font [lmroman10-regular]:+tlig;!
Missing character: There is no 삽 (U+C0BD) in font [lmroman10-regular]:+tlig;!
Missing character: There is no 입 (U+C785) in font [lmroman10-regular]:+tlig;!
Missing character: There is no 한 (U+D55C) in font [lmroman10-regular]:+tlig;!
Missing character: There is no 다 (U+B2E4) in font [lmroman10-regular]:+tlig;!
Missing character: There is no 삽 (U+C0BD) in font [lmroman10-regular]:+tlig;!
Missing character: There is no 입 (U+C785) in font [lmroman10-regular]:+tlig;!
Missing character: There is no 과 (U+ACFC) in font [lmroman10-regular]:+tlig;!
Missing character: There is no 정 (U+C815) in font [lmroman10-regular]:+tlig;!
Missing character: There is no 에 (U+C5D0) in font [lmroman10-regular]:+tlig;!
Missing character: There is no 서 (U+C11C) in font [lmroman10-regular]:+tlig;!
Missing character: There is no 는 (U+B294) in font [lmroman10-regular]:+tlig;!
Missing character: There is no 보 (U+BCF4) in font [lmroman10-regular]:+tlig;!
Missing character: There is no 다 (U+B2E4) in font [lmroman10-regular]:+tlig;!
Missing character: There is no 큰 (U+D070) in font [lmroman10-regular]:+tlig;!
Missing character: There is no 원 (U+C6D0) in font [lmroman10-regular]:+tlig;!
Missing character: There is no 소 (U+C18C) in font [lmroman10-regular]:+tlig;!
Missing character: There is no 들 (U+B4E4) in font [lmroman10-regular]:+tlig;!
Missing character: There is no 만 (U+B9CC) in font [lmroman10-regular]:+tlig;!
Missing character: There is no 오 (U+C624) in font [lmroman10-regular]:+tlig;!
Missing character: There is no 른 (U+B978) in font [lmroman10-regular]:+tlig;!
Missing character: There is no 쪽 (U+CABD) in font [lmroman10-regular]:+tlig;!
Missing character: There is no 으 (U+C73C) in font [lmroman10-regular]:+tlig;!
Missing character: There is no 로 (U+B85C) in font [lmroman10-regular]:+tlig;!
Missing character: There is no 밀 (U+BC00) in font [lmroman10-regular]:+tlig;!
Missing character: There is no 린 (U+B9B0) in font [lmroman10-regular]:+tlig;!
Missing character: There is no 다 (U+B2E4) in font [lmroman10-regular]:+tlig;!
Missing character: There is no 그 (U+ADF8) in font [lmroman10-regular]:+tlig;!
Missing character: There is no 후 (U+D6C4) in font [lmroman10-regular]:+tlig;!
Missing character: There is no 가 (U+AC00) in font [lmroman10-regular]:+tlig;!
Missing character: There is no 정 (U+C815) in font [lmroman10-regular]:+tlig;!
Missing character: There is no 확 (U+D655) in font [lmroman10-regular]:+tlig;!
Missing character: There is no 한 (U+D55C) in font [lmroman10-regular]:+tlig;!
Missing character: There is no 위 (U+C704) in font [lmroman10-regular]:+tlig;!
Missing character: There is no 치 (U+CE58) in font [lmroman10-regular]:+tlig;!
Missing character: There is no 에 (U+C5D0) in font [lmroman10-regular]:+tlig;!
Missing character: There is no 놓 (U+B193) in font [lmroman10-regular]:+tlig;!
Missing character: There is no 인 (U+C778) in font [lmroman10-regular]:+tlig;!
Missing character: There is no 다 (U+B2E4) in font [lmroman10-regular]:+tlig;!
Missing character: There is no 알 (U+C54C) in font [lmroman10-regular]:+tlig;!
Missing character: There is no 고 (U+ACE0) in font [lmroman10-regular]:+tlig;!
Missing character: There is no 리 (U+B9AC) in font [lmroman10-regular]:+tlig;!
Missing character: There is no 즘 (U+C998) in font [lmroman10-regular]:+tlig;!
Missing character: There is no 은 (U+C740) in font [lmroman10-regular]:+tlig;!
Missing character: There is no 를 (U+B97C) in font [lmroman10-regular]:+tlig;!
Missing character: There is no 이 (U+C774) in font [lmroman10-regular]:+tlig;!
Missing character: There is no 정 (U+C815) in font [lmroman10-regular]:+tlig;!
Missing character: There is no 렬 (U+B82C) in font [lmroman10-regular]:+tlig;!
Missing character: There is no 된 (U+B41C) in font [lmroman10-regular]:+tlig;!
Missing character: There is no 구 (U+AD6C) in font [lmroman10-regular]:+tlig;!
Missing character: There is no 간 (U+AC04) in font [lmroman10-regular]:+tlig;!
Missing character: There is no 안 (U+C548) in font [lmroman10-regular]:+tlig;!
Missing character: There is no 의 (U+C758) in font [lmroman10-regular]:+tlig;!
Missing character: There is no 적 (U+C801) in font [lmroman10-regular]:+tlig;!
Missing character: There is no 절 (U+C808) in font [lmroman10-regular]:+tlig;!
Missing character: There is no 한 (U+D55C) in font [lmroman10-regular]:+tlig;!
Missing character: There is no 위 (U+C704) in font [lmroman10-regular]:+tlig;!
Missing character: There is no 치 (U+CE58) in font [lmroman10-regular]:+tlig;!
Missing character: There is no 에 (U+C5D0) in font [lmroman10-regular]:+tlig;!
Missing character: There is no 삽 (U+C0BD) in font [lmroman10-regular]:+tlig;!
Missing character: There is no 입 (U+C785) in font [lmroman10-regular]:+tlig;!
Missing character: There is no 한 (U+D55C) in font [lmroman10-regular]:+tlig;!
Missing character: There is no 다 (U+B2E4) in font [lmroman10-regular]:+tlig;!
Missing character: There is no 삽 (U+C0BD) in font [lmroman10-regular]:+tlig;!
Missing character: There is no 입 (U+C785) in font [lmroman10-regular]:+tlig;!
Missing character: There is no 과 (U+ACFC) in font [lmroman10-regular]:+tlig;!
Missing character: There is no 정 (U+C815) in font [lmroman10-regular]:+tlig;!
Missing character: There is no 에 (U+C5D0) in font [lmroman10-regular]:+tlig;!
Missing character: There is no 서 (U+C11C) in font [lmroman10-regular]:+tlig;!
Missing character: There is no 는 (U+B294) in font [lmroman10-regular]:+tlig;!
Missing character: There is no 보 (U+BCF4) in font [lmroman10-regular]:+tlig;!
Missing character: There is no 다 (U+B2E4) in font [lmroman10-regular]:+tlig;!
Missing character: There is no 큰 (U+D070) in font [lmroman10-regular]:+tlig;!
Missing character: There is no 원 (U+C6D0) in font [lmroman10-regular]:+tlig;!
Missing character: There is no 소 (U+C18C) in font [lmroman10-regular]:+tlig;!
Missing character: There is no 들 (U+B4E4) in font [lmroman10-regular]:+tlig;!
Missing character: There is no 만 (U+B9CC) in font [lmroman10-regular]:+tlig;!
Missing character: There is no 오 (U+C624) in font [lmroman10-regular]:+tlig;!
Missing character: There is no 른 (U+B978) in font [lmroman10-regular]:+tlig;!
Missing character: There is no 쪽 (U+CABD) in font [lmroman10-regular]:+tlig;!
Missing character: There is no 으 (U+C73C) in font [lmroman10-regular]:+tlig;!
Missing character: There is no 로 (U+B85C) in font [lmroman10-regular]:+tlig;!
Missing character: There is no 밀 (U+BC00) in font [lmroman10-regular]:+tlig;!
Missing character: There is no 린 (U+B9B0) in font [lmroman10-regular]:+tlig;!
Missing character: There is no 다 (U+B2E4) in font [lmroman10-regular]:+tlig;!
Missing character: There is no 그 (U+ADF8) in font [lmroman10-regular]:+tlig;!
Missing character: There is no 후 (U+D6C4) in font [lmroman10-regular]:+tlig;!
Missing character: There is no 가 (U+AC00) in font [lmroman10-regular]:+tlig;!
Missing character: There is no 정 (U+C815) in font [lmroman10-regular]:+tlig;!
Missing character: There is no 확 (U+D655) in font [lmroman10-regular]:+tlig;!
Missing character: There is no 한 (U+D55C) in font [lmroman10-regular]:+tlig;!
Missing character: There is no 위 (U+C704) in font [lmroman10-regular]:+tlig;!
Missing character: There is no 치 (U+CE58) in font [lmroman10-regular]:+tlig;!
Missing character: There is no 에 (U+C5D0) in font [lmroman10-regular]:+tlig;!
Missing character: There is no 놓 (U+B193) in font [lmroman10-regular]:+tlig;!
Missing character: There is no 인 (U+C778) in font [lmroman10-regular]:+tlig;!
Missing character: There is no 다 (U+B2E4) in font [lmroman10-regular]:+tlig;!
Missing character: There is no 그 (U+ADF8) in font [lmroman10-regular]:+tlig;!
Missing character: There is no 러 (U+B7EC) in font [lmroman10-regular]:+tlig;!
Missing character: There is no 면 (U+BA74) in font [lmroman10-regular]:+tlig;!
Missing character: There is no 결 (U+ACB0) in font [lmroman10-regular]:+tlig;!
Missing character: There is no 과 (U+ACFC) in font [lmroman10-regular]:+tlig;!
Missing character: There is no 적 (U+C801) in font [lmroman10-regular]:+tlig;!
Missing character: There is no 으 (U+C73C) in font [lmroman10-regular]:+tlig;!
Missing character: There is no 로 (U+B85C) in font [lmroman10-regular]:+tlig;!
Missing character: There is no 가 (U+AC00) in font [lmroman10-regular]:+tlig;!
Missing character: There is no 정 (U+C815) in font [lmroman10-regular]:+tlig;!
Missing character: There is no 렬 (U+B82C) in font [lmroman10-regular]:+tlig;!
Missing character: There is no 된 (U+B41C) in font [lmroman10-regular]:+tlig;!
Missing character: There is no 다 (U+B2E4) in font [lmroman10-regular]:+tlig;!
Missing character: There is no 그 (U+ADF8) in font [lmroman10-regular]:+tlig;!
Missing character: There is no 러 (U+B7EC) in font [lmroman10-regular]:+tlig;!
Missing character: There is no 면 (U+BA74) in font [lmroman10-regular]:+tlig;!
Missing character: There is no 결 (U+ACB0) in font [lmroman10-regular]:+tlig;!
Missing character: There is no 과 (U+ACFC) in font [lmroman10-regular]:+tlig;!
Missing character: There is no 적 (U+C801) in font [lmroman10-regular]:+tlig;!
Missing character: There is no 으 (U+C73C) in font [lmroman10-regular]:+tlig;!
Missing character: There is no 로 (U+B85C) in font [lmroman10-regular]:+tlig;!
Missing character: There is no 가 (U+AC00) in font [lmroman10-regular]:+tlig;!
Missing character: There is no 정 (U+C815) in font [lmroman10-regular]:+tlig;!
Missing character: There is no 렬 (U+B82C) in font [lmroman10-regular]:+tlig;!
Missing character: There is no 된 (U+B41C) in font [lmroman10-regular]:+tlig;!
Missing character: There is no 다 (U+B2E4) in font [lmroman10-regular]:+tlig;!
Missing character: There is no 즉 (U+C989) in font [lmroman10-regular]:+tlig;!
Missing character: There is no 한 (U+D55C) in font [lmroman10-regular]:+tlig;!
Missing character: There is no 단 (U+B2E8) in font [lmroman10-regular]:+tlig;!
Missing character: There is no 계 (U+ACC4) in font [lmroman10-regular]:+tlig;!
Missing character: There is no 가 (U+AC00) in font [lmroman10-regular]:+tlig;!
Missing character: There is no 끝 (U+B05D) in font [lmroman10-regular]:+tlig;!
Missing character: There is no 난 (U+B09C) in font [lmroman10-regular]:+tlig;!
Missing character: There is no 뒤 (U+B4A4) in font [lmroman10-regular]:+tlig;!
Missing character: There is no 에 (U+C5D0) in font [lmroman10-regular]:+tlig;!
Missing character: There is no 도 (U+B3C4) in font [lmroman10-regular]:+tlig;!
Missing character: There is no 다 (U+B2E4) in font [lmroman10-regular]:+tlig;!
Missing character: There is no 음 (U+C74C) in font [lmroman10-regular]:+tlig;!
Missing character: There is no 단 (U+B2E8) in font [lmroman10-regular]:+tlig;!
Missing character: There is no 계 (U+ACC4) in font [lmroman10-regular]:+tlig;!
Missing character: There is no 에 (U+C5D0) in font [lmroman10-regular]:+tlig;!
Missing character: There is no 서 (U+C11C) in font [lmroman10-regular]:+tlig;!
Missing character: There is no 필 (U+D544) in font [lmroman10-regular]:+tlig;!
Missing character: There is no 요 (U+C694) in font [lmroman10-regular]:+tlig;!
Missing character: There is no 한 (U+D55C) in font [lmroman10-regular]:+tlig;!
Missing character: There is no 정 (U+C815) in font [lmroman10-regular]:+tlig;!
Missing character: There is no 렬 (U+B82C) in font [lmroman10-regular]:+tlig;!
Missing character: There is no 조 (U+C870) in font [lmroman10-regular]:+tlig;!
Missing character: There is no 건 (U+AC74) in font [lmroman10-regular]:+tlig;!
Missing character: There is no 이 (U+C774) in font [lmroman10-regular]:+tlig;!
Missing character: There is no 계 (U+ACC4) in font [lmroman10-regular]:+tlig;!
Missing character: There is no 속 (U+C18D) in font [lmroman10-regular]:+tlig;!
Missing character: There is no 유 (U+C720) in font [lmroman10-regular]:+tlig;!
Missing character: There is no 지 (U+C9C0) in font [lmroman10-regular]:+tlig;!
Missing character: There is no 된 (U+B41C) in font [lmroman10-regular]:+tlig;!
Missing character: There is no 다 (U+B2E4) in font [lmroman10-regular]:+tlig;!
Missing character: There is no 즉 (U+C989) in font [lmroman10-regular]:+tlig;!
Missing character: There is no 한 (U+D55C) in font [lmroman10-regular]:+tlig;!
Missing character: There is no 단 (U+B2E8) in font [lmroman10-regular]:+tlig;!
Missing character: There is no 계 (U+ACC4) in font [lmroman10-regular]:+tlig;!
Missing character: There is no 가 (U+AC00) in font [lmroman10-regular]:+tlig;!
Missing character: There is no 끝 (U+B05D) in font [lmroman10-regular]:+tlig;!
Missing character: There is no 난 (U+B09C) in font [lmroman10-regular]:+tlig;!
Missing character: There is no 뒤 (U+B4A4) in font [lmroman10-regular]:+tlig;!
Missing character: There is no 에 (U+C5D0) in font [lmroman10-regular]:+tlig;!
Missing character: There is no 도 (U+B3C4) in font [lmroman10-regular]:+tlig;!
Missing character: There is no 다 (U+B2E4) in font [lmroman10-regular]:+tlig;!
Missing character: There is no 음 (U+C74C) in font [lmroman10-regular]:+tlig;!
Missing character: There is no 단 (U+B2E8) in font [lmroman10-regular]:+tlig;!
Missing character: There is no 계 (U+ACC4) in font [lmroman10-regular]:+tlig;!
Missing character: There is no 에 (U+C5D0) in font [lmroman10-regular]:+tlig;!
Missing character: There is no 서 (U+C11C) in font [lmroman10-regular]:+tlig;!
Missing character: There is no 필 (U+D544) in font [lmroman10-regular]:+tlig;!
Missing character: There is no 요 (U+C694) in font [lmroman10-regular]:+tlig;!
Missing character: There is no 한 (U+D55C) in font [lmroman10-regular]:+tlig;!
Missing character: There is no 정 (U+C815) in font [lmroman10-regular]:+tlig;!
Missing character: There is no 렬 (U+B82C) in font [lmroman10-regular]:+tlig;!
Missing character: There is no 조 (U+C870) in font [lmroman10-regular]:+tlig;!
Missing character: There is no 건 (U+AC74) in font [lmroman10-regular]:+tlig;!
Missing character: There is no 이 (U+C774) in font [lmroman10-regular]:+tlig;!
Missing character: There is no 계 (U+ACC4) in font [lmroman10-regular]:+tlig;!
Missing character: There is no 속 (U+C18D) in font [lmroman10-regular]:+tlig;!
Missing character: There is no 유 (U+C720) in font [lmroman10-regular]:+tlig;!
Missing character: There is no 지 (U+C9C0) in font [lmroman10-regular]:+tlig;!
Missing character: There is no 된 (U+B41C) in font [lmroman10-regular]:+tlig;!
Missing character: There is no 다 (U+B2E4) in font [lmroman10-regular]:+tlig;!
Missing character: There is no 반 (U+BC18) in font [lmroman10-regular]:+tlig;!
Missing character: There is no 복 (U+BCF5) in font [lmroman10-regular]:+tlig;!
Missing character: There is no 문 (U+BB38) in font [lmroman10-regular]:+tlig;!
Missing character: There is no 이 (U+C774) in font [lmroman10-regular]:+tlig;!
Missing character: There is no 끝 (U+B05D) in font [lmroman10-regular]:+tlig;!
Missing character: There is no 나 (U+B098) in font [lmroman10-regular]:+tlig;!
Missing character: There is no 면 (U+BA74) in font [lmroman10-regular]:+tlig;!
Missing character: There is no 이 (U+C774) in font [lmroman10-regular]:+tlig;!
Missing character: There is no 다 (U+B2E4) in font [lmroman10-regular]:+tlig;!
Missing character: There is no 반 (U+BC18) in font [lmroman10-regular]:+tlig;!
Missing character: There is no 복 (U+BCF5) in font [lmroman10-regular]:+tlig;!
Missing character: There is no 문 (U+BB38) in font [lmroman10-regular]:+tlig;!
Missing character: There is no 이 (U+C774) in font [lmroman10-regular]:+tlig;!
Missing character: There is no 끝 (U+B05D) in font [lmroman10-regular]:+tlig;!
Missing character: There is no 나 (U+B098) in font [lmroman10-regular]:+tlig;!
Missing character: There is no 면 (U+BA74) in font [lmroman10-regular]:+tlig;!
Missing character: There is no 이 (U+C774) in font [lmroman10-regular]:+tlig;!
Missing character: There is no 다 (U+B2E4) in font [lmroman10-regular]:+tlig;!
Missing character: There is no 그 (U+ADF8) in font [lmroman10-regular]:+tlig;!
Missing character: There is no 때 (U+B54C) in font [lmroman10-regular]:+tlig;!
Missing character: There is no 에 (U+C5D0) in font [lmroman10-regular]:+tlig;!
Missing character: There is no 의 (U+C758) in font [lmroman10-regular]:+tlig;!
Missing character: There is no 해 (U+D574) in font [lmroman10-regular]:+tlig;!
Missing character: There is no 가 (U+AC00) in font [lmroman10-regular]:+tlig;!
Missing character: There is no 정 (U+C815) in font [lmroman10-regular]:+tlig;!
Missing character: There is no 렬 (U+B82C) in font [lmroman10-regular]:+tlig;!
Missing character: There is no 되 (U+B418) in font [lmroman10-regular]:+tlig;!
Missing character: There is no 어 (U+C5B4) in font [lmroman10-regular]:+tlig;!
Missing character: There is no 있 (U+C788) in font [lmroman10-regular]:+tlig;!
Missing character: There is no 으 (U+C73C) in font [lmroman10-regular]:+tlig;!
Missing character: There is no 므 (U+BBC0) in font [lmroman10-regular]:+tlig;!
Missing character: There is no 로 (U+B85C) in font [lmroman10-regular]:+tlig;!
Missing character: There is no 전 (U+C804) in font [lmroman10-regular]:+tlig;!
Missing character: There is no 체 (U+CCB4) in font [lmroman10-regular]:+tlig;!
Missing character: There is no 배 (U+BC30) in font [lmroman10-regular]:+tlig;!
Missing character: There is no 열 (U+C5F4) in font [lmroman10-regular]:+tlig;!
Missing character: There is no 이 (U+C774) in font [lmroman10-regular]:+tlig;!
Missing character: There is no 올 (U+C62C) in font [lmroman10-regular]:+tlig;!
Missing character: There is no 바 (U+BC14) in font [lmroman10-regular]:+tlig;!
Missing character: There is no 르 (U+B974) in font [lmroman10-regular]:+tlig;!
Missing character: There is no 게 (U+AC8C) in font [lmroman10-regular]:+tlig;!
Missing character: There is no 정 (U+C815) in font [lmroman10-regular]:+tlig;!
Missing character: There is no 렬 (U+B82C) in font [lmroman10-regular]:+tlig;!
Missing character: There is no 된 (U+B41C) in font [lmroman10-regular]:+tlig;!
Missing character: There is no 것 (U+AC83) in font [lmroman10-regular]:+tlig;!
Missing character: There is no 이 (U+C774) in font [lmroman10-regular]:+tlig;!
Missing character: There is no 다 (U+B2E4) in font [lmroman10-regular]:+tlig;!
Missing character: There is no 그 (U+ADF8) in font [lmroman10-regular]:+tlig;!
Missing character: There is no 때 (U+B54C) in font [lmroman10-regular]:+tlig;!
Missing character: There is no 에 (U+C5D0) in font [lmroman10-regular]:+tlig;!
Missing character: There is no 의 (U+C758) in font [lmroman10-regular]:+tlig;!
Missing character: There is no 해 (U+D574) in font [lmroman10-regular]:+tlig;!
Missing character: There is no 가 (U+AC00) in font [lmroman10-regular]:+tlig;!
Missing character: There is no 정 (U+C815) in font [lmroman10-regular]:+tlig;!
Missing character: There is no 렬 (U+B82C) in font [lmroman10-regular]:+tlig;!
Missing character: There is no 되 (U+B418) in font [lmroman10-regular]:+tlig;!
Missing character: There is no 어 (U+C5B4) in font [lmroman10-regular]:+tlig;!
Missing character: There is no 있 (U+C788) in font [lmroman10-regular]:+tlig;!
Missing character: There is no 으 (U+C73C) in font [lmroman10-regular]:+tlig;!
Missing character: There is no 므 (U+BBC0) in font [lmroman10-regular]:+tlig;!
Missing character: There is no 로 (U+B85C) in font [lmroman10-regular]:+tlig;!
Missing character: There is no 전 (U+C804) in font [lmroman10-regular]:+tlig;!
Missing character: There is no 체 (U+CCB4) in font [lmroman10-regular]:+tlig;!
Missing character: There is no 배 (U+BC30) in font [lmroman10-regular]:+tlig;!
Missing character: There is no 열 (U+C5F4) in font [lmroman10-regular]:+tlig;!
Missing character: There is no 이 (U+C774) in font [lmroman10-regular]:+tlig;!
Missing character: There is no 올 (U+C62C) in font [lmroman10-regular]:+tlig;!
Missing character: There is no 바 (U+BC14) in font [lmroman10-regular]:+tlig;!
Missing character: There is no 르 (U+B974) in font [lmroman10-regular]:+tlig;!
Missing character: There is no 게 (U+AC8C) in font [lmroman10-regular]:+tlig;!
Missing character: There is no 정 (U+C815) in font [lmroman10-regular]:+tlig;!
Missing character: There is no 렬 (U+B82C) in font [lmroman10-regular]:+tlig;!
Missing character: There is no 된 (U+B41C) in font [lmroman10-regular]:+tlig;!
Missing character: There is no 것 (U+AC83) in font [lmroman10-regular]:+tlig;!
Missing character: There is no 이 (U+C774) in font [lmroman10-regular]:+tlig;!
Missing character: There is no 다 (U+B2E4) in font [lmroman10-regular]:+tlig;!
Missing character: There is no 이 (U+C774) in font [lmroman10-regular]:+tlig;!
Missing character: There is no 로 (U+B85C) in font [lmroman10-regular]:+tlig;!
Missing character: There is no 써 (U+C368) in font [lmroman10-regular]:+tlig;!
Missing character: There is no 의 (U+C758) in font [lmroman10-regular]:+tlig;!
Missing character: There is no 가 (U+AC00) in font [lmroman10-regular]:+tlig;!
Missing character: There is no 증 (U+C99D) in font [lmroman10-regular]:+tlig;!
Missing character: There is no 명 (U+BA85) in font [lmroman10-regular]:+tlig;!
Missing character: There is no 된 (U+B41C) in font [lmroman10-regular]:+tlig;!
Missing character: There is no 다 (U+B2E4) in font [lmroman10-regular]:+tlig;!
Missing character: There is no 이 (U+C774) in font [lmroman10-regular]:+tlig;!
Missing character: There is no 로 (U+B85C) in font [lmroman10-regular]:+tlig;!
Missing character: There is no 써 (U+C368) in font [lmroman10-regular]:+tlig;!
Missing character: There is no 의 (U+C758) in font [lmroman10-regular]:+tlig;!
Missing character: There is no 가 (U+AC00) in font [lmroman10-regular]:+tlig;!
Missing character: There is no 증 (U+C99D) in font [lmroman10-regular]:+tlig;!
Missing character: There is no 명 (U+BA85) in font [lmroman10-regular]:+tlig;!
Missing character: There is no 된 (U+B41C) in font [lmroman10-regular]:+tlig;!
Missing character: There is no 다 (U+B2E4) in font [lmroman10-regular]:+tlig;!
Missing character: There is no 왜 (U+C65C) in font [lmroman12-bold]:+tlig;!
Missing character: There is no 이 (U+C774) in font [lmroman12-bold]:+tlig;!
Missing character: There is no 것 (U+AC83) in font [lmroman12-bold]:+tlig;!
Missing character: There is no 이 (U+C774) in font [lmroman12-bold]:+tlig;!
Missing character: There is no 인 (U+C778) in font [lmroman12-bold]:+tlig;!
Missing character: There is no 가 (U+AC00) in font [lmroman12-bold]:+tlig;!
Missing character: There is no 왜 (U+C65C) in font [lmroman12-bold]:+tlig;!
Missing character: There is no 이 (U+C774) in font [lmroman12-bold]:+tlig;!
Missing character: There is no 것 (U+AC83) in font [lmroman12-bold]:+tlig;!
Missing character: There is no 이 (U+C774) in font [lmroman12-bold]:+tlig;!
Missing character: There is no 인 (U+C778) in font [lmroman12-bold]:+tlig;!
Missing character: There is no 가 (U+AC00) in font [lmroman12-bold]:+tlig;!
Missing character: There is no 이 (U+C774) in font [lmroman10-regular]:+tlig;!
Missing character: There is no 제 (U+C81C) in font [lmroman10-regular]:+tlig;!
Missing character: There is no 다 (U+B2E4) in font [lmroman10-regular]:+tlig;!
Missing character: There is no 시 (U+C2DC) in font [lmroman10-regular]:+tlig;!
Missing character: There is no 핵 (U+D575) in font [lmroman10-regular]:+tlig;!
Missing character: There is no 심 (U+C2EC) in font [lmroman10-regular]:+tlig;!
Missing character: There is no 질 (U+C9C8) in font [lmroman10-regular]:+tlig;!
Missing character: There is no 문 (U+BB38) in font [lmroman10-regular]:+tlig;!
Missing character: There is no 으 (U+C73C) in font [lmroman10-regular]:+tlig;!
Missing character: There is no 로 (U+B85C) in font [lmroman10-regular]:+tlig;!
Missing character: There is no 돌 (U+B3CC) in font [lmroman10-regular]:+tlig;!
Missing character: There is no 아 (U+C544) in font [lmroman10-regular]:+tlig;!
Missing character: There is no 가 (U+AC00) in font [lmroman10-regular]:+tlig;!
Missing character: There is no 보 (U+BCF4) in font [lmroman10-regular]:+tlig;!
Missing character: There is no 자 (U+C790) in font [lmroman10-regular]:+tlig;!
Missing character: There is no 이 (U+C774) in font [lmroman10-regular]:+tlig;!
Missing character: There is no 제 (U+C81C) in font [lmroman10-regular]:+tlig;!
Missing character: There is no 다 (U+B2E4) in font [lmroman10-regular]:+tlig;!
Missing character: There is no 시 (U+C2DC) in font [lmroman10-regular]:+tlig;!
Missing character: There is no 핵 (U+D575) in font [lmroman10-regular]:+tlig;!
Missing character: There is no 심 (U+C2EC) in font [lmroman10-regular]:+tlig;!
Missing character: There is no 질 (U+C9C8) in font [lmroman10-regular]:+tlig;!
Missing character: There is no 문 (U+BB38) in font [lmroman10-regular]:+tlig;!
Missing character: There is no 으 (U+C73C) in font [lmroman10-regular]:+tlig;!
Missing character: There is no 로 (U+B85C) in font [lmroman10-regular]:+tlig;!
Missing character: There is no 돌 (U+B3CC) in font [lmroman10-regular]:+tlig;!
Missing character: There is no 아 (U+C544) in font [lmroman10-regular]:+tlig;!
Missing character: There is no 가 (U+AC00) in font [lmroman10-regular]:+tlig;!
Missing character: There is no 보 (U+BCF4) in font [lmroman10-regular]:+tlig;!
Missing character: There is no 자 (U+C790) in font [lmroman10-regular]:+tlig;!
[2
Missing character: There is no 표 (U+D45C) in font [lmroman10-regular]:+tlig;!
Missing character: There is no 동 (U+B3D9) in font [lmroman10-regular]:+tlig;!
Missing character: There is no 작 (U+C791) in font [lmroman10-regular]:+tlig;!
Missing character: There is no 원 (U+C6D0) in font [lmroman10-regular]:+tlig;!
Missing character: There is no 리 (U+B9AC) in font [lmroman10-regular]:+tlig;!
Missing character: There is no 단 (U+B2E8) in font [lmroman10-bold]:+tlig;!
Missing character: There is no 계 (U+ACC4) in font [lmroman10-bold]:+tlig;!
Missing character: There is no 삽 (U+C0BD) in font [lmroman10-bold]:+tlig;!
Missing character: There is no 입 (U+C785) in font [lmroman10-bold]:+tlig;!
Missing character: There is no 전 (U+C804) in font [lmroman10-bold]:+tlig;!
Missing character: There is no 정 (U+C815) in font [lmroman10-bold]:+tlig;!
Missing character: There is no 렬 (U+B82C) in font [lmroman10-bold]:+tlig;!
Missing character: There is no 구 (U+AD6C) in font [lmroman10-bold]:+tlig;!
Missing character: There is no 간 (U+AC04) in font [lmroman10-bold]:+tlig;!
Missing character: There is no 삽 (U+C0BD) in font [lmroman10-bold]:+tlig;!
Missing character: There is no 입 (U+C785) in font [lmroman10-bold]:+tlig;!
Missing character: There is no 후 (U+D6C4) in font [lmroman10-bold]:+tlig;!
Missing character: There is no 배 (U+BC30) in font [lmroman10-bold]:+tlig;!
Missing character: There is no 열 (U+C5F4) in font [lmroman10-bold]:+tlig;!
Missing character: There is no 시 (U+C2DC) in font [lmroman10-regular]:+tlig;!
Missing character: There is no 작 (U+C791) in font [lmroman10-regular]:+tlig;!
Missing character: There is no 로 (U+B85C) in font [lmroman12-bold]:+tlig;!
Missing character: There is no 본 (U+BCF8) in font [lmroman12-bold]:+tlig;!
Missing character: There is no 정 (U+C815) in font [lmroman12-bold]:+tlig;!
Missing character: There is no 당 (U+B2F9) in font [lmroman12-bold]:+tlig;!
Missing character: There is no 성 (U+C131) in font [lmroman12-bold]:+tlig;!
Missing character: There is no 의 (U+C758) in font [lmroman10-regular]:+tlig;!
Missing character: There is no 를 (U+B97C) in font [lmroman10-regular]:+tlig;!
Missing character: There is no 설 (U+C124) in font [lmroman10-regular]:+tlig;!
Missing character: There is no 명 (U+BA85) in font [lmroman10-regular]:+tlig;!
Missing character: There is no 할 (U+D560) in font [lmroman10-regular]:+tlig;!
Missing character: There is no 때 (U+B54C) in font [lmroman10-regular]:+tlig;!
Missing character: There is no 가 (U+AC00) in font [lmroman10-regular]:+tlig;!
Missing character: There is no 장 (U+C7A5) in font [lmroman10-regular]:+tlig;!
Missing character: There is no 표 (U+D45C) in font [lmroman10-regular]:+tlig;!
Missing character: There is no 준 (U+C900) in font [lmroman10-regular]:+tlig;!
Missing character: There is no 적 (U+C801) in font [lmroman10-regular]:+tlig;!
Missing character: There is no 인 (U+C778) in font [lmroman10-regular]:+tlig;!
Missing character: There is no 도 (U+B3C4) in font [lmroman10-regular]:+tlig;!
Missing character: There is no 구 (U+AD6C) in font [lmroman10-regular]:+tlig;!
Missing character: There is no 는 (U+B294) in font [lmroman10-regular]:+tlig;!
Missing character: There is no 이 (U+C774) in font [lmroman10-regular]:+tlig;!
Missing character: There is no 다 (U+B2E4) in font [lmroman10-regular]:+tlig;!
Missing character: There is no 반 (U+BC18) in font [lmroman10-regular]:+tlig;!
Missing character: There is no 복 (U+BCF5) in font [lmroman10-regular]:+tlig;!
Missing character: There is no 문 (U+BB38) in font [lmroman10-regular]:+tlig;!
Missing character: There is no 의 (U+C758) in font [lmroman10-regular]:+tlig;!
Missing character: There is no 각 (U+AC01) in font [lmroman10-regular]:+tlig;!
Missing character: There is no 반 (U+BC18) in font [lmroman10-regular]:+tlig;!
Missing character: There is no 복 (U+BCF5) in font [lmroman10-regular]:+tlig;!
Missing character: There is no 이 (U+C774) in font [lmroman10-regular]:+tlig;!
Missing character: There is no 시 (U+C2DC) in font [lmroman10-regular]:+tlig;!
Missing character: There is no 작 (U+C791) in font [lmroman10-regular]:+tlig;!
Missing character: There is no 될 (U+B420) in font [lmroman10-regular]:+tlig;!
Missing character: There is no 때 (U+B54C) in font [lmroman10-regular]:+tlig;!
Missing character: There is no 마 (U+B9C8) in font [lmroman10-regular]:+tlig;!
Missing character: There is no 다 (U+B2E4) in font [lmroman10-regular]:+tlig;!
Missing character: There is no 부 (U+BD80) in font [lmroman10-regular]:+tlig;!
Missing character: There is no 분 (U+BD84) in font [lmroman10-regular]:+tlig;!
Missing character: There is no 배 (U+BC30) in font [lmroman10-regular]:+tlig;!
Missing character: There is no 열 (U+C5F4) in font [lmroman10-regular]:+tlig;!
Missing character: There is no 은 (U+C740) in font [lmroman10-regular]:+tlig;!
Missing character: There is no 원 (U+C6D0) in font [lmroman10-regular]:+tlig;!
Missing character: There is no 래 (U+B798) in font [lmroman10-regular]:+tlig;!
Missing character: There is no 그 (U+ADF8) in font [lmroman10-regular]:+tlig;!
Missing character: There is no 원 (U+C6D0) in font [lmroman10-regular]:+tlig;!
Missing character: There is no 소 (U+C18C) in font [lmroman10-regular]:+tlig;!
Missing character: There is no 들 (U+B4E4) in font [lmroman10-regular]:+tlig;!
Missing character: There is no 로 (U+B85C) in font [lmroman10-regular]:+tlig;!
Missing character: There is no 이 (U+C774) in font [lmroman10-regular]:+tlig;!
Missing character: There is no 루 (U+B8E8) in font [lmroman10-regular]:+tlig;!
Missing character: There is no 어 (U+C5B4) in font [lmroman10-regular]:+tlig;!
Missing character: There is no 진 (U+C9C4) in font [lmroman10-regular]:+tlig;!
Missing character: There is no 정 (U+C815) in font [lmroman10-bold]:+tlig;!
Missing character: There is no 렬 (U+B82C) in font [lmroman10-bold]:+tlig;!
Missing character: There is no 된 (U+B41C) in font [lmroman10-bold]:+tlig;!
Missing character: There is no 배 (U+BC30) in font [lmroman10-bold]:+tlig;!
Missing character: There is no 열 (U+C5F4) in font [lmroman10-bold]:+tlig;!
Missing character: There is no 이 (U+C774) in font [lmroman10-regular]:+tlig;!
Missing character: There is no 다 (U+B2E4) in font [lmroman10-regular]:+tlig;!
Missing character: There is no 이 (U+C774) in font [lmroman10-regular]:+tlig;!
Missing character: There is no 는 (U+B294) in font [lmroman10-regular]:+tlig;!
Missing character: There is no 의 (U+C758) in font [lmroman10-regular]:+tlig;!
Missing character: There is no 철 (U+CCA0) in font [lmroman10-regular]:+tlig;!
Missing character: There is no 학 (U+D559) in font [lmroman10-regular]:+tlig;!
Missing character: There is no 과 (U+ACFC) in font [lmroman10-regular]:+tlig;!
Missing character: There is no 정 (U+C815) in font [lmroman10-regular]:+tlig;!
Missing character: There is no 확 (U+D655) in font [lmroman10-regular]:+tlig;!
Missing character: There is no 히 (U+D788) in font [lmroman10-regular]:+tlig;!
Missing character: There is no 일 (U+C77C) in font [lmroman10-regular]:+tlig;!
Missing character: There is no 치 (U+CE58) in font [lmroman10-regular]:+tlig;!
Missing character: There is no 한 (U+D55C) in font [lmroman10-regular]:+tlig;!
Missing character: There is no 다 (U+B2E4) in font [lmroman10-regular]:+tlig;!
Missing character: There is no 즉 (U+C989) in font [lmroman10-regular]:+tlig;!
Missing character: There is no 이 (U+C774) in font [lmroman10-regular]:+tlig;!
Missing character: There is no 전 (U+C804) in font [lmroman10-regular]:+tlig;!
Missing character: There is no 단 (U+B2E8) in font [lmroman10-regular]:+tlig;!
Missing character: There is no 계 (U+ACC4) in font [lmroman10-regular]:+tlig;!
Missing character: There is no 까 (U+AE4C) in font [lmroman10-regular]:+tlig;!
Missing character: There is no 지 (U+C9C0) in font [lmroman10-regular]:+tlig;!
Missing character: There is no 의 (U+C758) in font [lmroman10-regular]:+tlig;!
Missing character: There is no 해 (U+D574) in font [lmroman10-regular]:+tlig;!
Missing character: There is no 가 (U+AC00) in font [lmroman10-regular]:+tlig;!
Missing character: There is no 올 (U+C62C) in font [lmroman10-regular]:+tlig;!
Missing character: There is no 바 (U+BC14) in font [lmroman10-regular]:+tlig;!
Missing character: There is no 르 (U+B974) in font [lmroman10-regular]:+tlig;!
Missing character: There is no 다 (U+B2E4) in font [lmroman10-regular]:+tlig;!
Missing character: There is no 고 (U+ACE0) in font [lmroman10-regular]:+tlig;!
Missing character: There is no 가 (U+AC00) in font [lmroman10-regular]:+tlig;!
Missing character: There is no 정 (U+C815) in font [lmroman10-regular]:+tlig;!
Missing character: There is no 하 (U+D558) in font [lmroman10-regular]:+tlig;!
Missing character: There is no 고 (U+ACE0) in font [lmroman10-regular]:+tlig;!
Missing character: There is no 그 (U+ADF8) in font [lmroman10-regular]:+tlig;!
Missing character: There is no 위 (U+C704) in font [lmroman10-regular]:+tlig;!
Missing character: There is no 에 (U+C5D0) in font [lmroman10-regular]:+tlig;!
Missing character: There is no 새 (U+C0C8) in font [lmroman10-regular]:+tlig;!
Missing character: There is no 로 (U+B85C) in font [lmroman10-regular]:+tlig;!
Missing character: There is no 운 (U+C6B4) in font [lmroman10-regular]:+tlig;!
Missing character: There is no 원 (U+C6D0) in font [lmroman10-regular]:+tlig;!
Missing character: There is no 소 (U+C18C) in font [lmroman10-regular]:+tlig;!
Missing character: There is no 를 (U+B97C) in font [lmroman10-regular]:+tlig;!
Missing character: There is no 추 (U+CD94) in font [lmroman10-regular]:+tlig;!
Missing character: There is no 가 (U+AC00) in font [lmroman10-regular]:+tlig;!
Missing character: There is no 해 (U+D574) in font [lmroman10-regular]:+tlig;!
Missing character: There is no 서 (U+C11C) in font [lmroman10-regular]:+tlig;!
Missing character: There is no 더 (U+B354) in font [lmroman10-regular]:+tlig;!
Missing character: There is no 큰 (U+D070) in font [lmroman10-regular]:+tlig;!
Missing character: There is no 해 (U+D574) in font [lmroman10-regular]:+tlig;!
Missing character: There is no 를 (U+B97C) in font [lmroman10-regular]:+tlig;!
Missing character: There is no 만 (U+B9CC) in font [lmroman10-regular]:+tlig;!
Missing character: There is no 드 (U+B4DC) in font [lmroman10-regular]:+tlig;!
Missing character: There is no 는 (U+B294) in font [lmroman10-regular]:+tlig;!
Missing character: There is no 것 (U+AC83) in font [lmroman10-regular]:+tlig;!
Missing character: There is no 이 (U+C774) in font [lmroman10-regular]:+tlig;!
Missing character: There is no 다 (U+B2E4) in font [lmroman10-regular]:+tlig;!
Missing character: There is no 첫 (U+CCAB) in font [lmroman10-regular]:+tlig;!
Missing character: There is no 번 (U+BC88) in font [lmroman10-regular]:+tlig;!
Missing character: There is no 째 (U+C9F8) in font [lmroman10-regular]:+tlig;!
Missing character: There is no 반 (U+BC18) in font [lmroman10-regular]:+tlig;!
Missing character: There is no 복 (U+BCF5) in font [lmroman10-regular]:+tlig;!
Missing character: There is no 이 (U+C774) in font [lmroman10-regular]:+tlig;!
Missing character: There is no 시 (U+C2DC) in font [lmroman10-regular]:+tlig;!
Missing character: There is no 작 (U+C791) in font [lmroman10-regular]:+tlig;!
Missing character: There is no 될 (U+B420) in font [lmroman10-regular]:+tlig;!
Missing character: There is no 때 (U+B54C) in font [lmroman10-regular]:+tlig;!
Missing character: There is no 이 (U+C774) in font [lmroman10-regular]:+tlig;!
Missing character: There is no 다 (U+B2E4) in font [lmroman10-regular]:+tlig;!
Missing character: There is no 이 (U+C774) in font [lmroman10-regular]:+tlig;!
Missing character: There is no 때 (U+B54C) in font [lmroman10-regular]:+tlig;!
Missing character: There is no 인 (U+C778) in font [lmroman10-regular]:+tlig;!
Missing character: There is no 데 (U+B370) in font [lmroman10-regular]:+tlig;!
Missing character: There is no 원 (U+C6D0) in font [lmroman10-regular]:+tlig;!
Missing character: There is no 소 (U+C18C) in font [lmroman10-regular]:+tlig;!
Missing character: There is no 가 (U+AC00) in font [lmroman10-regular]:+tlig;!
Missing character: There is no 하 (U+D558) in font [lmroman10-regular]:+tlig;!
Missing character: There is no 나 (U+B098) in font [lmroman10-regular]:+tlig;!
Missing character: There is no 뿐 (U+BFD0) in font [lmroman10-regular]:+tlig;!
Missing character: There is no 인 (U+C778) in font [lmroman10-regular]:+tlig;!
Missing character: There is no 배 (U+BC30) in font [lmroman10-regular]:+tlig;!
Missing character: There is no 열 (U+C5F4) in font [lmroman10-regular]:+tlig;!
Missing character: There is no 은 (U+C740) in font [lmroman10-regular]:+tlig;!
Missing character: There is no 항 (U+D56D) in font [lmroman10-regular]:+tlig;!
Missing character: There is no 상 (U+C0C1) in font [lmroman10-regular]:+tlig;!
Missing character: There is no 정 (U+C815) in font [lmroman10-regular]:+tlig;!
Missing character: There is no 렬 (U+B82C) in font [lmroman10-regular]:+tlig;!
Missing character: There is no 되 (U+B418) in font [lmroman10-regular]:+tlig;!
Missing character: There is no 어 (U+C5B4) in font [lmroman10-regular]:+tlig;!
Missing character: There is no 있 (U+C788) in font [lmroman10-regular]:+tlig;!
Missing character: There is no 다 (U+B2E4) in font [lmroman10-regular]:+tlig;!
Missing character: There is no 따 (U+B530) in font [lmroman10-regular]:+tlig;!
Missing character: There is no 라 (U+B77C) in font [lmroman10-regular]:+tlig;!
Missing character: There is no 서 (U+C11C) in font [lmroman10-regular]:+tlig;!
Missing character: There is no 는 (U+B294) in font [lmroman10-regular]:+tlig;!
Missing character: There is no 처 (U+CC98) in font [lmroman10-regular]:+tlig;!
Missing character: There is no 음 (U+C74C) in font [lmroman10-regular]:+tlig;!
Missing character: There is no 부 (U+BD80) in font [lmroman10-regular]:+tlig;!
Missing character: There is no 터 (U+D130) in font [lmroman10-regular]:+tlig;!
Missing character: There is no 성 (U+C131) in font [lmroman10-regular]:+tlig;!
Missing character: There is no 립 (U+B9BD) in font [lmroman10-regular]:+tlig;!
Missing character: There is no 한 (U+D55C) in font [lmroman10-regular]:+tlig;!
Missing character: There is no 다 (U+B2E4) in font [lmroman10-regular]:+tlig;!
Missing character: There is no 반 (U+BC18) in font [lmroman10-regular]:+tlig;!
Missing character: There is no 복 (U+BCF5) in font [lmroman10-regular]:+tlig;!
Missing character: There is no 이 (U+C774) in font [lmroman10-regular]:+tlig;!
Missing character: There is no 시 (U+C2DC) in font [lmroman10-regular]:+tlig;!
Missing character: There is no 작 (U+C791) in font [lmroman10-regular]:+tlig;!
Missing character: There is no 될 (U+B420) in font [lmroman10-regular]:+tlig;!
Missing character: There is no 때 (U+B54C) in font [lmroman10-regular]:+tlig;!
Missing character: There is no 이 (U+C774) in font [lmroman10-regular]:+tlig;!
Missing character: There is no 정 (U+C815) in font [lmroman10-regular]:+tlig;!
Missing character: There is no 렬 (U+B82C) in font [lmroman10-regular]:+tlig;!
Missing character: There is no 되 (U+B418) in font [lmroman10-regular]:+tlig;!
Missing character: There is no 어 (U+C5B4) in font [lmroman10-regular]:+tlig;!
Missing character: There is no 있 (U+C788) in font [lmroman10-regular]:+tlig;!
Missing character: There is no 다 (U+B2E4) in font [lmroman10-regular]:+tlig;!
Missing character: There is no 고 (U+ACE0) in font [lmroman10-regular]:+tlig;!
Missing character: There is no 가 (U+AC00) in font [lmroman10-regular]:+tlig;!
Missing character: There is no 정 (U+C815) in font [lmroman10-regular]:+tlig;!
Missing character: There is no 하 (U+D558) in font [lmroman10-regular]:+tlig;!
Missing character: There is no 자 (U+C790) in font [lmroman10-regular]:+tlig;!
Missing character: There is no 알 (U+C54C) in font [lmroman10-regular]:+tlig;!
Missing character: There is no 고 (U+ACE0) in font [lmroman10-regular]:+tlig;!
Missing character: There is no 리 (U+B9AC) in font [lmroman10-regular]:+tlig;!
Missing character: There is no 즘 (U+C998) in font [lmroman10-regular]:+tlig;!
Missing character: There is no 은 (U+C740) in font [lmroman10-regular]:+tlig;!
Missing character: There is no 를 (U+B97C) in font [lmroman10-regular]:+tlig;!
Missing character: There is no 이 (U+C774) in font [lmroman10-regular]:+tlig;!
Missing character: There is no 정 (U+C815) in font [lmroman10-regular]:+tlig;!
Missing character: There is no 렬 (U+B82C) in font [lmroman10-regular]:+tlig;!
Missing character: There is no 된 (U+B41C) in font [lmroman10-regular]:+tlig;!
Missing character: There is no 구 (U+AD6C) in font [lmroman10-regular]:+tlig;!
Missing character: There is no 간 (U+AC04) in font [lmroman10-regular]:+tlig;!
Missing character: There is no 안 (U+C548) in font [lmroman10-regular]:+tlig;!
Missing character: There is no 의 (U+C758) in font [lmroman10-regular]:+tlig;!
Missing character: There is no 적 (U+C801) in font [lmroman10-regular]:+tlig;!
Missing character: There is no 절 (U+C808) in font [lmroman10-regular]:+tlig;!
Missing character: There is no 한 (U+D55C) in font [lmroman10-regular]:+tlig;!
Missing character: There is no 위 (U+C704) in font [lmroman10-regular]:+tlig;!
Missing character: There is no 치 (U+CE58) in font [lmroman10-regular]:+tlig;!
Missing character: There is no 에 (U+C5D0) in font [lmroman10-regular]:+tlig;!
Missing character: There is no 삽 (U+C0BD) in font [lmroman10-regular]:+tlig;!
Missing character: There is no 입 (U+C785) in font [lmroman10-regular]:+tlig;!
Missing character: There is no 한 (U+D55C) in font [lmroman10-regular]:+tlig;!
Missing character: There is no 다 (U+B2E4) in font [lmroman10-regular]:+tlig;!
Missing character: There is no 삽 (U+C0BD) in font [lmroman10-regular]:+tlig;!
Missing character: There is no 입 (U+C785) in font [lmroman10-regular]:+tlig;!
Missing character: There is no 과 (U+ACFC) in font [lmroman10-regular]:+tlig;!
Missing character: There is no 정 (U+C815) in font [lmroman10-regular]:+tlig;!
Missing character: There is no 에 (U+C5D0) in font [lmroman10-regular]:+tlig;!
Missing character: There is no 서 (U+C11C) in font [lmroman10-regular]:+tlig;!
Missing character: There is no 는 (U+B294) in font [lmroman10-regular]:+tlig;!
Missing character: There is no 보 (U+BCF4) in font [lmroman10-regular]:+tlig;!
Missing character: There is no 다 (U+B2E4) in font [lmroman10-regular]:+tlig;!
Missing character: There is no 큰 (U+D070) in font [lmroman10-regular]:+tlig;!
Missing character: There is no 원 (U+C6D0) in font [lmroman10-regular]:+tlig;!
Missing character: There is no 소 (U+C18C) in font [lmroman10-regular]:+tlig;!
Missing character: There is no 들 (U+B4E4) in font [lmroman10-regular]:+tlig;!
Missing character: There is no 만 (U+B9CC) in font [lmroman10-regular]:+tlig;!
Missing character: There is no 오 (U+C624) in font [lmroman10-regular]:+tlig;!
Missing character: There is no 른 (U+B978) in font [lmroman10-regular]:+tlig;!
Missing character: There is no 쪽 (U+CABD) in font [lmroman10-regular]:+tlig;!
Missing character: There is no 으 (U+C73C) in font [lmroman10-regular]:+tlig;!
Missing character: There is no 로 (U+B85C) in font [lmroman10-regular]:+tlig;!
Missing character: There is no 밀 (U+BC00) in font [lmroman10-regular]:+tlig;!
Missing character: There is no 린 (U+B9B0) in font [lmroman10-regular]:+tlig;!
Missing character: There is no 다 (U+B2E4) in font [lmroman10-regular]:+tlig;!
Missing character: There is no 그 (U+ADF8) in font [lmroman10-regular]:+tlig;!
Missing character: There is no 후 (U+D6C4) in font [lmroman10-regular]:+tlig;!
Missing character: There is no 가 (U+AC00) in font [lmroman10-regular]:+tlig;!
Missing character: There is no 정 (U+C815) in font [lmroman10-regular]:+tlig;!
Missing character: There is no 확 (U+D655) in font [lmroman10-regular]:+tlig;!
Missing character: There is no 한 (U+D55C) in font [lmroman10-regular]:+tlig;!
Missing character: There is no 위 (U+C704) in font [lmroman10-regular]:+tlig;!
Missing character: There is no 치 (U+CE58) in font [lmroman10-regular]:+tlig;!
Missing character: There is no 에 (U+C5D0) in font [lmroman10-regular]:+tlig;!
Missing character: There is no 놓 (U+B193) in font [lmroman10-regular]:+tlig;!
Missing character: There is no 인 (U+C778) in font [lmroman10-regular]:+tlig;!
Missing character: There is no 다 (U+B2E4) in font [lmroman10-regular]:+tlig;!
Missing character: There is no 그 (U+ADF8) in font [lmroman10-regular]:+tlig;!
Missing character: There is no 러 (U+B7EC) in font [lmroman10-regular]:+tlig;!
Missing character: There is no 면 (U+BA74) in font [lmroman10-regular]:+tlig;!
Missing character: There is no 결 (U+ACB0) in font [lmroman10-regular]:+tlig;!
Missing character: There is no 과 (U+ACFC) in font [lmroman10-regular]:+tlig;!
Missing character: There is no 적 (U+C801) in font [lmroman10-regular]:+tlig;!
Missing character: There is no 으 (U+C73C) in font [lmroman10-regular]:+tlig;!
Missing character: There is no 로 (U+B85C) in font [lmroman10-regular]:+tlig;!
Missing character: There is no 가 (U+AC00) in font [lmroman10-regular]:+tlig;!
Missing character: There is no 정 (U+C815) in font [lmroman10-regular]:+tlig;!
Missing character: There is no 렬 (U+B82C) in font [lmroman10-regular]:+tlig;!
Missing character: There is no 된 (U+B41C) in font [lmroman10-regular]:+tlig;!
Missing character: There is no 다 (U+B2E4) in font [lmroman10-regular]:+tlig;!
Missing character: There is no 즉 (U+C989) in font [lmroman10-regular]:+tlig;!
Missing character: There is no 한 (U+D55C) in font [lmroman10-regular]:+tlig;!
Missing character: There is no 단 (U+B2E8) in font [lmroman10-regular]:+tlig;!
Missing character: There is no 계 (U+ACC4) in font [lmroman10-regular]:+tlig;!
Missing character: There is no 가 (U+AC00) in font [lmroman10-regular]:+tlig;!
Missing character: There is no 끝 (U+B05D) in font [lmroman10-regular]:+tlig;!
Missing character: There is no 난 (U+B09C) in font [lmroman10-regular]:+tlig;!
Missing character: There is no 뒤 (U+B4A4) in font [lmroman10-regular]:+tlig;!
Missing character: There is no 에 (U+C5D0) in font [lmroman10-regular]:+tlig;!
Missing character: There is no 도 (U+B3C4) in font [lmroman10-regular]:+tlig;!
Missing character: There is no 다 (U+B2E4) in font [lmroman10-regular]:+tlig;!
Missing character: There is no 음 (U+C74C) in font [lmroman10-regular]:+tlig;!
Missing character: There is no 단 (U+B2E8) in font [lmroman10-regular]:+tlig;!
Missing character: There is no 계 (U+ACC4) in font [lmroman10-regular]:+tlig;!
Missing character: There is no 에 (U+C5D0) in font [lmroman10-regular]:+tlig;!
Missing character: There is no 서 (U+C11C) in font [lmroman10-regular]:+tlig;!
Missing character: There is no 필 (U+D544) in font [lmroman10-regular]:+tlig;!
Missing character: There is no 요 (U+C694) in font [lmroman10-regular]:+tlig;!
Missing character: There is no 한 (U+D55C) in font [lmroman10-regular]:+tlig;!
Missing character: There is no 정 (U+C815) in font [lmroman10-regular]:+tlig;!
Missing character: There is no 렬 (U+B82C) in font [lmroman10-regular]:+tlig;!
Missing character: There is no 조 (U+C870) in font [lmroman10-regular]:+tlig;!
Missing character: There is no 건 (U+AC74) in font [lmroman10-regular]:+tlig;!
Missing character: There is no 이 (U+C774) in font [lmroman10-regular]:+tlig;!
Missing character: There is no 계 (U+ACC4) in font [lmroman10-regular]:+tlig;!
Missing character: There is no 속 (U+C18D) in font [lmroman10-regular]:+tlig;!
Missing character: There is no 유 (U+C720) in font [lmroman10-regular]:+tlig;!
Missing character: There is no 지 (U+C9C0) in font [lmroman10-regular]:+tlig;!
Missing character: There is no 된 (U+B41C) in font [lmroman10-regular]:+tlig;!
Missing character: There is no 다 (U+B2E4) in font [lmroman10-regular]:+tlig;!
Missing character: There is no 반 (U+BC18) in font [lmroman10-regular]:+tlig;!
Missing character: There is no 복 (U+BCF5) in font [lmroman10-regular]:+tlig;!
Missing character: There is no 문 (U+BB38) in font [lmroman10-regular]:+tlig;!
Missing character: There is no 이 (U+C774) in font [lmroman10-regular]:+tlig;!
Missing character: There is no 끝 (U+B05D) in font [lmroman10-regular]:+tlig;!
Missing character: There is no 나 (U+B098) in font [lmroman10-regular]:+tlig;!
Missing character: There is no 면 (U+BA74) in font [lmroman10-regular]:+tlig;!
Missing character: There is no 이 (U+C774) in font [lmroman10-regular]:+tlig;!
Missing character: There is no 다 (U+B2E4) in font [lmroman10-regular]:+tlig;!
Missing character: There is no 그 (U+ADF8) in font [lmroman10-regular]:+tlig;!
Missing character: There is no 때 (U+B54C) in font [lmroman10-regular]:+tlig;!
Missing character: There is no 에 (U+C5D0) in font [lmroman10-regular]:+tlig;!
Missing character: There is no 의 (U+C758) in font [lmroman10-regular]:+tlig;!
Missing character: There is no 해 (U+D574) in font [lmroman10-regular]:+tlig;!
Missing character: There is no 가 (U+AC00) in font [lmroman10-regular]:+tlig;!
Missing character: There is no 정 (U+C815) in font [lmroman10-regular]:+tlig;!
Missing character: There is no 렬 (U+B82C) in font [lmroman10-regular]:+tlig;!
Missing character: There is no 되 (U+B418) in font [lmroman10-regular]:+tlig;!
Missing character: There is no 어 (U+C5B4) in font [lmroman10-regular]:+tlig;!
Missing character: There is no 있 (U+C788) in font [lmroman10-regular]:+tlig;!
Missing character: There is no 으 (U+C73C) in font [lmroman10-regular]:+tlig;!
Missing character: There is no 므 (U+BBC0) in font [lmroman10-regular]:+tlig;!
Missing character: There is no 로 (U+B85C) in font [lmroman10-regular]:+tlig;!
Missing character: There is no 전 (U+C804) in font [lmroman10-regular]:+tlig;!
Missing character: There is no 체 (U+CCB4) in font [lmroman10-regular]:+tlig;!
Missing character: There is no 배 (U+BC30) in font [lmroman10-regular]:+tlig;!
Missing character: There is no 열 (U+C5F4) in font [lmroman10-regular]:+tlig;!
Missing character: There is no 이 (U+C774) in font [lmroman10-regular]:+tlig;!
Missing character: There is no 올 (U+C62C) in font [lmroman10-regular]:+tlig;!
Missing character: There is no 바 (U+BC14) in font [lmroman10-regular]:+tlig;!
Missing character: There is no 르 (U+B974) in font [lmroman10-regular]:+tlig;!
Missing character: There is no 게 (U+AC8C) in font [lmroman10-regular]:+tlig;!
Missing character: There is no 정 (U+C815) in font [lmroman10-regular]:+tlig;!
Missing character: There is no 렬 (U+B82C) in font [lmroman10-regular]:+tlig;!
Missing character: There is no 된 (U+B41C) in font [lmroman10-regular]:+tlig;!
Missing character: There is no 것 (U+AC83) in font [lmroman10-regular]:+tlig;!
Missing character: There is no 이 (U+C774) in font [lmroman10-regular]:+tlig;!
Missing character: There is no 다 (U+B2E4) in font [lmroman10-regular]:+tlig;!
Missing character: There is no 이 (U+C774) in font [lmroman10-regular]:+tlig;!
Missing character: There is no 로 (U+B85C) in font [lmroman10-regular]:+tlig;!
Missing character: There is no 써 (U+C368) in font [lmroman10-regular]:+tlig;!
Missing character: There is no 의 (U+C758) in font [lmroman10-regular]:+tlig;!
Missing character: There is no 가 (U+AC00) in font [lmroman10-regular]:+tlig;!
Missing character: There is no 증 (U+C99D) in font [lmroman10-regular]:+tlig;!
Missing character: There is no 명 (U+BA85) in font [lmroman10-regular]:+tlig;!
Missing character: There is no 된 (U+B41C) in font [lmroman10-regular]:+tlig;!
Missing character: There is no 다 (U+B2E4) in font [lmroman10-regular]:+tlig;!
]
Missing character: There is no 왜 (U+C65C) in font [lmroman10-regular]:+tlig;!
Missing character: There is no 를 (U+B97C) in font [lmroman10-regular]:+tlig;!
Missing character: There is no 이 (U+C774) in font [lmroman10-regular]:+tlig;!
Missing character: There is no 라 (U+B77C) in font [lmroman10-regular]:+tlig;!
Missing character: There is no 고 (U+ACE0) in font [lmroman10-regular]:+tlig;!
Missing character: There is no 부 (U+BD80) in font [lmroman10-regular]:+tlig;!
Missing character: There is no 르 (U+B974) in font [lmroman10-regular]:+tlig;!
Missing character: There is no 는 (U+B294) in font [lmroman10-regular]:+tlig;!
Missing character: There is no 가 (U+AC00) in font [lmroman10-regular]:+tlig;!
Missing character: There is no 왜 (U+C65C) in font [lmroman10-regular]:+tlig;!
Missing character: There is no 를 (U+B97C) in font [lmroman10-regular]:+tlig;!
Missing character: There is no 이 (U+C774) in font [lmroman10-regular]:+tlig;!
Missing character: There is no 라 (U+B77C) in font [lmroman10-regular]:+tlig;!
Missing character: There is no 고 (U+ACE0) in font [lmroman10-regular]:+tlig;!
Missing character: There is no 부 (U+BD80) in font [lmroman10-regular]:+tlig;!
Missing character: There is no 르 (U+B974) in font [lmroman10-regular]:+tlig;!
Missing character: There is no 는 (U+B294) in font [lmroman10-regular]:+tlig;!
Missing character: There is no 가 (U+AC00) in font [lmroman10-regular]:+tlig;!
Missing character: There is no 그 (U+ADF8) in font [lmroman10-regular]:+tlig;!
Missing character: There is no 이 (U+C774) in font [lmroman10-regular]:+tlig;!
Missing character: There is no 유 (U+C720) in font [lmroman10-regular]:+tlig;!
Missing character: There is no 는 (U+B294) in font [lmroman10-regular]:+tlig;!
Missing character: There is no 다 (U+B2E4) in font [lmroman10-regular]:+tlig;!
Missing character: There is no 음 (U+C74C) in font [lmroman10-regular]:+tlig;!
Missing character: There is no 문 (U+BB38) in font [lmroman10-regular]:+tlig;!
Missing character: There is no 장 (U+C7A5) in font [lmroman10-regular]:+tlig;!
Missing character: There is no 으 (U+C73C) in font [lmroman10-regular]:+tlig;!
Missing character: There is no 로 (U+B85C) in font [lmroman10-regular]:+tlig;!
Missing character: There is no 정 (U+C815) in font [lmroman10-regular]:+tlig;!
Missing character: There is no 리 (U+B9AC) in font [lmroman10-regular]:+tlig;!
Missing character: There is no 할 (U+D560) in font [lmroman10-regular]:+tlig;!
Missing character: There is no 수 (U+C218) in font [lmroman10-regular]:+tlig;!
Missing character: There is no 있 (U+C788) in font [lmroman10-regular]:+tlig;!
Missing character: There is no 다 (U+B2E4) in font [lmroman10-regular]:+tlig;!
Missing character: There is no 그 (U+ADF8) in font [lmroman10-regular]:+tlig;!
Missing character: There is no 이 (U+C774) in font [lmroman10-regular]:+tlig;!
Missing character: There is no 유 (U+C720) in font [lmroman10-regular]:+tlig;!
Missing character: There is no 는 (U+B294) in font [lmroman10-regular]:+tlig;!
Missing character: There is no 다 (U+B2E4) in font [lmroman10-regular]:+tlig;!
Missing character: There is no 음 (U+C74C) in font [lmroman10-regular]:+tlig;!
Missing character: There is no 문 (U+BB38) in font [lmroman10-regular]:+tlig;!
Missing character: There is no 장 (U+C7A5) in font [lmroman10-regular]:+tlig;!
Missing character: There is no 으 (U+C73C) in font [lmroman10-regular]:+tlig;!
Missing character: There is no 로 (U+B85C) in font [lmroman10-regular]:+tlig;!
Missing character: There is no 정 (U+C815) in font [lmroman10-regular]:+tlig;!
Missing character: There is no 리 (U+B9AC) in font [lmroman10-regular]:+tlig;!
Missing character: There is no 할 (U+D560) in font [lmroman10-regular]:+tlig;!
Missing character: There is no 수 (U+C218) in font [lmroman10-regular]:+tlig;!
Missing character: There is no 있 (U+C788) in font [lmroman10-regular]:+tlig;!
Missing character: There is no 다 (U+B2E4) in font [lmroman10-regular]:+tlig;!
Missing character: There is no 한 (U+D55C) in font [lmroman10-regular]:+tlig;!
Missing character: There is no 문 (U+BB38) in font [lmroman10-regular]:+tlig;!
Missing character: There is no 장 (U+C7A5) in font [lmroman10-regular]:+tlig;!
Missing character: There is no 요 (U+C694) in font [lmroman10-regular]:+tlig;!
Missing character: There is no 약 (U+C57D) in font [lmroman10-regular]:+tlig;!
Missing character: There is no 한 (U+D55C) in font [lmroman10-regular]:+tlig;!
Missing character: There is no 문 (U+BB38) in font [lmroman10-regular]:+tlig;!
Missing character: There is no 장 (U+C7A5) in font [lmroman10-regular]:+tlig;!
Missing character: There is no 요 (U+C694) in font [lmroman10-regular]:+tlig;!
Missing character: There is no 약 (U+C57D) in font [lmroman10-regular]:+tlig;!
Missing character: There is no 는 (U+B294) in font [lmroman10-regular]:+tlig;!
Missing character: There is no 이 (U+C774) in font [lmroman10-bold]:+tlig;!
Missing character: There is no 미 (U+BBF8) in font [lmroman10-bold]:+tlig;!
Missing character: There is no 정 (U+C815) in font [lmroman10-bold]:+tlig;!
Missing character: There is no 렬 (U+B82C) in font [lmroman10-bold]:+tlig;!
Missing character: There is no 된 (U+B41C) in font [lmroman10-bold]:+tlig;!
Missing character: There is no 부 (U+BD80) in font [lmroman10-bold]:+tlig;!
Missing character: There is no 분 (U+BD84) in font [lmroman10-bold]:+tlig;!
Missing character: There is no 문 (U+BB38) in font [lmroman10-bold]:+tlig;!
Missing character: There is no 제 (U+C81C) in font [lmroman10-bold]:+tlig;!
Missing character: There is no 의 (U+C758) in font [lmroman10-bold]:+tlig;!
Missing character: There is no 해 (U+D574) in font [lmroman10-bold]:+tlig;!
Missing character: There is no 를 (U+B97C) in font [lmroman10-bold]:+tlig;!
Missing character: There is no 유 (U+C720) in font [lmroman10-bold]:+tlig;!
Missing character: There is no 지 (U+C9C0) in font [lmroman10-bold]:+tlig;!
Missing character: There is no 한 (U+D55C) in font [lmroman10-bold]:+tlig;!
Missing character: There is no 채 (U+CC44) in font [lmroman10-bold]:+tlig;!
Missing character: There is no 새 (U+C0C8) in font [lmroman10-bold]:+tlig;!
Missing character: There is no 원 (U+C6D0) in font [lmroman10-bold]:+tlig;!
Missing character: There is no 소 (U+C18C) in font [lmroman10-bold]:+tlig;!
Missing character: There is no 하 (U+D558) in font [lmroman10-bold]:+tlig;!
Missing character: There is no 나 (U+B098) in font [lmroman10-bold]:+tlig;!
Missing character: There is no 를 (U+B97C) in font [lmroman10-bold]:+tlig;!
Missing character: There is no 삽 (U+C0BD) in font [lmroman10-bold]:+tlig;!
Missing character: There is no 입 (U+C785) in font [lmroman10-bold]:+tlig;!
Missing character: There is no 하 (U+D558) in font [lmroman10-bold]:+tlig;!
Missing character: There is no 여 (U+C5EC) in font [lmroman10-bold]:+tlig;!
Missing character: There is no 더 (U+B354) in font [lmroman10-bold]:+tlig;!
Missing character: There is no 큰 (U+D070) in font [lmroman10-bold]:+tlig;!
Missing character: There is no 부 (U+BD80) in font [lmroman10-bold]:+tlig;!
Missing character: There is no 분 (U+BD84) in font [lmroman10-bold]:+tlig;!
Missing character: There is no 문 (U+BB38) in font [lmroman10-bold]:+tlig;!
Missing character: There is no 제 (U+C81C) in font [lmroman10-bold]:+tlig;!
Missing character: There is no 의 (U+C758) in font [lmroman10-bold]:+tlig;!
Missing character: There is no 해 (U+D574) in font [lmroman10-bold]:+tlig;!
Missing character: There is no 를 (U+B97C) in font [lmroman10-bold]:+tlig;!
Missing character: There is no 만 (U+B9CC) in font [lmroman10-bold]:+tlig;!
Missing character: There is no 드 (U+B4DC) in font [lmroman10-bold]:+tlig;!
Missing character: There is no 는 (U+B294) in font [lmroman10-bold]:+tlig;!
Missing character: There is no 알 (U+C54C) in font [lmroman10-bold]:+tlig;!
Missing character: There is no 고 (U+ACE0) in font [lmroman10-bold]:+tlig;!
Missing character: There is no 리 (U+B9AC) in font [lmroman10-bold]:+tlig;!
Missing character: There is no 즘 (U+C998) in font [lmroman10-bold]:+tlig;!
Missing character: There is no 이 (U+C774) in font [lmroman10-regular]:+tlig;!
Missing character: There is no 다 (U+B2E4) in font [lmroman10-regular]:+tlig;!
Missing character: There is no 는 (U+B294) in font [lmroman10-regular]:+tlig;!
Missing character: There is no 이 (U+C774) in font [lmroman10-bold]:+tlig;!
Missing character: There is no 미 (U+BBF8) in font [lmroman10-bold]:+tlig;!
Missing character: There is no 정 (U+C815) in font [lmroman10-bold]:+tlig;!
Missing character: There is no 렬 (U+B82C) in font [lmroman10-bold]:+tlig;!
Missing character: There is no 된 (U+B41C) in font [lmroman10-bold]:+tlig;!
Missing character: There is no 부 (U+BD80) in font [lmroman10-bold]:+tlig;!
Missing character: There is no 분 (U+BD84) in font [lmroman10-bold]:+tlig;!
Missing character: There is no 문 (U+BB38) in font [lmroman10-bold]:+tlig;!
Missing character: There is no 제 (U+C81C) in font [lmroman10-bold]:+tlig;!
Missing character: There is no 의 (U+C758) in font [lmroman10-bold]:+tlig;!
Missing character: There is no 해 (U+D574) in font [lmroman10-bold]:+tlig;!
Missing character: There is no 를 (U+B97C) in font [lmroman10-bold]:+tlig;!
Missing character: There is no 유 (U+C720) in font [lmroman10-bold]:+tlig;!
Missing character: There is no 지 (U+C9C0) in font [lmroman10-bold]:+tlig;!
Missing character: There is no 한 (U+D55C) in font [lmroman10-bold]:+tlig;!
Missing character: There is no 채 (U+CC44) in font [lmroman10-bold]:+tlig;!
Missing character: There is no 새 (U+C0C8) in font [lmroman10-bold]:+tlig;!
Missing character: There is no 원 (U+C6D0) in font [lmroman10-bold]:+tlig;!
Missing character: There is no 소 (U+C18C) in font [lmroman10-bold]:+tlig;!
Missing character: There is no 하 (U+D558) in font [lmroman10-bold]:+tlig;!
Missing character: There is no 나 (U+B098) in font [lmroman10-bold]:+tlig;!
Missing character: There is no 를 (U+B97C) in font [lmroman10-bold]:+tlig;!
Missing character: There is no 삽 (U+C0BD) in font [lmroman10-bold]:+tlig;!
Missing character: There is no 입 (U+C785) in font [lmroman10-bold]:+tlig;!
Missing character: There is no 하 (U+D558) in font [lmroman10-bold]:+tlig;!
Missing character: There is no 여 (U+C5EC) in font [lmroman10-bold]:+tlig;!
Missing character: There is no 더 (U+B354) in font [lmroman10-bold]:+tlig;!
Missing character: There is no 큰 (U+D070) in font [lmroman10-bold]:+tlig;!
Missing character: There is no 부 (U+BD80) in font [lmroman10-bold]:+tlig;!
Missing character: There is no 분 (U+BD84) in font [lmroman10-bold]:+tlig;!
Missing character: There is no 문 (U+BB38) in font [lmroman10-bold]:+tlig;!
Missing character: There is no 제 (U+C81C) in font [lmroman10-bold]:+tlig;!
Missing character: There is no 의 (U+C758) in font [lmroman10-bold]:+tlig;!
Missing character: There is no 해 (U+D574) in font [lmroman10-bold]:+tlig;!
Missing character: There is no 를 (U+B97C) in font [lmroman10-bold]:+tlig;!
Missing character: There is no 만 (U+B9CC) in font [lmroman10-bold]:+tlig;!
Missing character: There is no 드 (U+B4DC) in font [lmroman10-bold]:+tlig;!
Missing character: There is no 는 (U+B294) in font [lmroman10-bold]:+tlig;!
Missing character: There is no 알 (U+C54C) in font [lmroman10-bold]:+tlig;!
Missing character: There is no 고 (U+ACE0) in font [lmroman10-bold]:+tlig;!
Missing character: There is no 리 (U+B9AC) in font [lmroman10-bold]:+tlig;!
Missing character: There is no 즘 (U+C998) in font [lmroman10-bold]:+tlig;!
Missing character: There is no 이 (U+C774) in font [lmroman10-regular]:+tlig;!
Missing character: There is no 다 (U+B2E4) in font [lmroman10-regular]:+tlig;!
Missing character: There is no 는 (U+B294) in font [lmroman10-regular]:+tlig;!
Missing character: There is no 이 (U+C774) in font [lmroman10-bold]:+tlig;!
Missing character: There is no 미 (U+BBF8) in font [lmroman10-bold]:+tlig;!
Missing character: There is no 정 (U+C815) in font [lmroman10-bold]:+tlig;!
Missing character: There is no 렬 (U+B82C) in font [lmroman10-bold]:+tlig;!
Missing character: There is no 된 (U+B41C) in font [lmroman10-bold]:+tlig;!
Missing character: There is no 부 (U+BD80) in font [lmroman10-bold]:+tlig;!
Missing character: There is no 분 (U+BD84) in font [lmroman10-bold]:+tlig;!
Missing character: There is no 문 (U+BB38) in font [lmroman10-bold]:+tlig;!
Missing character: There is no 제 (U+C81C) in font [lmroman10-bold]:+tlig;!
Missing character: There is no 의 (U+C758) in font [lmroman10-bold]:+tlig;!
Missing character: There is no 해 (U+D574) in font [lmroman10-bold]:+tlig;!
Missing character: There is no 를 (U+B97C) in font [lmroman10-bold]:+tlig;!
Missing character: There is no 유 (U+C720) in font [lmroman10-bold]:+tlig;!
Missing character: There is no 지 (U+C9C0) in font [lmroman10-bold]:+tlig;!
Missing character: There is no 한 (U+D55C) in font [lmroman10-bold]:+tlig;!
Missing character: There is no 채 (U+CC44) in font [lmroman10-bold]:+tlig;!
Missing character: There is no 새 (U+C0C8) in font [lmroman10-bold]:+tlig;!
Missing character: There is no 원 (U+C6D0) in font [lmroman10-bold]:+tlig;!
Missing character: There is no 소 (U+C18C) in font [lmroman10-bold]:+tlig;!
Missing character: There is no 하 (U+D558) in font [lmroman10-bold]:+tlig;!
Missing character: There is no 나 (U+B098) in font [lmroman10-bold]:+tlig;!
Missing character: There is no 를 (U+B97C) in font [lmroman10-bold]:+tlig;!
Missing character: There is no 삽 (U+C0BD) in font [lmroman10-bold]:+tlig;!
Missing character: There is no 입 (U+C785) in font [lmroman10-bold]:+tlig;!
Missing character: There is no 하 (U+D558) in font [lmroman10-bold]:+tlig;!
Missing character: There is no 여 (U+C5EC) in font [lmroman10-bold]:+tlig;!
Missing character: There is no 더 (U+B354) in font [lmroman10-bold]:+tlig;!
Missing character: There is no 큰 (U+D070) in font [lmroman10-bold]:+tlig;!
Missing character: There is no 부 (U+BD80) in font [lmroman10-bold]:+tlig;!
Missing character: There is no 분 (U+BD84) in font [lmroman10-bold]:+tlig;!
Missing character: There is no 문 (U+BB38) in font [lmroman10-bold]:+tlig;!
Missing character: There is no 제 (U+C81C) in font [lmroman10-bold]:+tlig;!
Missing character: There is no 의 (U+C758) in font [lmroman10-bold]:+tlig;!
Missing character: There is no 해 (U+D574) in font [lmroman10-bold]:+tlig;!
Missing character: There is no 를 (U+B97C) in font [lmroman10-bold]:+tlig;!
Missing character: There is no 만 (U+B9CC) in font [lmroman10-bold]:+tlig;!
Missing character: There is no 드 (U+B4DC) in font [lmroman10-bold]:+tlig;!
Missing character: There is no 는 (U+B294) in font [lmroman10-bold]:+tlig;!
Missing character: There is no 알 (U+C54C) in font [lmroman10-bold]:+tlig;!
Missing character: There is no 고 (U+ACE0) in font [lmroman10-bold]:+tlig;!
Missing character: There is no 리 (U+B9AC) in font [lmroman10-bold]:+tlig;!
Missing character: There is no 즘 (U+C998) in font [lmroman10-bold]:+tlig;!
Missing character: There is no 이 (U+C774) in font [lmroman10-regular]:+tlig;!
Missing character: There is no 다 (U+B2E4) in font [lmroman10-regular]:+tlig;!
Missing character: There is no 는 (U+B294) in font [lmroman10-regular]:+tlig;!
Missing character: There is no 이 (U+C774) in font [lmroman10-bold]:+tlig;!
Missing character: There is no 미 (U+BBF8) in font [lmroman10-bold]:+tlig;!
Missing character: There is no 정 (U+C815) in font [lmroman10-bold]:+tlig;!
Missing character: There is no 렬 (U+B82C) in font [lmroman10-bold]:+tlig;!
Missing character: There is no 된 (U+B41C) in font [lmroman10-bold]:+tlig;!
Missing character: There is no 부 (U+BD80) in font [lmroman10-bold]:+tlig;!
Missing character: There is no 분 (U+BD84) in font [lmroman10-bold]:+tlig;!
Missing character: There is no 문 (U+BB38) in font [lmroman10-bold]:+tlig;!
Missing character: There is no 제 (U+C81C) in font [lmroman10-bold]:+tlig;!
Missing character: There is no 의 (U+C758) in font [lmroman10-bold]:+tlig;!
Missing character: There is no 해 (U+D574) in font [lmroman10-bold]:+tlig;!
Missing character: There is no 를 (U+B97C) in font [lmroman10-bold]:+tlig;!
Missing character: There is no 유 (U+C720) in font [lmroman10-bold]:+tlig;!
Missing character: There is no 지 (U+C9C0) in font [lmroman10-bold]:+tlig;!
Missing character: There is no 한 (U+D55C) in font [lmroman10-bold]:+tlig;!
Missing character: There is no 채 (U+CC44) in font [lmroman10-bold]:+tlig;!
Missing character: There is no 새 (U+C0C8) in font [lmroman10-bold]:+tlig;!
Missing character: There is no 원 (U+C6D0) in font [lmroman10-bold]:+tlig;!
Missing character: There is no 소 (U+C18C) in font [lmroman10-bold]:+tlig;!
Missing character: There is no 하 (U+D558) in font [lmroman10-bold]:+tlig;!
Missing character: There is no 나 (U+B098) in font [lmroman10-bold]:+tlig;!
Missing character: There is no 를 (U+B97C) in font [lmroman10-bold]:+tlig;!
Missing character: There is no 삽 (U+C0BD) in font [lmroman10-bold]:+tlig;!
Missing character: There is no 입 (U+C785) in font [lmroman10-bold]:+tlig;!
Missing character: There is no 하 (U+D558) in font [lmroman10-bold]:+tlig;!
Missing character: There is no 여 (U+C5EC) in font [lmroman10-bold]:+tlig;!
Missing character: There is no 더 (U+B354) in font [lmroman10-bold]:+tlig;!
Missing character: There is no 큰 (U+D070) in font [lmroman10-bold]:+tlig;!
Missing character: There is no 부 (U+BD80) in font [lmroman10-bold]:+tlig;!
Missing character: There is no 분 (U+BD84) in font [lmroman10-bold]:+tlig;!
Missing character: There is no 문 (U+BB38) in font [lmroman10-bold]:+tlig;!
Missing character: There is no 제 (U+C81C) in font [lmroman10-bold]:+tlig;!
Missing character: There is no 의 (U+C758) in font [lmroman10-bold]:+tlig;!
Missing character: There is no 해 (U+D574) in font [lmroman10-bold]:+tlig;!
Missing character: There is no 를 (U+B97C) in font [lmroman10-bold]:+tlig;!
Missing character: There is no 만 (U+B9CC) in font [lmroman10-bold]:+tlig;!
Missing character: There is no 드 (U+B4DC) in font [lmroman10-bold]:+tlig;!
Missing character: There is no 는 (U+B294) in font [lmroman10-bold]:+tlig;!
Missing character: There is no 알 (U+C54C) in font [lmroman10-bold]:+tlig;!
Missing character: There is no 고 (U+ACE0) in font [lmroman10-bold]:+tlig;!
Missing character: There is no 리 (U+B9AC) in font [lmroman10-bold]:+tlig;!
Missing character: There is no 즘 (U+C998) in font [lmroman10-bold]:+tlig;!
Missing character: There is no 이 (U+C774) in font [lmroman10-regular]:+tlig;!
Missing character: There is no 다 (U+B2E4) in font [lmroman10-regular]:+tlig;!

Underfull \hbox (badness 10000) in paragraph at lines 326--328

 []

Missing character: There is no 좀 (U+C880) in font [lmroman10-regular]:+tlig;!
Missing character: There is no 더 (U+B354) in font [lmroman10-regular]:+tlig;!
Missing character: There is no 풀 (U+D480) in font [lmroman10-regular]:+tlig;!
Missing character: There is no 어 (U+C5B4) in font [lmroman10-regular]:+tlig;!
Missing character: There is no 서 (U+C11C) in font [lmroman10-regular]:+tlig;!
Missing character: There is no 말 (U+B9D0) in font [lmroman10-regular]:+tlig;!
Missing character: There is no 하 (U+D558) in font [lmroman10-regular]:+tlig;!
Missing character: There is no 면 (U+BA74) in font [lmroman10-regular]:+tlig;!
Missing character: There is no 다 (U+B2E4) in font [lmroman10-regular]:+tlig;!
Missing character: There is no 음 (U+C74C) in font [lmroman10-regular]:+tlig;!
Missing character: There is no 과 (U+ACFC) in font [lmroman10-regular]:+tlig;!
Missing character: There is no 같 (U+AC19) in font [lmroman10-regular]:+tlig;!
Missing character: There is no 다 (U+B2E4) in font [lmroman10-regular]:+tlig;!
Missing character: There is no 좀 (U+C880) in font [lmroman10-regular]:+tlig;!
Missing character: There is no 더 (U+B354) in font [lmroman10-regular]:+tlig;!
Missing character: There is no 풀 (U+D480) in font [lmroman10-regular]:+tlig;!
Missing character: There is no 어 (U+C5B4) in font [lmroman10-regular]:+tlig;!
Missing character: There is no 서 (U+C11C) in font [lmroman10-regular]:+tlig;!
Missing character: There is no 말 (U+B9D0) in font [lmroman10-regular]:+tlig;!
Missing character: There is no 하 (U+D558) in font [lmroman10-regular]:+tlig;!
Missing character: There is no 면 (U+BA74) in font [lmroman10-regular]:+tlig;!
Missing character: There is no 다 (U+B2E4) in font [lmroman10-regular]:+tlig;!
Missing character: There is no 음 (U+C74C) in font [lmroman10-regular]:+tlig;!
Missing character: There is no 과 (U+ACFC) in font [lmroman10-regular]:+tlig;!
Missing character: There is no 같 (U+AC19) in font [lmroman10-regular]:+tlig;!
Missing character: There is no 다 (U+B2E4) in font [lmroman10-regular]:+tlig;!
Missing character: There is no 은 (U+C740) in font [lmroman10-regular]:+tlig;!
Missing character: There is no 이 (U+C774) in font [lmroman10-regular]:+tlig;!
Missing character: There is no 미 (U+BBF8) in font [lmroman10-regular]:+tlig;!
Missing character: There is no 정 (U+C815) in font [lmroman10-regular]:+tlig;!
Missing character: There is no 렬 (U+B82C) in font [lmroman10-regular]:+tlig;!
Missing character: There is no 되 (U+B418) in font [lmroman10-regular]:+tlig;!
Missing character: There is no 어 (U+C5B4) in font [lmroman10-regular]:+tlig;!
Missing character: There is no 있 (U+C788) in font [lmroman10-regular]:+tlig;!
Missing character: There is no 다 (U+B2E4) in font [lmroman10-regular]:+tlig;!
Missing character: There is no 은 (U+C740) in font [lmroman10-regular]:+tlig;!
Missing character: There is no 이 (U+C774) in font [lmroman10-regular]:+tlig;!
Missing character: There is no 미 (U+BBF8) in font [lmroman10-regular]:+tlig;!
Missing character: There is no 정 (U+C815) in font [lmroman10-regular]:+tlig;!
Missing character: There is no 렬 (U+B82C) in font [lmroman10-regular]:+tlig;!
Missing character: There is no 되 (U+B418) in font [lmroman10-regular]:+tlig;!
Missing character: There is no 어 (U+C5B4) in font [lmroman10-regular]:+tlig;!
Missing character: There is no 있 (U+C788) in font [lmroman10-regular]:+tlig;!
Missing character: There is no 다 (U+B2E4) in font [lmroman10-regular]:+tlig;!
Missing character: There is no 를 (U+B97C) in font [lmroman10-regular]:+tlig;!
Missing character: There is no 삽 (U+C0BD) in font [lmroman10-regular]:+tlig;!
Missing character: There is no 입 (U+C785) in font [lmroman10-regular]:+tlig;!
Missing character: There is no 해 (U+D574) in font [lmroman10-regular]:+tlig;!
Missing character: There is no 서 (U+C11C) in font [lmroman10-regular]:+tlig;!
Missing character: There is no 를 (U+B97C) in font [lmroman10-regular]:+tlig;!
Missing character: There is no 만 (U+B9CC) in font [lmroman10-regular]:+tlig;!
Missing character: There is no 든 (U+B4E0) in font [lmroman10-regular]:+tlig;!
Missing character: There is no 다 (U+B2E4) in font [lmroman10-regular]:+tlig;!
Missing character: There is no 를 (U+B97C) in font [lmroman10-regular]:+tlig;!
Missing character: There is no 삽 (U+C0BD) in font [lmroman10-regular]:+tlig;!
Missing character: There is no 입 (U+C785) in font [lmroman10-regular]:+tlig;!
Missing character: There is no 해 (U+D574) in font [lmroman10-regular]:+tlig;!
Missing character: There is no 서 (U+C11C) in font [lmroman10-regular]:+tlig;!
Missing character: There is no 를 (U+B97C) in font [lmroman10-regular]:+tlig;!
Missing character: There is no 만 (U+B9CC) in font [lmroman10-regular]:+tlig;!
Missing character: There is no 든 (U+B4E0) in font [lmroman10-regular]:+tlig;!
Missing character: There is no 다 (U+B2E4) in font [lmroman10-regular]:+tlig;!
Missing character: There is no 를 (U+B97C) in font [lmroman10-regular]:+tlig;!
Missing character: There is no 삽 (U+C0BD) in font [lmroman10-regular]:+tlig;!
Missing character: There is no 입 (U+C785) in font [lmroman10-regular]:+tlig;!
Missing character: There is no 해 (U+D574) in font [lmroman10-regular]:+tlig;!
Missing character: There is no 서 (U+C11C) in font [lmroman10-regular]:+tlig;!
Missing character: There is no 을 (U+C744) in font [lmroman10-regular]:+tlig;!
Missing character: There is no 만 (U+B9CC) in font [lmroman10-regular]:+tlig;!
Missing character: There is no 든 (U+B4E0) in font [lmroman10-regular]:+tlig;!
Missing character: There is no 다 (U+B2E4) in font [lmroman10-regular]:+tlig;!
Missing character: There is no 를 (U+B97C) in font [lmroman10-regular]:+tlig;!
Missing character: There is no 삽 (U+C0BD) in font [lmroman10-regular]:+tlig;!
Missing character: There is no 입 (U+C785) in font [lmroman10-regular]:+tlig;!
Missing character: There is no 해 (U+D574) in font [lmroman10-regular]:+tlig;!
Missing character: There is no 서 (U+C11C) in font [lmroman10-regular]:+tlig;!
Missing character: There is no 을 (U+C744) in font [lmroman10-regular]:+tlig;!
Missing character: There is no 만 (U+B9CC) in font [lmroman10-regular]:+tlig;!
Missing character: There is no 든 (U+B4E0) in font [lmroman10-regular]:+tlig;!
Missing character: There is no 다 (U+B2E4) in font [lmroman10-regular]:+tlig;!
Missing character: There is no 을 (U+C744) in font [lmroman10-regular]:+tlig;!
Missing character: There is no 삽 (U+C0BD) in font [lmroman10-regular]:+tlig;!
Missing character: There is no 입 (U+C785) in font [lmroman10-regular]:+tlig;!
Missing character: There is no 해 (U+D574) in font [lmroman10-regular]:+tlig;!
Missing character: There is no 서 (U+C11C) in font [lmroman10-regular]:+tlig;!
Missing character: There is no 을 (U+C744) in font [lmroman10-regular]:+tlig;!
Missing character: There is no 만 (U+B9CC) in font [lmroman10-regular]:+tlig;!
Missing character: There is no 든 (U+B4E0) in font [lmroman10-regular]:+tlig;!
Missing character: There is no 다 (U+B2E4) in font [lmroman10-regular]:+tlig;!
Missing character: There is no 을 (U+C744) in font [lmroman10-regular]:+tlig;!
Missing character: There is no 삽 (U+C0BD) in font [lmroman10-regular]:+tlig;!
Missing character: There is no 입 (U+C785) in font [lmroman10-regular]:+tlig;!
Missing character: There is no 해 (U+D574) in font [lmroman10-regular]:+tlig;!
Missing character: There is no 서 (U+C11C) in font [lmroman10-regular]:+tlig;!
Missing character: There is no 을 (U+C744) in font [lmroman10-regular]:+tlig;!
Missing character: There is no 만 (U+B9CC) in font [lmroman10-regular]:+tlig;!
Missing character: There is no 든 (U+B4E0) in font [lmroman10-regular]:+tlig;!
Missing character: There is no 다 (U+B2E4) in font [lmroman10-regular]:+tlig;!
Missing character: There is no 즉 (U+C989) in font [lmroman10-regular]:+tlig;!
Missing character: There is no 정 (U+C815) in font [lmroman10-regular]:+tlig;!
Missing character: There is no 렬 (U+B82C) in font [lmroman10-regular]:+tlig;!
Missing character: There is no 결 (U+ACB0) in font [lmroman10-regular]:+tlig;!
Missing character: There is no 과 (U+ACFC) in font [lmroman10-regular]:+tlig;!
Missing character: There is no 를 (U+B97C) in font [lmroman10-regular]:+tlig;!
Missing character: There is no 매 (U+B9E4) in font [lmroman10-regular]:+tlig;!
Missing character: There is no 단 (U+B2E8) in font [lmroman10-regular]:+tlig;!
Missing character: There is no 계 (U+ACC4) in font [lmroman10-regular]:+tlig;!
Missing character: There is no 새 (U+C0C8) in font [lmroman10-regular]:+tlig;!
Missing character: There is no 로 (U+B85C) in font [lmroman10-regular]:+tlig;!
Missing character: There is no 계 (U+ACC4) in font [lmroman10-regular]:+tlig;!
Missing character: There is no 산 (U+C0B0) in font [lmroman10-regular]:+tlig;!
Missing character: There is no 하 (U+D558) in font [lmroman10-regular]:+tlig;!
Missing character: There is no 는 (U+B294) in font [lmroman10-regular]:+tlig;!
Missing character: There is no 것 (U+AC83) in font [lmroman10-regular]:+tlig;!
Missing character: There is no 이 (U+C774) in font [lmroman10-regular]:+tlig;!
Missing character: There is no 아 (U+C544) in font [lmroman10-regular]:+tlig;!
Missing character: There is no 니 (U+B2C8) in font [lmroman10-regular]:+tlig;!
Missing character: There is no 라 (U+B77C) in font [lmroman10-regular]:+tlig;!
Missing character: There is no 이 (U+C774) in font [lmroman10-bold]:+tlig;!
Missing character: There is no 전 (U+C804) in font [lmroman10-bold]:+tlig;!
Missing character: There is no 단 (U+B2E8) in font [lmroman10-bold]:+tlig;!
Missing character: There is no 계 (U+ACC4) in font [lmroman10-bold]:+tlig;!
Missing character: There is no 의 (U+C758) in font [lmroman10-bold]:+tlig;!
Missing character: There is no 결 (U+ACB0) in font [lmroman10-bold]:+tlig;!
Missing character: There is no 과 (U+ACFC) in font [lmroman10-bold]:+tlig;!
Missing character: There is no 를 (U+B97C) in font [lmroman10-bold]:+tlig;!
Missing character: There is no 재 (U+C7AC) in font [lmroman10-bold]:+tlig;!
Missing character: There is no 사 (U+C0AC) in font [lmroman10-bold]:+tlig;!
Missing character: There is no 용 (U+C6A9) in font [lmroman10-bold]:+tlig;!
Missing character: There is no 하 (U+D558) in font [lmroman10-bold]:+tlig;!
Missing character: There is no 여 (U+C5EC) in font [lmroman10-bold]:+tlig;!
Missing character: There is no 한 (U+D55C) in font [lmroman10-bold]:+tlig;!
Missing character: There is no 단 (U+B2E8) in font [lmroman10-bold]:+tlig;!
Missing character: There is no 계 (U+ACC4) in font [lmroman10-bold]:+tlig;!
Missing character: There is no 씩 (U+C529) in font [lmroman10-bold]:+tlig;!
Missing character: There is no 확 (U+D655) in font [lmroman10-bold]:+tlig;!
Missing character: There is no 장 (U+C7A5) in font [lmroman10-bold]:+tlig;!
Missing character: There is no 한 (U+D55C) in font [lmroman10-bold]:+tlig;!
Missing character: There is no 다 (U+B2E4) in font [lmroman10-bold]:+tlig;!
Missing character: There is no 즉 (U+C989) in font [lmroman10-regular]:+tlig;!
Missing character: There is no 정 (U+C815) in font [lmroman10-regular]:+tlig;!
Missing character: There is no 렬 (U+B82C) in font [lmroman10-regular]:+tlig;!
Missing character: There is no 결 (U+ACB0) in font [lmroman10-regular]:+tlig;!
Missing character: There is no 과 (U+ACFC) in font [lmroman10-regular]:+tlig;!
Missing character: There is no 를 (U+B97C) in font [lmroman10-regular]:+tlig;!
Missing character: There is no 매 (U+B9E4) in font [lmroman10-regular]:+tlig;!
Missing character: There is no 단 (U+B2E8) in font [lmroman10-regular]:+tlig;!
Missing character: There is no 계 (U+ACC4) in font [lmroman10-regular]:+tlig;!
Missing character: There is no 새 (U+C0C8) in font [lmroman10-regular]:+tlig;!
Missing character: There is no 로 (U+B85C) in font [lmroman10-regular]:+tlig;!
Missing character: There is no 계 (U+ACC4) in font [lmroman10-regular]:+tlig;!
Missing character: There is no 산 (U+C0B0) in font [lmroman10-regular]:+tlig;!
Missing character: There is no 하 (U+D558) in font [lmroman10-regular]:+tlig;!
Missing character: There is no 는 (U+B294) in font [lmroman10-regular]:+tlig;!
Missing character: There is no 것 (U+AC83) in font [lmroman10-regular]:+tlig;!
Missing character: There is no 이 (U+C774) in font [lmroman10-regular]:+tlig;!
Missing character: There is no 아 (U+C544) in font [lmroman10-regular]:+tlig;!
Missing character: There is no 니 (U+B2C8) in font [lmroman10-regular]:+tlig;!
Missing character: There is no 라 (U+B77C) in font [lmroman10-regular]:+tlig;!
Missing character: There is no 이 (U+C774) in font [lmroman10-bold]:+tlig;!
Missing character: There is no 전 (U+C804) in font [lmroman10-bold]:+tlig;!
Missing character: There is no 단 (U+B2E8) in font [lmroman10-bold]:+tlig;!
Missing character: There is no 계 (U+ACC4) in font [lmroman10-bold]:+tlig;!
Missing character: There is no 의 (U+C758) in font [lmroman10-bold]:+tlig;!
Missing character: There is no 결 (U+ACB0) in font [lmroman10-bold]:+tlig;!
Missing character: There is no 과 (U+ACFC) in font [lmroman10-bold]:+tlig;!
Missing character: There is no 를 (U+B97C) in font [lmroman10-bold]:+tlig;!
Missing character: There is no 재 (U+C7AC) in font [lmroman10-bold]:+tlig;!
Missing character: There is no 사 (U+C0AC) in font [lmroman10-bold]:+tlig;!
Missing character: There is no 용 (U+C6A9) in font [lmroman10-bold]:+tlig;!
Missing character: There is no 하 (U+D558) in font [lmroman10-bold]:+tlig;!
Missing character: There is no 여 (U+C5EC) in font [lmroman10-bold]:+tlig;!
Missing character: There is no 한 (U+D55C) in font [lmroman10-bold]:+tlig;!
Missing character: There is no 단 (U+B2E8) in font [lmroman10-bold]:+tlig;!
Missing character: There is no 계 (U+ACC4) in font [lmroman10-bold]:+tlig;!
Missing character: There is no 씩 (U+C529) in font [lmroman10-bold]:+tlig;!
Missing character: There is no 확 (U+D655) in font [lmroman10-bold]:+tlig;!
Missing character: There is no 장 (U+C7A5) in font [lmroman10-bold]:+tlig;!
Missing character: There is no 한 (U+D55C) in font [lmroman10-bold]:+tlig;!
Missing character: There is no 다 (U+B2E4) in font [lmroman10-bold]:+tlig;!
Missing character: There is no 이 (U+C774) in font [lmroman10-regular]:+tlig;!
Missing character: There is no 것 (U+AC83) in font [lmroman10-regular]:+tlig;!
Missing character: There is no 이 (U+C774) in font [lmroman10-regular]:+tlig;!
Missing character: There is no 의 (U+C758) in font [lmroman10-regular]:+tlig;!
Missing character: There is no 본 (U+BCF8) in font [lmroman10-regular]:+tlig;!
Missing character: There is no 질 (U+C9C8) in font [lmroman10-regular]:+tlig;!
Missing character: There is no 이 (U+C774) in font [lmroman10-regular]:+tlig;!
Missing character: There is no 다 (U+B2E4) in font [lmroman10-regular]:+tlig;!
Missing character: There is no 이 (U+C774) in font [lmroman10-regular]:+tlig;!
Missing character: There is no 것 (U+AC83) in font [lmroman10-regular]:+tlig;!
Missing character: There is no 이 (U+C774) in font [lmroman10-regular]:+tlig;!
Missing character: There is no 의 (U+C758) in font [lmroman10-regular]:+tlig;!
Missing character: There is no 본 (U+BCF8) in font [lmroman10-regular]:+tlig;!
Missing character: There is no 질 (U+C9C8) in font [lmroman10-regular]:+tlig;!
Missing character: There is no 이 (U+C774) in font [lmroman10-regular]:+tlig;!
Missing character: There is no 다 (U+B2E4) in font [lmroman10-regular]:+tlig;!
Missing character: There is no 시 (U+C2DC) in font [lmroman12-bold]:+tlig;!
Missing character: There is no 간 (U+AC04) in font [lmroman12-bold]:+tlig;!
Missing character: There is no 복 (U+BCF5) in font [lmroman12-bold]:+tlig;!
Missing character: There is no 잡 (U+C7A1) in font [lmroman12-bold]:+tlig;!
Missing character: There is no 도 (U+B3C4) in font [lmroman12-bold]:+tlig;!
Missing character: There is no 시 (U+C2DC) in font [lmroman12-bold]:+tlig;!
Missing character: There is no 간 (U+AC04) in font [lmroman12-bold]:+tlig;!
Missing character: There is no 복 (U+BCF5) in font [lmroman12-bold]:+tlig;!
Missing character: There is no 잡 (U+C7A1) in font [lmroman12-bold]:+tlig;!
Missing character: There is no 도 (U+B3C4) in font [lmroman12-bold]:+tlig;!
Missing character: There is no 의 (U+C758) in font [lmroman10-regular]:+tlig;!
Missing character: There is no 시 (U+C2DC) in font [lmroman10-regular]:+tlig;!
Missing character: There is no 간 (U+AC04) in font [lmroman10-regular]:+tlig;!
Missing character: There is no 복 (U+BCF5) in font [lmroman10-regular]:+tlig;!
Missing character: There is no 잡 (U+C7A1) in font [lmroman10-regular]:+tlig;!
Missing character: There is no 도 (U+B3C4) in font [lmroman10-regular]:+tlig;!
Missing character: There is no 는 (U+B294) in font [lmroman10-regular]:+tlig;!
Missing character: There is no 입 (U+C785) in font [lmroman10-regular]:+tlig;!
Missing character: There is no 력 (U+B825) in font [lmroman10-regular]:+tlig;!
Missing character: There is no 배 (U+BC30) in font [lmroman10-regular]:+tlig;!
Missing character: There is no 열 (U+C5F4) in font [lmroman10-regular]:+tlig;!
Missing character: There is no 의 (U+C758) in font [lmroman10-regular]:+tlig;!
Missing character: There is no 초 (U+CD08) in font [lmroman10-regular]:+tlig;!
Missing character: There is no 기 (U+AE30) in font [lmroman10-regular]:+tlig;!
Missing character: There is no 상 (U+C0C1) in font [lmroman10-regular]:+tlig;!
Missing character: There is no 태 (U+D0DC) in font [lmroman10-regular]:+tlig;!
Missing character: There is no 에 (U+C5D0) in font [lmroman10-regular]:+tlig;!
Missing character: There is no 따 (U+B530) in font [lmroman10-regular]:+tlig;!
Missing character: There is no 라 (U+B77C) in font [lmroman10-regular]:+tlig;!
Missing character: There is no 달 (U+B2EC) in font [lmroman10-regular]:+tlig;!
Missing character: There is no 라 (U+B77C) in font [lmroman10-regular]:+tlig;!
Missing character: There is no 진 (U+C9C4) in font [lmroman10-regular]:+tlig;!
Missing character: There is no 다 (U+B2E4) in font [lmroman10-regular]:+tlig;!
Missing character: There is no 의 (U+C758) in font [lmroman10-regular]:+tlig;!
Missing character: There is no 시 (U+C2DC) in font [lmroman10-regular]:+tlig;!
Missing character: There is no 간 (U+AC04) in font [lmroman10-regular]:+tlig;!
Missing character: There is no 복 (U+BCF5) in font [lmroman10-regular]:+tlig;!
Missing character: There is no 잡 (U+C7A1) in font [lmroman10-regular]:+tlig;!
Missing character: There is no 도 (U+B3C4) in font [lmroman10-regular]:+tlig;!
Missing character: There is no 는 (U+B294) in font [lmroman10-regular]:+tlig;!
Missing character: There is no 입 (U+C785) in font [lmroman10-regular]:+tlig;!
Missing character: There is no 력 (U+B825) in font [lmroman10-regular]:+tlig;!
Missing character: There is no 배 (U+BC30) in font [lmroman10-regular]:+tlig;!
Missing character: There is no 열 (U+C5F4) in font [lmroman10-regular]:+tlig;!
Missing character: There is no 의 (U+C758) in font [lmroman10-regular]:+tlig;!
Missing character: There is no 초 (U+CD08) in font [lmroman10-regular]:+tlig;!
Missing character: There is no 기 (U+AE30) in font [lmroman10-regular]:+tlig;!
Missing character: There is no 상 (U+C0C1) in font [lmroman10-regular]:+tlig;!
Missing character: There is no 태 (U+D0DC) in font [lmroman10-regular]:+tlig;!
Missing character: There is no 에 (U+C5D0) in font [lmroman10-regular]:+tlig;!
Missing character: There is no 따 (U+B530) in font [lmroman10-regular]:+tlig;!
Missing character: There is no 라 (U+B77C) in font [lmroman10-regular]:+tlig;!
Missing character: There is no 달 (U+B2EC) in font [lmroman10-regular]:+tlig;!
Missing character: There is no 라 (U+B77C) in font [lmroman10-regular]:+tlig;!
Missing character: There is no 진 (U+C9C4) in font [lmroman10-regular]:+tlig;!
Missing character: There is no 다 (U+B2E4) in font [lmroman10-regular]:+tlig;!
Missing character: There is no 배 (U+BC30) in font [lmroman10-regular]:+tlig;!
Missing character: There is no 열 (U+C5F4) in font [lmroman10-regular]:+tlig;!
Missing character: There is no 이 (U+C774) in font [lmroman10-regular]:+tlig;!
Missing character: There is no 이 (U+C774) in font [lmroman10-regular]:+tlig;!
Missing character: There is no 미 (U+BBF8) in font [lmroman10-regular]:+tlig;!
Missing character: There is no 정 (U+C815) in font [lmroman10-regular]:+tlig;!
Missing character: There is no 렬 (U+B82C) in font [lmroman10-regular]:+tlig;!
Missing character: There is no 되 (U+B418) in font [lmroman10-regular]:+tlig;!
Missing character: There is no 어 (U+C5B4) in font [lmroman10-regular]:+tlig;!
Missing character: There is no 있 (U+C788) in font [lmroman10-regular]:+tlig;!
Missing character: There is no 는 (U+B294) in font [lmroman10-regular]:+tlig;!
Missing character: There is no 경 (U+ACBD) in font [lmroman10-regular]:+tlig;!
Missing character: There is no 우 (U+C6B0) in font [lmroman10-regular]:+tlig;!
Missing character: There is no 를 (U+B97C) in font [lmroman10-regular]:+tlig;!
Missing character: There is no 생 (U+C0DD) in font [lmroman10-regular]:+tlig;!
Missing character: There is no 각 (U+AC01) in font [lmroman10-regular]:+tlig;!
Missing character: There is no 해 (U+D574) in font [lmroman10-regular]:+tlig;!
Missing character: There is no 보 (U+BCF4) in font [lmroman10-regular]:+tlig;!
Missing character: There is no 자 (U+C790) in font [lmroman10-regular]:+tlig;!
Missing character: There is no 배 (U+BC30) in font [lmroman10-regular]:+tlig;!
Missing character: There is no 열 (U+C5F4) in font [lmroman10-regular]:+tlig;!
Missing character: There is no 이 (U+C774) in font [lmroman10-regular]:+tlig;!
Missing character: There is no 이 (U+C774) in font [lmroman10-regular]:+tlig;!
Missing character: There is no 미 (U+BBF8) in font [lmroman10-regular]:+tlig;!
Missing character: There is no 정 (U+C815) in font [lmroman10-regular]:+tlig;!
Missing character: There is no 렬 (U+B82C) in font [lmroman10-regular]:+tlig;!
Missing character: There is no 되 (U+B418) in font [lmroman10-regular]:+tlig;!
Missing character: There is no 어 (U+C5B4) in font [lmroman10-regular]:+tlig;!
Missing character: There is no 있 (U+C788) in font [lmroman10-regular]:+tlig;!
Missing character: There is no 는 (U+B294) in font [lmroman10-regular]:+tlig;!
Missing character: There is no 경 (U+ACBD) in font [lmroman10-regular]:+tlig;!
Missing character: There is no 우 (U+C6B0) in font [lmroman10-regular]:+tlig;!
Missing character: There is no 를 (U+B97C) in font [lmroman10-regular]:+tlig;!
Missing character: There is no 생 (U+C0DD) in font [lmroman10-regular]:+tlig;!
Missing character: There is no 각 (U+AC01) in font [lmroman10-regular]:+tlig;!
Missing character: There is no 해 (U+D574) in font [lmroman10-regular]:+tlig;!
Missing character: There is no 보 (U+BCF4) in font [lmroman10-regular]:+tlig;!
Missing character: There is no 자 (U+C790) in font [lmroman10-regular]:+tlig;!
Missing character: There is no 이 (U+C774) in font [lmroman10-regular]:+tlig;!
Missing character: There is no 경 (U+ACBD) in font [lmroman10-regular]:+tlig;!
Missing character: There is no 우 (U+C6B0) in font [lmroman10-regular]:+tlig;!
Missing character: There is no 각 (U+AC01) in font [lmroman10-regular]:+tlig;!
Missing character: There is no 단 (U+B2E8) in font [lmroman10-regular]:+tlig;!
Missing character: There is no 계 (U+ACC4) in font [lmroman10-regular]:+tlig;!
Missing character: There is no 에 (U+C5D0) in font [lmroman10-regular]:+tlig;!
Missing character: There is no 서 (U+C11C) in font [lmroman10-regular]:+tlig;!
Missing character: There is no 조 (U+C870) in font [lmroman10-regular]:+tlig;!
Missing character: There is no 건 (U+AC74) in font [lmroman10-regular]:+tlig;!
Missing character: There is no 이 (U+C774) in font [lmroman10-regular]:+tlig;!
Missing character: There is no 곧 (U+ACE7) in font [lmroman10-regular]:+tlig;!
Missing character: There is no 바 (U+BC14) in font [lmroman10-regular]:+tlig;!
Missing character: There is no 로 (U+B85C) in font [lmroman10-regular]:+tlig;!
Missing character: There is no 거 (U+AC70) in font [lmroman10-regular]:+tlig;!
Missing character: There is no 짓 (U+C9D3) in font [lmroman10-regular]:+tlig;!
Missing character: There is no 이 (U+C774) in font [lmroman10-regular]:+tlig;!
Missing character: There is no 되 (U+B418) in font [lmroman10-regular]:+tlig;!
Missing character: There is no 므 (U+BBC0) in font [lmroman10-regular]:+tlig;!
Missing character: There is no 로 (U+B85C) in font [lmroman10-regular]:+tlig;!
Missing character: There is no 루 (U+B8E8) in font [lmroman10-regular]:+tlig;!
Missing character: There is no 프 (U+D504) in font [lmroman10-regular]:+tlig;!
Missing character: There is no 는 (U+B294) in font [lmroman10-regular]:+tlig;!
Missing character: There is no 거 (U+AC70) in font [lmroman10-regular]:+tlig;!
Missing character: There is no 의 (U+C758) in font [lmroman10-regular]:+tlig;!
Missing character: There is no 실 (U+C2E4) in font [lmroman10-regular]:+tlig;!
Missing character: There is no 행 (U+D589) in font [lmroman10-regular]:+tlig;!
Missing character: There is no 되 (U+B418) in font [lmroman10-regular]:+tlig;!
Missing character: There is no 지 (U+C9C0) in font [lmroman10-regular]:+tlig;!
Missing character: There is no 않 (U+C54A) in font [lmroman10-regular]:+tlig;!
Missing character: There is no 는 (U+B294) in font [lmroman10-regular]:+tlig;!
Missing character: There is no 다 (U+B2E4) in font [lmroman10-regular]:+tlig;!
Missing character: There is no 이 (U+C774) in font [lmroman10-regular]:+tlig;!
Missing character: There is no 경 (U+ACBD) in font [lmroman10-regular]:+tlig;!
Missing character: There is no 우 (U+C6B0) in font [lmroman10-regular]:+tlig;!
Missing character: There is no 각 (U+AC01) in font [lmroman10-regular]:+tlig;!
Missing character: There is no 단 (U+B2E8) in font [lmroman10-regular]:+tlig;!
Missing character: There is no 계 (U+ACC4) in font [lmroman10-regular]:+tlig;!
Missing character: There is no 에 (U+C5D0) in font [lmroman10-regular]:+tlig;!
Missing character: There is no 서 (U+C11C) in font [lmroman10-regular]:+tlig;!
Missing character: There is no 조 (U+C870) in font [lmroman10-regular]:+tlig;!
Missing character: There is no 건 (U+AC74) in font [lmroman10-regular]:+tlig;!
Missing character: There is no 이 (U+C774) in font [lmroman10-regular]:+tlig;!
Missing character: There is no 곧 (U+ACE7) in font [lmroman10-regular]:+tlig;!
Missing character: There is no 바 (U+BC14) in font [lmroman10-regular]:+tlig;!
Missing character: There is no 로 (U+B85C) in font [lmroman10-regular]:+tlig;!
Missing character: There is no 거 (U+AC70) in font [lmroman10-regular]:+tlig;!
Missing character: There is no 짓 (U+C9D3) in font [lmroman10-regular]:+tlig;!
Missing character: There is no 이 (U+C774) in font [lmroman10-regular]:+tlig;!
Missing character: There is no 되 (U+B418) in font [lmroman10-regular]:+tlig;!
Missing character: There is no 므 (U+BBC0) in font [lmroman10-regular]:+tlig;!
Missing character: There is no 로 (U+B85C) in font [lmroman10-regular]:+tlig;!
Missing character: There is no 루 (U+B8E8) in font [lmroman10-regular]:+tlig;!
Missing character: There is no 프 (U+D504) in font [lmroman10-regular]:+tlig;!
Missing character: There is no 는 (U+B294) in font [lmroman10-regular]:+tlig;!
Missing character: There is no 거 (U+AC70) in font [lmroman10-regular]:+tlig;!
Missing character: There is no 의 (U+C758) in font [lmroman10-regular]:+tlig;!
Missing character: There is no 실 (U+C2E4) in font [lmroman10-regular]:+tlig;!
Missing character: There is no 행 (U+D589) in font [lmroman10-regular]:+tlig;!
Missing character: There is no 되 (U+B418) in font [lmroman10-regular]:+tlig;!
Missing character: There is no 지 (U+C9C0) in font [lmroman10-regular]:+tlig;!
Missing character: There is no 않 (U+C54A) in font [lmroman10-regular]:+tlig;!
Missing character: There is no 는 (U+B294) in font [lmroman10-regular]:+tlig;!
Missing character: There is no 다 (U+B2E4) in font [lmroman10-regular]:+tlig;!
Missing character: There is no 따 (U+B530) in font [lmroman10-regular]:+tlig;!
Missing character: There is no 라 (U+B77C) in font [lmroman10-regular]:+tlig;!
Missing character: There is no 서 (U+C11C) in font [lmroman10-regular]:+tlig;!
Missing character: There is no 전 (U+C804) in font [lmroman10-regular]:+tlig;!
Missing character: There is no 체 (U+CCB4) in font [lmroman10-regular]:+tlig;!
Missing character: There is no 수 (U+C218) in font [lmroman10-regular]:+tlig;!
Missing character: There is no 행 (U+D589) in font [lmroman10-regular]:+tlig;!
Missing character: There is no 시 (U+C2DC) in font [lmroman10-regular]:+tlig;!
Missing character: There is no 간 (U+AC04) in font [lmroman10-regular]:+tlig;!
Missing character: There is no 은 (U+C740) in font [lmroman10-regular]:+tlig;!
Missing character: There is no 선 (U+C120) in font [lmroman10-regular]:+tlig;!
Missing character: There is no 형 (U+D615) in font [lmroman10-regular]:+tlig;!
Missing character: There is no 시 (U+C2DC) in font [lmroman10-regular]:+tlig;!
Missing character: There is no 간 (U+AC04) in font [lmroman10-regular]:+tlig;!
Missing character: There is no 에 (U+C5D0) in font [lmroman10-regular]:+tlig;!
Missing character: There is no 가 (U+AC00) in font [lmroman10-regular]:+tlig;!
Missing character: There is no 깝 (U+AE5D) in font [lmroman10-regular]:+tlig;!
Missing character: There is no 고 (U+ACE0) in font [lmroman10-regular]:+tlig;!
Missing character: There is no 따 (U+B530) in font [lmroman10-regular]:+tlig;!
Missing character: There is no 라 (U+B77C) in font [lmroman10-regular]:+tlig;!
Missing character: There is no 서 (U+C11C) in font [lmroman10-regular]:+tlig;!
Missing character: There is no 전 (U+C804) in font [lmroman10-regular]:+tlig;!
Missing character: There is no 체 (U+CCB4) in font [lmroman10-regular]:+tlig;!
Missing character: There is no 수 (U+C218) in font [lmroman10-regular]:+tlig;!
Missing character: There is no 행 (U+D589) in font [lmroman10-regular]:+tlig;!
Missing character: There is no 시 (U+C2DC) in font [lmroman10-regular]:+tlig;!
Missing character: There is no 간 (U+AC04) in font [lmroman10-regular]:+tlig;!
Missing character: There is no 은 (U+C740) in font [lmroman10-regular]:+tlig;!
Missing character: There is no 선 (U+C120) in font [lmroman10-regular]:+tlig;!
Missing character: There is no 형 (U+D615) in font [lmroman10-regular]:+tlig;!
Missing character: There is no 시 (U+C2DC) in font [lmroman10-regular]:+tlig;!
Missing character: There is no 간 (U+AC04) in font [lmroman10-regular]:+tlig;!
Missing character: There is no 에 (U+C5D0) in font [lmroman10-regular]:+tlig;!
Missing character: There is no 가 (U+AC00) in font [lmroman10-regular]:+tlig;!
Missing character: There is no 깝 (U+AE5D) in font [lmroman10-regular]:+tlig;!
Missing character: There is no 고 (U+ACE0) in font [lmroman10-regular]:+tlig;!
Missing character: There is no 이 (U+C774) in font [lmroman10-regular]:+tlig;!
Missing character: There is no 된 (U+B41C) in font [lmroman10-regular]:+tlig;!
Missing character: There is no 다 (U+B2E4) in font [lmroman10-regular]:+tlig;!
Missing character: There is no 이 (U+C774) in font [lmroman10-regular]:+tlig;!
Missing character: There is no 된 (U+B41C) in font [lmroman10-regular]:+tlig;!
Missing character: There is no 다 (U+B2E4) in font [lmroman10-regular]:+tlig;!
Missing character: There is no 배 (U+BC30) in font [lmroman10-regular]:+tlig;!
Missing character: There is no 열 (U+C5F4) in font [lmroman10-regular]:+tlig;!
Missing character: There is no 이 (U+C774) in font [lmroman10-regular]:+tlig;!
Missing character: There is no 완 (U+C644) in font [lmroman10-regular]:+tlig;!
Missing character: There is no 전 (U+C804) in font [lmroman10-regular]:+tlig;!
Missing character: There is no 히 (U+D788) in font [lmroman10-regular]:+tlig;!
Missing character: There is no 역 (U+C5ED) in font [lmroman10-regular]:+tlig;!
Missing character: There is no 순 (U+C21C) in font [lmroman10-regular]:+tlig;!
Missing character: There is no 으 (U+C73C) in font [lmroman10-regular]:+tlig;!
Missing character: There is no 로 (U+B85C) in font [lmroman10-regular]:+tlig;!
Missing character: There is no 정 (U+C815) in font [lmroman10-regular]:+tlig;!
Missing character: There is no 렬 (U+B82C) in font [lmroman10-regular]:+tlig;!
Missing character: There is no 되 (U+B418) in font [lmroman10-regular]:+tlig;!
Missing character: There is no 어 (U+C5B4) in font [lmroman10-regular]:+tlig;!
Missing character: There is no 있 (U+C788) in font [lmroman10-regular]:+tlig;!
Missing character: There is no 는 (U+B294) in font [lmroman10-regular]:+tlig;!
Missing character: There is no 경 (U+ACBD) in font [lmroman10-regular]:+tlig;!
Missing character: There is no 우 (U+C6B0) in font [lmroman10-regular]:+tlig;!
Missing character: There is no 를 (U+B97C) in font [lmroman10-regular]:+tlig;!
Missing character: There is no 생 (U+C0DD) in font [lmroman10-regular]:+tlig;!
Missing character: There is no 각 (U+AC01) in font [lmroman10-regular]:+tlig;!
Missing character: There is no 해 (U+D574) in font [lmroman10-regular]:+tlig;!
Missing character: There is no 보 (U+BCF4) in font [lmroman10-regular]:+tlig;!
Missing character: There is no 자 (U+C790) in font [lmroman10-regular]:+tlig;!
Missing character: There is no 배 (U+BC30) in font [lmroman10-regular]:+tlig;!
Missing character: There is no 열 (U+C5F4) in font [lmroman10-regular]:+tlig;!
Missing character: There is no 이 (U+C774) in font [lmroman10-regular]:+tlig;!
Missing character: There is no 완 (U+C644) in font [lmroman10-regular]:+tlig;!
Missing character: There is no 전 (U+C804) in font [lmroman10-regular]:+tlig;!
Missing character: There is no 히 (U+D788) in font [lmroman10-regular]:+tlig;!
Missing character: There is no 역 (U+C5ED) in font [lmroman10-regular]:+tlig;!
Missing character: There is no 순 (U+C21C) in font [lmroman10-regular]:+tlig;!
Missing character: There is no 으 (U+C73C) in font [lmroman10-regular]:+tlig;!
Missing character: There is no 로 (U+B85C) in font [lmroman10-regular]:+tlig;!
Missing character: There is no 정 (U+C815) in font [lmroman10-regular]:+tlig;!
Missing character: There is no 렬 (U+B82C) in font [lmroman10-regular]:+tlig;!
Missing character: There is no 되 (U+B418) in font [lmroman10-regular]:+tlig;!
Missing character: There is no 어 (U+C5B4) in font [lmroman10-regular]:+tlig;!
Missing character: There is no 있 (U+C788) in font [lmroman10-regular]:+tlig;!
Missing character: There is no 는 (U+B294) in font [lmroman10-regular]:+tlig;!
Missing character: There is no 경 (U+ACBD) in font [lmroman10-regular]:+tlig;!
Missing character: There is no 우 (U+C6B0) in font [lmroman10-regular]:+tlig;!
Missing character: There is no 를 (U+B97C) in font [lmroman10-regular]:+tlig;!
Missing character: There is no 생 (U+C0DD) in font [lmroman10-regular]:+tlig;!
Missing character: There is no 각 (U+AC01) in font [lmroman10-regular]:+tlig;!
Missing character: There is no 해 (U+D574) in font [lmroman10-regular]:+tlig;!
Missing character: There is no 보 (U+BCF4) in font [lmroman10-regular]:+tlig;!
Missing character: There is no 자 (U+C790) in font [lmroman10-regular]:+tlig;!
Missing character: There is no 예 (U+C608) in font [lmroman10-regular]:+tlig;!
Missing character: There is no 를 (U+B97C) in font [lmroman10-regular]:+tlig;!
Missing character: There is no 들 (U+B4E4) in font [lmroman10-regular]:+tlig;!
Missing character: There is no 어 (U+C5B4) in font [lmroman10-regular]:+tlig;!
Missing character: There is no 예 (U+C608) in font [lmroman10-regular]:+tlig;!
Missing character: There is no 를 (U+B97C) in font [lmroman10-regular]:+tlig;!
Missing character: There is no 들 (U+B4E4) in font [lmroman10-regular]:+tlig;!
Missing character: There is no 어 (U+C5B4) in font [lmroman10-regular]:+tlig;!
Missing character: There is no 과 (U+ACFC) in font [lmroman10-regular]:+tlig;!
Missing character: There is no 같 (U+AC19) in font [lmroman10-regular]:+tlig;!
Missing character: There is no 은 (U+C740) in font [lmroman10-regular]:+tlig;!
Missing character: There is no 경 (U+ACBD) in font [lmroman10-regular]:+tlig;!
Missing character: There is no 우 (U+C6B0) in font [lmroman10-regular]:+tlig;!
Missing character: There is no 각 (U+AC01) in font [lmroman10-regular]:+tlig;!
Missing character: There is no 단 (U+B2E8) in font [lmroman10-regular]:+tlig;!
Missing character: There is no 계 (U+ACC4) in font [lmroman10-regular]:+tlig;!
Missing character: There is no 에 (U+C5D0) in font [lmroman10-regular]:+tlig;!
Missing character: There is no 서 (U+C11C) in font [lmroman10-regular]:+tlig;!
Missing character: There is no 새 (U+C0C8) in font [lmroman10-regular]:+tlig;!
Missing character: There is no 원 (U+C6D0) in font [lmroman10-regular]:+tlig;!
Missing character: There is no 소 (U+C18C) in font [lmroman10-regular]:+tlig;!
Missing character: There is no 는 (U+B294) in font [lmroman10-regular]:+tlig;!
Missing character: There is no 가 (U+AC00) in font [lmroman10-regular]:+tlig;!
Missing character: There is no 장 (U+C7A5) in font [lmroman10-regular]:+tlig;!
Missing character: There is no 앞 (U+C55E) in font [lmroman10-regular]:+tlig;!
Missing character: There is no 쪽 (U+CABD) in font [lmroman10-regular]:+tlig;!
Missing character: There is no 으 (U+C73C) in font [lmroman10-regular]:+tlig;!
Missing character: There is no 로 (U+B85C) in font [lmroman10-regular]:+tlig;!
Missing character: There is no 들 (U+B4E4) in font [lmroman10-regular]:+tlig;!
Missing character: There is no 어 (U+C5B4) in font [lmroman10-regular]:+tlig;!
Missing character: There is no 가 (U+AC00) in font [lmroman10-regular]:+tlig;!
Missing character: There is no 야 (U+C57C) in font [lmroman10-regular]:+tlig;!
Missing character: There is no 한 (U+D55C) in font [lmroman10-regular]:+tlig;!
Missing character: There is no 다 (U+B2E4) in font [lmroman10-regular]:+tlig;!
Missing character: There is no 따 (U+B530) in font [lmroman10-regular]:+tlig;!
Missing character: There is no 라 (U+B77C) in font [lmroman10-regular]:+tlig;!
Missing character: There is no 서 (U+C11C) in font [lmroman10-regular]:+tlig;!
Missing character: There is no 이 (U+C774) in font [lmroman10-regular]:+tlig;!
Missing character: There is no 전 (U+C804) in font [lmroman10-regular]:+tlig;!
Missing character: There is no 원 (U+C6D0) in font [lmroman10-regular]:+tlig;!
Missing character: There is no 소 (U+C18C) in font [lmroman10-regular]:+tlig;!
Missing character: There is no 들 (U+B4E4) in font [lmroman10-regular]:+tlig;!
Missing character: There is no 을 (U+C744) in font [lmroman10-regular]:+tlig;!
Missing character: There is no 전 (U+C804) in font [lmroman10-regular]:+tlig;!
Missing character: There is no 부 (U+BD80) in font [lmroman10-regular]:+tlig;!
Missing character: There is no 오 (U+C624) in font [lmroman10-regular]:+tlig;!
Missing character: There is no 른 (U+B978) in font [lmroman10-regular]:+tlig;!
Missing character: There is no 쪽 (U+CABD) in font [lmroman10-regular]:+tlig;!
Missing character: There is no 으 (U+C73C) in font [lmroman10-regular]:+tlig;!
Missing character: There is no 로 (U+B85C) in font [lmroman10-regular]:+tlig;!
Missing character: There is no 밀 (U+BC00) in font [lmroman10-regular]:+tlig;!
Missing character: There is no 어 (U+C5B4) in font [lmroman10-regular]:+tlig;!
Missing character: There is no 야 (U+C57C) in font [lmroman10-regular]:+tlig;!
Missing character: There is no 한 (U+D55C) in font [lmroman10-regular]:+tlig;!
Missing character: There is no 다 (U+B2E4) in font [lmroman10-regular]:+tlig;!
Missing character: There is no 과 (U+ACFC) in font [lmroman10-regular]:+tlig;!
Missing character: There is no 같 (U+AC19) in font [lmroman10-regular]:+tlig;!
Missing character: There is no 은 (U+C740) in font [lmroman10-regular]:+tlig;!
Missing character: There is no 경 (U+ACBD) in font [lmroman10-regular]:+tlig;!
Missing character: There is no 우 (U+C6B0) in font [lmroman10-regular]:+tlig;!
Missing character: There is no 각 (U+AC01) in font [lmroman10-regular]:+tlig;!
Missing character: There is no 단 (U+B2E8) in font [lmroman10-regular]:+tlig;!
Missing character: There is no 계 (U+ACC4) in font [lmroman10-regular]:+tlig;!
Missing character: There is no 에 (U+C5D0) in font [lmroman10-regular]:+tlig;!
Missing character: There is no 서 (U+C11C) in font [lmroman10-regular]:+tlig;!
Missing character: There is no 새 (U+C0C8) in font [lmroman10-regular]:+tlig;!
Missing character: There is no 원 (U+C6D0) in font [lmroman10-regular]:+tlig;!
Missing character: There is no 소 (U+C18C) in font [lmroman10-regular]:+tlig;!
Missing character: There is no 는 (U+B294) in font [lmroman10-regular]:+tlig;!
Missing character: There is no 가 (U+AC00) in font [lmroman10-regular]:+tlig;!
Missing character: There is no 장 (U+C7A5) in font [lmroman10-regular]:+tlig;!
Missing character: There is no 앞 (U+C55E) in font [lmroman10-regular]:+tlig;!
Missing character: There is no 쪽 (U+CABD) in font [lmroman10-regular]:+tlig;!
Missing character: There is no 으 (U+C73C) in font [lmroman10-regular]:+tlig;!
Missing character: There is no 로 (U+B85C) in font [lmroman10-regular]:+tlig;!
Missing character: There is no 들 (U+B4E4) in font [lmroman10-regular]:+tlig;!
Missing character: There is no 어 (U+C5B4) in font [lmroman10-regular]:+tlig;!
Missing character: There is no 가 (U+AC00) in font [lmroman10-regular]:+tlig;!
Missing character: There is no 야 (U+C57C) in font [lmroman10-regular]:+tlig;!
Missing character: There is no 한 (U+D55C) in font [lmroman10-regular]:+tlig;!
Missing character: There is no 다 (U+B2E4) in font [lmroman10-regular]:+tlig;!
Missing character: There is no 따 (U+B530) in font [lmroman10-regular]:+tlig;!
Missing character: There is no 라 (U+B77C) in font [lmroman10-regular]:+tlig;!
Missing character: There is no 서 (U+C11C) in font [lmroman10-regular]:+tlig;!
Missing character: There is no 이 (U+C774) in font [lmroman10-regular]:+tlig;!
Missing character: There is no 전 (U+C804) in font [lmroman10-regular]:+tlig;!
Missing character: There is no 원 (U+C6D0) in font [lmroman10-regular]:+tlig;!
Missing character: There is no 소 (U+C18C) in font [lmroman10-regular]:+tlig;!
Missing character: There is no 들 (U+B4E4) in font [lmroman10-regular]:+tlig;!
Missing character: There is no 을 (U+C744) in font [lmroman10-regular]:+tlig;!
Missing character: There is no 전 (U+C804) in font [lmroman10-regular]:+tlig;!
Missing character: There is no 부 (U+BD80) in font [lmroman10-regular]:+tlig;!
Missing character: There is no 오 (U+C624) in font [lmroman10-regular]:+tlig;!
Missing character: There is no 른 (U+B978) in font [lmroman10-regular]:+tlig;!
Missing character: There is no 쪽 (U+CABD) in font [lmroman10-regular]:+tlig;!
Missing character: There is no 으 (U+C73C) in font [lmroman10-regular]:+tlig;!
Missing character: There is no 로 (U+B85C) in font [lmroman10-regular]:+tlig;!
Missing character: There is no 밀 (U+BC00) in font [lmroman10-regular]:+tlig;!
Missing character: There is no 어 (U+C5B4) in font [lmroman10-regular]:+tlig;!
Missing character: There is no 야 (U+C57C) in font [lmroman10-regular]:+tlig;!
Missing character: There is no 한 (U+D55C) in font [lmroman10-regular]:+tlig;!
Missing character: There is no 다 (U+B2E4) in font [lmroman10-regular]:+tlig;!
[3
Missing character: There is no 왜 (U+C65C) in font [lmroman12-bold]:+tlig;!
Missing character: There is no 이 (U+C774) in font [lmroman12-bold]:+tlig;!
Missing character: There is no 것 (U+AC83) in font [lmroman12-bold]:+tlig;!
Missing character: There is no 이 (U+C774) in font [lmroman12-bold]:+tlig;!
Missing character: There is no 인 (U+C778) in font [lmroman12-bold]:+tlig;!
Missing character: There is no 가 (U+AC00) in font [lmroman12-bold]:+tlig;!
Missing character: There is no 이 (U+C774) in font [lmroman10-regular]:+tlig;!
Missing character: There is no 제 (U+C81C) in font [lmroman10-regular]:+tlig;!
Missing character: There is no 다 (U+B2E4) in font [lmroman10-regular]:+tlig;!
Missing character: There is no 시 (U+C2DC) in font [lmroman10-regular]:+tlig;!
Missing character: There is no 핵 (U+D575) in font [lmroman10-regular]:+tlig;!
Missing character: There is no 심 (U+C2EC) in font [lmroman10-regular]:+tlig;!
Missing character: There is no 질 (U+C9C8) in font [lmroman10-regular]:+tlig;!
Missing character: There is no 문 (U+BB38) in font [lmroman10-regular]:+tlig;!
Missing character: There is no 으 (U+C73C) in font [lmroman10-regular]:+tlig;!
Missing character: There is no 로 (U+B85C) in font [lmroman10-regular]:+tlig;!
Missing character: There is no 돌 (U+B3CC) in font [lmroman10-regular]:+tlig;!
Missing character: There is no 아 (U+C544) in font [lmroman10-regular]:+tlig;!
Missing character: There is no 가 (U+AC00) in font [lmroman10-regular]:+tlig;!
Missing character: There is no 보 (U+BCF4) in font [lmroman10-regular]:+tlig;!
Missing character: There is no 자 (U+C790) in font [lmroman10-regular]:+tlig;!
Missing character: There is no 왜 (U+C65C) in font [lmroman10-regular]:+tlig;!
Missing character: There is no 를 (U+B97C) in font [lmroman10-regular]:+tlig;!
Missing character: There is no 이 (U+C774) in font [lmroman10-regular]:+tlig;!
Missing character: There is no 라 (U+B77C) in font [lmroman10-regular]:+tlig;!
Missing character: There is no 고 (U+ACE0) in font [lmroman10-regular]:+tlig;!
Missing character: There is no 부 (U+BD80) in font [lmroman10-regular]:+tlig;!
Missing character: There is no 르 (U+B974) in font [lmroman10-regular]:+tlig;!
Missing character: There is no 는 (U+B294) in font [lmroman10-regular]:+tlig;!
Missing character: There is no 가 (U+AC00) in font [lmroman10-regular]:+tlig;!
Missing character: There is no 그 (U+ADF8) in font [lmroman10-regular]:+tlig;!
Missing character: There is no 이 (U+C774) in font [lmroman10-regular]:+tlig;!
Missing character: There is no 유 (U+C720) in font [lmroman10-regular]:+tlig;!
Missing character: There is no 는 (U+B294) in font [lmroman10-regular]:+tlig;!
Missing character: There is no 다 (U+B2E4) in font [lmroman10-regular]:+tlig;!
Missing character: There is no 음 (U+C74C) in font [lmroman10-regular]:+tlig;!
Missing character: There is no 문 (U+BB38) in font [lmroman10-regular]:+tlig;!
Missing character: There is no 장 (U+C7A5) in font [lmroman10-regular]:+tlig;!
Missing character: There is no 으 (U+C73C) in font [lmroman10-regular]:+tlig;!
Missing character: There is no 로 (U+B85C) in font [lmroman10-regular]:+tlig;!
Missing character: There is no 정 (U+C815) in font [lmroman10-regular]:+tlig;!
Missing character: There is no 리 (U+B9AC) in font [lmroman10-regular]:+tlig;!
Missing character: There is no 할 (U+D560) in font [lmroman10-regular]:+tlig;!
Missing character: There is no 수 (U+C218) in font [lmroman10-regular]:+tlig;!
Missing character: There is no 있 (U+C788) in font [lmroman10-regular]:+tlig;!
Missing character: There is no 다 (U+B2E4) in font [lmroman10-regular]:+tlig;!
Missing character: There is no 한 (U+D55C) in font [lmroman10-regular]:+tlig;!
Missing character: There is no 문 (U+BB38) in font [lmroman10-regular]:+tlig;!
Missing character: There is no 장 (U+C7A5) in font [lmroman10-regular]:+tlig;!
Missing character: There is no 요 (U+C694) in font [lmroman10-regular]:+tlig;!
Missing character: There is no 약 (U+C57D) in font [lmroman10-regular]:+tlig;!
Missing character: There is no 는 (U+B294) in font [lmroman10-regular]:+tlig;!
Missing character: There is no 이 (U+C774) in font [lmroman10-bold]:+tlig;!
Missing character: There is no 미 (U+BBF8) in font [lmroman10-bold]:+tlig;!
Missing character: There is no 정 (U+C815) in font [lmroman10-bold]:+tlig;!
Missing character: There is no 렬 (U+B82C) in font [lmroman10-bold]:+tlig;!
Missing character: There is no 된 (U+B41C) in font [lmroman10-bold]:+tlig;!
Missing character: There is no 부 (U+BD80) in font [lmroman10-bold]:+tlig;!
Missing character: There is no 분 (U+BD84) in font [lmroman10-bold]:+tlig;!
Missing character: There is no 문 (U+BB38) in font [lmroman10-bold]:+tlig;!
Missing character: There is no 제 (U+C81C) in font [lmroman10-bold]:+tlig;!
Missing character: There is no 의 (U+C758) in font [lmroman10-bold]:+tlig;!
Missing character: There is no 해 (U+D574) in font [lmroman10-bold]:+tlig;!
Missing character: There is no 를 (U+B97C) in font [lmroman10-bold]:+tlig;!
Missing character: There is no 유 (U+C720) in font [lmroman10-bold]:+tlig;!
Missing character: There is no 지 (U+C9C0) in font [lmroman10-bold]:+tlig;!
Missing character: There is no 한 (U+D55C) in font [lmroman10-bold]:+tlig;!
Missing character: There is no 채 (U+CC44) in font [lmroman10-bold]:+tlig;!
Missing character: There is no 새 (U+C0C8) in font [lmroman10-bold]:+tlig;!
Missing character: There is no 원 (U+C6D0) in font [lmroman10-bold]:+tlig;!
Missing character: There is no 소 (U+C18C) in font [lmroman10-bold]:+tlig;!
Missing character: There is no 하 (U+D558) in font [lmroman10-bold]:+tlig;!
Missing character: There is no 나 (U+B098) in font [lmroman10-bold]:+tlig;!
Missing character: There is no 를 (U+B97C) in font [lmroman10-bold]:+tlig;!
Missing character: There is no 삽 (U+C0BD) in font [lmroman10-bold]:+tlig;!
Missing character: There is no 입 (U+C785) in font [lmroman10-bold]:+tlig;!
Missing character: There is no 하 (U+D558) in font [lmroman10-bold]:+tlig;!
Missing character: There is no 여 (U+C5EC) in font [lmroman10-bold]:+tlig;!
Missing character: There is no 더 (U+B354) in font [lmroman10-bold]:+tlig;!
Missing character: There is no 큰 (U+D070) in font [lmroman10-bold]:+tlig;!
Missing character: There is no 부 (U+BD80) in font [lmroman10-bold]:+tlig;!
Missing character: There is no 분 (U+BD84) in font [lmroman10-bold]:+tlig;!
Missing character: There is no 문 (U+BB38) in font [lmroman10-bold]:+tlig;!
Missing character: There is no 제 (U+C81C) in font [lmroman10-bold]:+tlig;!
Missing character: There is no 의 (U+C758) in font [lmroman10-bold]:+tlig;!
Missing character: There is no 해 (U+D574) in font [lmroman10-bold]:+tlig;!
Missing character: There is no 를 (U+B97C) in font [lmroman10-bold]:+tlig;!
Missing character: There is no 만 (U+B9CC) in font [lmroman10-bold]:+tlig;!
Missing character: There is no 드 (U+B4DC) in font [lmroman10-bold]:+tlig;!
Missing character: There is no 는 (U+B294) in font [lmroman10-bold]:+tlig;!
Missing character: There is no 알 (U+C54C) in font [lmroman10-bold]:+tlig;!
Missing character: There is no 고 (U+ACE0) in font [lmroman10-bold]:+tlig;!
Missing character: There is no 리 (U+B9AC) in font [lmroman10-bold]:+tlig;!
Missing character: There is no 즘 (U+C998) in font [lmroman10-bold]:+tlig;!
Missing character: There is no 이 (U+C774) in font [lmroman10-regular]:+tlig;!
Missing character: There is no 다 (U+B2E4) in font [lmroman10-regular]:+tlig;!
Missing character: There is no 좀 (U+C880) in font [lmroman10-regular]:+tlig;!
Missing character: There is no 더 (U+B354) in font [lmroman10-regular]:+tlig;!
Missing character: There is no 풀 (U+D480) in font [lmroman10-regular]:+tlig;!
Missing character: There is no 어 (U+C5B4) in font [lmroman10-regular]:+tlig;!
Missing character: There is no 서 (U+C11C) in font [lmroman10-regular]:+tlig;!
Missing character: There is no 말 (U+B9D0) in font [lmroman10-regular]:+tlig;!
Missing character: There is no 하 (U+D558) in font [lmroman10-regular]:+tlig;!
Missing character: There is no 면 (U+BA74) in font [lmroman10-regular]:+tlig;!
Missing character: There is no 다 (U+B2E4) in font [lmroman10-regular]:+tlig;!
Missing character: There is no 음 (U+C74C) in font [lmroman10-regular]:+tlig;!
Missing character: There is no 과 (U+ACFC) in font [lmroman10-regular]:+tlig;!
Missing character: There is no 같 (U+AC19) in font [lmroman10-regular]:+tlig;!
Missing character: There is no 다 (U+B2E4) in font [lmroman10-regular]:+tlig;!
Missing character: There is no 은 (U+C740) in font [lmroman10-regular]:+tlig;!
Missing character: There is no 이 (U+C774) in font [lmroman10-regular]:+tlig;!
Missing character: There is no 미 (U+BBF8) in font [lmroman10-regular]:+tlig;!
Missing character: There is no 정 (U+C815) in font [lmroman10-regular]:+tlig;!
Missing character: There is no 렬 (U+B82C) in font [lmroman10-regular]:+tlig;!
Missing character: There is no 되 (U+B418) in font [lmroman10-regular]:+tlig;!
Missing character: There is no 어 (U+C5B4) in font [lmroman10-regular]:+tlig;!
Missing character: There is no 있 (U+C788) in font [lmroman10-regular]:+tlig;!
Missing character: There is no 다 (U+B2E4) in font [lmroman10-regular]:+tlig;!
Missing character: There is no 를 (U+B97C) in font [lmroman10-regular]:+tlig;!
Missing character: There is no 삽 (U+C0BD) in font [lmroman10-regular]:+tlig;!
Missing character: There is no 입 (U+C785) in font [lmroman10-regular]:+tlig;!
Missing character: There is no 해 (U+D574) in font [lmroman10-regular]:+tlig;!
Missing character: There is no 서 (U+C11C) in font [lmroman10-regular]:+tlig;!
Missing character: There is no 를 (U+B97C) in font [lmroman10-regular]:+tlig;!
Missing character: There is no 만 (U+B9CC) in font [lmroman10-regular]:+tlig;!
Missing character: There is no 든 (U+B4E0) in font [lmroman10-regular]:+tlig;!
Missing character: There is no 다 (U+B2E4) in font [lmroman10-regular]:+tlig;!
Missing character: There is no 를 (U+B97C) in font [lmroman10-regular]:+tlig;!
Missing character: There is no 삽 (U+C0BD) in font [lmroman10-regular]:+tlig;!
Missing character: There is no 입 (U+C785) in font [lmroman10-regular]:+tlig;!
Missing character: There is no 해 (U+D574) in font [lmroman10-regular]:+tlig;!
Missing character: There is no 서 (U+C11C) in font [lmroman10-regular]:+tlig;!
Missing character: There is no 을 (U+C744) in font [lmroman10-regular]:+tlig;!
Missing character: There is no 만 (U+B9CC) in font [lmroman10-regular]:+tlig;!
Missing character: There is no 든 (U+B4E0) in font [lmroman10-regular]:+tlig;!
Missing character: There is no 다 (U+B2E4) in font [lmroman10-regular]:+tlig;!
Missing character: There is no 을 (U+C744) in font [lmroman10-regular]:+tlig;!
Missing character: There is no 삽 (U+C0BD) in font [lmroman10-regular]:+tlig;!
Missing character: There is no 입 (U+C785) in font [lmroman10-regular]:+tlig;!
Missing character: There is no 해 (U+D574) in font [lmroman10-regular]:+tlig;!
Missing character: There is no 서 (U+C11C) in font [lmroman10-regular]:+tlig;!
Missing character: There is no 을 (U+C744) in font [lmroman10-regular]:+tlig;!
Missing character: There is no 만 (U+B9CC) in font [lmroman10-regular]:+tlig;!
Missing character: There is no 든 (U+B4E0) in font [lmroman10-regular]:+tlig;!
Missing character: There is no 다 (U+B2E4) in font [lmroman10-regular]:+tlig;!
Missing character: There is no 즉 (U+C989) in font [lmroman10-regular]:+tlig;!
Missing character: There is no 정 (U+C815) in font [lmroman10-regular]:+tlig;!
Missing character: There is no 렬 (U+B82C) in font [lmroman10-regular]:+tlig;!
Missing character: There is no 결 (U+ACB0) in font [lmroman10-regular]:+tlig;!
Missing character: There is no 과 (U+ACFC) in font [lmroman10-regular]:+tlig;!
Missing character: There is no 를 (U+B97C) in font [lmroman10-regular]:+tlig;!
Missing character: There is no 매 (U+B9E4) in font [lmroman10-regular]:+tlig;!
Missing character: There is no 단 (U+B2E8) in font [lmroman10-regular]:+tlig;!
Missing character: There is no 계 (U+ACC4) in font [lmroman10-regular]:+tlig;!
Missing character: There is no 새 (U+C0C8) in font [lmroman10-regular]:+tlig;!
Missing character: There is no 로 (U+B85C) in font [lmroman10-regular]:+tlig;!
Missing character: There is no 계 (U+ACC4) in font [lmroman10-regular]:+tlig;!
Missing character: There is no 산 (U+C0B0) in font [lmroman10-regular]:+tlig;!
Missing character: There is no 하 (U+D558) in font [lmroman10-regular]:+tlig;!
Missing character: There is no 는 (U+B294) in font [lmroman10-regular]:+tlig;!
Missing character: There is no 것 (U+AC83) in font [lmroman10-regular]:+tlig;!
Missing character: There is no 이 (U+C774) in font [lmroman10-regular]:+tlig;!
Missing character: There is no 아 (U+C544) in font [lmroman10-regular]:+tlig;!
Missing character: There is no 니 (U+B2C8) in font [lmroman10-regular]:+tlig;!
Missing character: There is no 라 (U+B77C) in font [lmroman10-regular]:+tlig;!
Missing character: There is no 이 (U+C774) in font [lmroman10-bold]:+tlig;!
Missing character: There is no 전 (U+C804) in font [lmroman10-bold]:+tlig;!
Missing character: There is no 단 (U+B2E8) in font [lmroman10-bold]:+tlig;!
Missing character: There is no 계 (U+ACC4) in font [lmroman10-bold]:+tlig;!
Missing character: There is no 의 (U+C758) in font [lmroman10-bold]:+tlig;!
Missing character: There is no 결 (U+ACB0) in font [lmroman10-bold]:+tlig;!
Missing character: There is no 과 (U+ACFC) in font [lmroman10-bold]:+tlig;!
Missing character: There is no 를 (U+B97C) in font [lmroman10-bold]:+tlig;!
Missing character: There is no 재 (U+C7AC) in font [lmroman10-bold]:+tlig;!
Missing character: There is no 사 (U+C0AC) in font [lmroman10-bold]:+tlig;!
Missing character: There is no 용 (U+C6A9) in font [lmroman10-bold]:+tlig;!
Missing character: There is no 하 (U+D558) in font [lmroman10-bold]:+tlig;!
Missing character: There is no 여 (U+C5EC) in font [lmroman10-bold]:+tlig;!
Missing character: There is no 한 (U+D55C) in font [lmroman10-bold]:+tlig;!
Missing character: There is no 단 (U+B2E8) in font [lmroman10-bold]:+tlig;!
Missing character: There is no 계 (U+ACC4) in font [lmroman10-bold]:+tlig;!
Missing character: There is no 씩 (U+C529) in font [lmroman10-bold]:+tlig;!
Missing character: There is no 확 (U+D655) in font [lmroman10-bold]:+tlig;!
Missing character: There is no 장 (U+C7A5) in font [lmroman10-bold]:+tlig;!
Missing character: There is no 한 (U+D55C) in font [lmroman10-bold]:+tlig;!
Missing character: There is no 다 (U+B2E4) in font [lmroman10-bold]:+tlig;!
Missing character: There is no 이 (U+C774) in font [lmroman10-regular]:+tlig;!
Missing character: There is no 것 (U+AC83) in font [lmroman10-regular]:+tlig;!
Missing character: There is no 이 (U+C774) in font [lmroman10-regular]:+tlig;!
Missing character: There is no 의 (U+C758) in font [lmroman10-regular]:+tlig;!
Missing character: There is no 본 (U+BCF8) in font [lmroman10-regular]:+tlig;!
Missing character: There is no 질 (U+C9C8) in font [lmroman10-regular]:+tlig;!
Missing character: There is no 이 (U+C774) in font [lmroman10-regular]:+tlig;!
Missing character: There is no 다 (U+B2E4) in font [lmroman10-regular]:+tlig;!
Missing character: There is no 시 (U+C2DC) in font [lmroman12-bold]:+tlig;!
Missing character: There is no 간 (U+AC04) in font [lmroman12-bold]:+tlig;!
Missing character: There is no 복 (U+BCF5) in font [lmroman12-bold]:+tlig;!
Missing character: There is no 잡 (U+C7A1) in font [lmroman12-bold]:+tlig;!
Missing character: There is no 도 (U+B3C4) in font [lmroman12-bold]:+tlig;!
Missing character: There is no 의 (U+C758) in font [lmroman10-regular]:+tlig;!
Missing character: There is no 시 (U+C2DC) in font [lmroman10-regular]:+tlig;!
Missing character: There is no 간 (U+AC04) in font [lmroman10-regular]:+tlig;!
Missing character: There is no 복 (U+BCF5) in font [lmroman10-regular]:+tlig;!
Missing character: There is no 잡 (U+C7A1) in font [lmroman10-regular]:+tlig;!
Missing character: There is no 도 (U+B3C4) in font [lmroman10-regular]:+tlig;!
Missing character: There is no 는 (U+B294) in font [lmroman10-regular]:+tlig;!
Missing character: There is no 입 (U+C785) in font [lmroman10-regular]:+tlig;!
Missing character: There is no 력 (U+B825) in font [lmroman10-regular]:+tlig;!
Missing character: There is no 배 (U+BC30) in font [lmroman10-regular]:+tlig;!
Missing character: There is no 열 (U+C5F4) in font [lmroman10-regular]:+tlig;!
Missing character: There is no 의 (U+C758) in font [lmroman10-regular]:+tlig;!
Missing character: There is no 초 (U+CD08) in font [lmroman10-regular]:+tlig;!
Missing character: There is no 기 (U+AE30) in font [lmroman10-regular]:+tlig;!
Missing character: There is no 상 (U+C0C1) in font [lmroman10-regular]:+tlig;!
Missing character: There is no 태 (U+D0DC) in font [lmroman10-regular]:+tlig;!
Missing character: There is no 에 (U+C5D0) in font [lmroman10-regular]:+tlig;!
Missing character: There is no 따 (U+B530) in font [lmroman10-regular]:+tlig;!
Missing character: There is no 라 (U+B77C) in font [lmroman10-regular]:+tlig;!
Missing character: There is no 달 (U+B2EC) in font [lmroman10-regular]:+tlig;!
Missing character: There is no 라 (U+B77C) in font [lmroman10-regular]:+tlig;!
Missing character: There is no 진 (U+C9C4) in font [lmroman10-regular]:+tlig;!
Missing character: There is no 다 (U+B2E4) in font [lmroman10-regular]:+tlig;!
Missing character: There is no 배 (U+BC30) in font [lmroman10-regular]:+tlig;!
Missing character: There is no 열 (U+C5F4) in font [lmroman10-regular]:+tlig;!
Missing character: There is no 이 (U+C774) in font [lmroman10-regular]:+tlig;!
Missing character: There is no 이 (U+C774) in font [lmroman10-regular]:+tlig;!
Missing character: There is no 미 (U+BBF8) in font [lmroman10-regular]:+tlig;!
Missing character: There is no 정 (U+C815) in font [lmroman10-regular]:+tlig;!
Missing character: There is no 렬 (U+B82C) in font [lmroman10-regular]:+tlig;!
Missing character: There is no 되 (U+B418) in font [lmroman10-regular]:+tlig;!
Missing character: There is no 어 (U+C5B4) in font [lmroman10-regular]:+tlig;!
Missing character: There is no 있 (U+C788) in font [lmroman10-regular]:+tlig;!
Missing character: There is no 는 (U+B294) in font [lmroman10-regular]:+tlig;!
Missing character: There is no 경 (U+ACBD) in font [lmroman10-regular]:+tlig;!
Missing character: There is no 우 (U+C6B0) in font [lmroman10-regular]:+tlig;!
Missing character: There is no 를 (U+B97C) in font [lmroman10-regular]:+tlig;!
Missing character: There is no 생 (U+C0DD) in font [lmroman10-regular]:+tlig;!
Missing character: There is no 각 (U+AC01) in font [lmroman10-regular]:+tlig;!
Missing character: There is no 해 (U+D574) in font [lmroman10-regular]:+tlig;!
Missing character: There is no 보 (U+BCF4) in font [lmroman10-regular]:+tlig;!
Missing character: There is no 자 (U+C790) in font [lmroman10-regular]:+tlig;!
Missing character: There is no 이 (U+C774) in font [lmroman10-regular]:+tlig;!
Missing character: There is no 경 (U+ACBD) in font [lmroman10-regular]:+tlig;!
Missing character: There is no 우 (U+C6B0) in font [lmroman10-regular]:+tlig;!
Missing character: There is no 각 (U+AC01) in font [lmroman10-regular]:+tlig;!
Missing character: There is no 단 (U+B2E8) in font [lmroman10-regular]:+tlig;!
Missing character: There is no 계 (U+ACC4) in font [lmroman10-regular]:+tlig;!
Missing character: There is no 에 (U+C5D0) in font [lmroman10-regular]:+tlig;!
Missing character: There is no 서 (U+C11C) in font [lmroman10-regular]:+tlig;!
Missing character: There is no 조 (U+C870) in font [lmroman10-regular]:+tlig;!
Missing character: There is no 건 (U+AC74) in font [lmroman10-regular]:+tlig;!
Missing character: There is no 이 (U+C774) in font [lmroman10-regular]:+tlig;!
Missing character: There is no 곧 (U+ACE7) in font [lmroman10-regular]:+tlig;!
Missing character: There is no 바 (U+BC14) in font [lmroman10-regular]:+tlig;!
Missing character: There is no 로 (U+B85C) in font [lmroman10-regular]:+tlig;!
Missing character: There is no 거 (U+AC70) in font [lmroman10-regular]:+tlig;!
Missing character: There is no 짓 (U+C9D3) in font [lmroman10-regular]:+tlig;!
Missing character: There is no 이 (U+C774) in font [lmroman10-regular]:+tlig;!
Missing character: There is no 되 (U+B418) in font [lmroman10-regular]:+tlig;!
Missing character: There is no 므 (U+BBC0) in font [lmroman10-regular]:+tlig;!
Missing character: There is no 로 (U+B85C) in font [lmroman10-regular]:+tlig;!
Missing character: There is no 루 (U+B8E8) in font [lmroman10-regular]:+tlig;!
Missing character: There is no 프 (U+D504) in font [lmroman10-regular]:+tlig;!
Missing character: There is no 는 (U+B294) in font [lmroman10-regular]:+tlig;!
Missing character: There is no 거 (U+AC70) in font [lmroman10-regular]:+tlig;!
Missing character: There is no 의 (U+C758) in font [lmroman10-regular]:+tlig;!
Missing character: There is no 실 (U+C2E4) in font [lmroman10-regular]:+tlig;!
Missing character: There is no 행 (U+D589) in font [lmroman10-regular]:+tlig;!
Missing character: There is no 되 (U+B418) in font [lmroman10-regular]:+tlig;!
Missing character: There is no 지 (U+C9C0) in font [lmroman10-regular]:+tlig;!
Missing character: There is no 않 (U+C54A) in font [lmroman10-regular]:+tlig;!
Missing character: There is no 는 (U+B294) in font [lmroman10-regular]:+tlig;!
Missing character: There is no 다 (U+B2E4) in font [lmroman10-regular]:+tlig;!
Missing character: There is no 따 (U+B530) in font [lmroman10-regular]:+tlig;!
Missing character: There is no 라 (U+B77C) in font [lmroman10-regular]:+tlig;!
Missing character: There is no 서 (U+C11C) in font [lmroman10-regular]:+tlig;!
Missing character: There is no 전 (U+C804) in font [lmroman10-regular]:+tlig;!
Missing character: There is no 체 (U+CCB4) in font [lmroman10-regular]:+tlig;!
Missing character: There is no 수 (U+C218) in font [lmroman10-regular]:+tlig;!
Missing character: There is no 행 (U+D589) in font [lmroman10-regular]:+tlig;!
Missing character: There is no 시 (U+C2DC) in font [lmroman10-regular]:+tlig;!
Missing character: There is no 간 (U+AC04) in font [lmroman10-regular]:+tlig;!
Missing character: There is no 은 (U+C740) in font [lmroman10-regular]:+tlig;!
Missing character: There is no 선 (U+C120) in font [lmroman10-regular]:+tlig;!
Missing character: There is no 형 (U+D615) in font [lmroman10-regular]:+tlig;!
Missing character: There is no 시 (U+C2DC) in font [lmroman10-regular]:+tlig;!
Missing character: There is no 간 (U+AC04) in font [lmroman10-regular]:+tlig;!
Missing character: There is no 에 (U+C5D0) in font [lmroman10-regular]:+tlig;!
Missing character: There is no 가 (U+AC00) in font [lmroman10-regular]:+tlig;!
Missing character: There is no 깝 (U+AE5D) in font [lmroman10-regular]:+tlig;!
Missing character: There is no 고 (U+ACE0) in font [lmroman10-regular]:+tlig;!
Missing character: There is no 이 (U+C774) in font [lmroman10-regular]:+tlig;!
Missing character: There is no 된 (U+B41C) in font [lmroman10-regular]:+tlig;!
Missing character: There is no 다 (U+B2E4) in font [lmroman10-regular]:+tlig;!
Missing character: There is no 배 (U+BC30) in font [lmroman10-regular]:+tlig;!
Missing character: There is no 열 (U+C5F4) in font [lmroman10-regular]:+tlig;!
Missing character: There is no 이 (U+C774) in font [lmroman10-regular]:+tlig;!
Missing character: There is no 완 (U+C644) in font [lmroman10-regular]:+tlig;!
Missing character: There is no 전 (U+C804) in font [lmroman10-regular]:+tlig;!
Missing character: There is no 히 (U+D788) in font [lmroman10-regular]:+tlig;!
Missing character: There is no 역 (U+C5ED) in font [lmroman10-regular]:+tlig;!
Missing character: There is no 순 (U+C21C) in font [lmroman10-regular]:+tlig;!
Missing character: There is no 으 (U+C73C) in font [lmroman10-regular]:+tlig;!
Missing character: There is no 로 (U+B85C) in font [lmroman10-regular]:+tlig;!
Missing character: There is no 정 (U+C815) in font [lmroman10-regular]:+tlig;!
Missing character: There is no 렬 (U+B82C) in font [lmroman10-regular]:+tlig;!
Missing character: There is no 되 (U+B418) in font [lmroman10-regular]:+tlig;!
Missing character: There is no 어 (U+C5B4) in font [lmroman10-regular]:+tlig;!
Missing character: There is no 있 (U+C788) in font [lmroman10-regular]:+tlig;!
Missing character: There is no 는 (U+B294) in font [lmroman10-regular]:+tlig;!
Missing character: There is no 경 (U+ACBD) in font [lmroman10-regular]:+tlig;!
Missing character: There is no 우 (U+C6B0) in font [lmroman10-regular]:+tlig;!
Missing character: There is no 를 (U+B97C) in font [lmroman10-regular]:+tlig;!
Missing character: There is no 생 (U+C0DD) in font [lmroman10-regular]:+tlig;!
Missing character: There is no 각 (U+AC01) in font [lmroman10-regular]:+tlig;!
Missing character: There is no 해 (U+D574) in font [lmroman10-regular]:+tlig;!
Missing character: There is no 보 (U+BCF4) in font [lmroman10-regular]:+tlig;!
Missing character: There is no 자 (U+C790) in font [lmroman10-regular]:+tlig;!
Missing character: There is no 예 (U+C608) in font [lmroman10-regular]:+tlig;!
Missing character: There is no 를 (U+B97C) in font [lmroman10-regular]:+tlig;!
Missing character: There is no 들 (U+B4E4) in font [lmroman10-regular]:+tlig;!
Missing character: There is no 어 (U+C5B4) in font [lmroman10-regular]:+tlig;!
]
Missing character: There is no 이 (U+C774) in font [lmroman10-regular]:+tlig;!
Missing character: There is no 때 (U+B54C) in font [lmroman10-regular]:+tlig;!
Missing character: There is no 비 (U+BE44) in font [lmroman10-regular]:+tlig;!
Missing character: There is no 교 (U+AD50) in font [lmroman10-regular]:+tlig;!
Missing character: There is no 및 (U+BC0F) in font [lmroman10-regular]:+tlig;!
Missing character: There is no 이 (U+C774) in font [lmroman10-regular]:+tlig;!
Missing character: There is no 동 (U+B3D9) in font [lmroman10-regular]:+tlig;!
Missing character: There is no 횟 (U+D69F) in font [lmroman10-regular]:+tlig;!
Missing character: There is no 수 (U+C218) in font [lmroman10-regular]:+tlig;!
Missing character: There is no 는 (U+B294) in font [lmroman10-regular]:+tlig;!
Missing character: There is no 대 (U+B300) in font [lmroman10-regular]:+tlig;!
Missing character: There is no 략 (U+B7B5) in font [lmroman10-regular]:+tlig;!
Missing character: There is no 이 (U+C774) in font [lmroman10-regular]:+tlig;!
Missing character: There is no 때 (U+B54C) in font [lmroman10-regular]:+tlig;!
Missing character: There is no 비 (U+BE44) in font [lmroman10-regular]:+tlig;!
Missing character: There is no 교 (U+AD50) in font [lmroman10-regular]:+tlig;!
Missing character: There is no 및 (U+BC0F) in font [lmroman10-regular]:+tlig;!
Missing character: There is no 이 (U+C774) in font [lmroman10-regular]:+tlig;!
Missing character: There is no 동 (U+B3D9) in font [lmroman10-regular]:+tlig;!
Missing character: There is no 횟 (U+D69F) in font [lmroman10-regular]:+tlig;!
Missing character: There is no 수 (U+C218) in font [lmroman10-regular]:+tlig;!
Missing character: There is no 는 (U+B294) in font [lmroman10-regular]:+tlig;!
Missing character: There is no 대 (U+B300) in font [lmroman10-regular]:+tlig;!
Missing character: There is no 략 (U+B7B5) in font [lmroman10-regular]:+tlig;!
Missing character: There is no 이 (U+C774) in font [lmroman10-regular]:+tlig;!
Missing character: There is no 되 (U+B418) in font [lmroman10-regular]:+tlig;!
Missing character: There is no 며 (U+BA70) in font [lmroman10-regular]:+tlig;!
Missing character: There is no 이 (U+C774) in font [lmroman10-regular]:+tlig;!
Missing character: There is no 는 (U+B294) in font [lmroman10-regular]:+tlig;!
Missing character: There is no 이 (U+C774) in font [lmroman10-regular]:+tlig;!
Missing character: There is no 되 (U+B418) in font [lmroman10-regular]:+tlig;!
Missing character: There is no 며 (U+BA70) in font [lmroman10-regular]:+tlig;!
Missing character: There is no 이 (U+C774) in font [lmroman10-regular]:+tlig;!
Missing character: There is no 는 (U+B294) in font [lmroman10-regular]:+tlig;!
Missing character: There is no 에 (U+C5D0) in font [lmroman10-regular]:+tlig;!
Missing character: There is no 해 (U+D574) in font [lmroman10-regular]:+tlig;!
Missing character: There is no 당 (U+B2F9) in font [lmroman10-regular]:+tlig;!
Missing character: There is no 한 (U+D55C) in font [lmroman10-regular]:+tlig;!
Missing character: There is no 다 (U+B2E4) in font [lmroman10-regular]:+tlig;!
Missing character: There is no 에 (U+C5D0) in font [lmroman10-regular]:+tlig;!
Missing character: There is no 해 (U+D574) in font [lmroman10-regular]:+tlig;!
Missing character: There is no 당 (U+B2F9) in font [lmroman10-regular]:+tlig;!
Missing character: There is no 한 (U+D55C) in font [lmroman10-regular]:+tlig;!
Missing character: There is no 다 (U+B2E4) in font [lmroman10-regular]:+tlig;!
Missing character: There is no 직 (U+C9C1) in font [lmroman12-bold]:+tlig;!
Missing character: There is no 관 (U+AD00) in font [lmroman12-bold]:+tlig;!
Missing character: There is no 적 (U+C801) in font [lmroman12-bold]:+tlig;!
Missing character: There is no 해 (U+D574) in font [lmroman12-bold]:+tlig;!
Missing character: There is no 석 (U+C11D) in font [lmroman12-bold]:+tlig;!
Missing character: There is no 직 (U+C9C1) in font [lmroman12-bold]:+tlig;!
Missing character: There is no 관 (U+AD00) in font [lmroman12-bold]:+tlig;!
Missing character: There is no 적 (U+C801) in font [lmroman12-bold]:+tlig;!
Missing character: There is no 해 (U+D574) in font [lmroman12-bold]:+tlig;!
Missing character: There is no 석 (U+C11D) in font [lmroman12-bold]:+tlig;!
Missing character: There is no 는 (U+B294) in font [lmroman10-regular]:+tlig;!
Missing character: There is no 각 (U+AC01) in font [lmroman10-regular]:+tlig;!
Missing character: There is no 단 (U+B2E8) in font [lmroman10-regular]:+tlig;!
Missing character: There is no 계 (U+ACC4) in font [lmroman10-regular]:+tlig;!
Missing character: There is no 에 (U+C5D0) in font [lmroman10-regular]:+tlig;!
Missing character: There is no 서 (U+C11C) in font [lmroman10-regular]:+tlig;!
Missing character: There is no 정 (U+C815) in font [lmroman10-regular]:+tlig;!
Missing character: There is no 렬 (U+B82C) in font [lmroman10-regular]:+tlig;!
Missing character: There is no 된 (U+B41C) in font [lmroman10-regular]:+tlig;!
Missing character: There is no 구 (U+AD6C) in font [lmroman10-regular]:+tlig;!
Missing character: There is no 간 (U+AC04) in font [lmroman10-regular]:+tlig;!
Missing character: There is no 안 (U+C548) in font [lmroman10-regular]:+tlig;!
Missing character: There is no 에 (U+C5D0) in font [lmroman10-regular]:+tlig;!
Missing character: There is no 새 (U+C0C8) in font [lmroman10-regular]:+tlig;!
Missing character: There is no 원 (U+C6D0) in font [lmroman10-regular]:+tlig;!
Missing character: There is no 소 (U+C18C) in font [lmroman10-regular]:+tlig;!
Missing character: There is no 를 (U+B97C) in font [lmroman10-regular]:+tlig;!
Missing character: There is no 삽 (U+C0BD) in font [lmroman10-regular]:+tlig;!
Missing character: There is no 입 (U+C785) in font [lmroman10-regular]:+tlig;!
Missing character: There is no 한 (U+D55C) in font [lmroman10-regular]:+tlig;!
Missing character: There is no 다 (U+B2E4) in font [lmroman10-regular]:+tlig;!
Missing character: There is no 그 (U+ADF8) in font [lmroman10-regular]:+tlig;!
Missing character: There is no 런 (U+B7F0) in font [lmroman10-regular]:+tlig;!
Missing character: There is no 데 (U+B370) in font [lmroman10-regular]:+tlig;!
Missing character: There is no 삽 (U+C0BD) in font [lmroman10-regular]:+tlig;!
Missing character: There is no 입 (U+C785) in font [lmroman10-regular]:+tlig;!
Missing character: There is no 위 (U+C704) in font [lmroman10-regular]:+tlig;!
Missing character: There is no 치 (U+CE58) in font [lmroman10-regular]:+tlig;!
Missing character: There is no 를 (U+B97C) in font [lmroman10-regular]:+tlig;!
Missing character: There is no 찾 (U+CC3E) in font [lmroman10-regular]:+tlig;!
Missing character: There is no 기 (U+AE30) in font [lmroman10-regular]:+tlig;!
Missing character: There is no 위 (U+C704) in font [lmroman10-regular]:+tlig;!
Missing character: There is no 해 (U+D574) in font [lmroman10-regular]:+tlig;!
Missing character: There is no 최 (U+CD5C) in font [lmroman10-regular]:+tlig;!
Missing character: There is no 악 (U+C545) in font [lmroman10-regular]:+tlig;!
Missing character: There is no 의 (U+C758) in font [lmroman10-regular]:+tlig;!
Missing character: There is no 경 (U+ACBD) in font [lmroman10-regular]:+tlig;!
Missing character: There is no 우 (U+C6B0) in font [lmroman10-regular]:+tlig;!
Missing character: There is no 정 (U+C815) in font [lmroman10-regular]:+tlig;!
Missing character: There is no 렬 (U+B82C) in font [lmroman10-regular]:+tlig;!
Missing character: There is no 된 (U+B41C) in font [lmroman10-regular]:+tlig;!
Missing character: There is no 구 (U+AD6C) in font [lmroman10-regular]:+tlig;!
Missing character: There is no 간 (U+AC04) in font [lmroman10-regular]:+tlig;!
Missing character: There is no 전 (U+C804) in font [lmroman10-regular]:+tlig;!
Missing character: There is no 체 (U+CCB4) in font [lmroman10-regular]:+tlig;!
Missing character: There is no 를 (U+B97C) in font [lmroman10-regular]:+tlig;!
Missing character: There is no 왼 (U+C67C) in font [lmroman10-regular]:+tlig;!
Missing character: There is no 쪽 (U+CABD) in font [lmroman10-regular]:+tlig;!
Missing character: There is no 끝 (U+B05D) in font [lmroman10-regular]:+tlig;!
Missing character: There is no 까 (U+AE4C) in font [lmroman10-regular]:+tlig;!
Missing character: There is no 지 (U+C9C0) in font [lmroman10-regular]:+tlig;!
Missing character: There is no 확 (U+D655) in font [lmroman10-regular]:+tlig;!
Missing character: There is no 인 (U+C778) in font [lmroman10-regular]:+tlig;!
Missing character: There is no 해 (U+D574) in font [lmroman10-regular]:+tlig;!
Missing character: There is no 야 (U+C57C) in font [lmroman10-regular]:+tlig;!
Missing character: There is no 한 (U+D55C) in font [lmroman10-regular]:+tlig;!
Missing character: There is no 다 (U+B2E4) in font [lmroman10-regular]:+tlig;!
Missing character: There is no 는 (U+B294) in font [lmroman10-regular]:+tlig;!
Missing character: There is no 각 (U+AC01) in font [lmroman10-regular]:+tlig;!
Missing character: There is no 단 (U+B2E8) in font [lmroman10-regular]:+tlig;!
Missing character: There is no 계 (U+ACC4) in font [lmroman10-regular]:+tlig;!
Missing character: There is no 에 (U+C5D0) in font [lmroman10-regular]:+tlig;!
Missing character: There is no 서 (U+C11C) in font [lmroman10-regular]:+tlig;!
Missing character: There is no 정 (U+C815) in font [lmroman10-regular]:+tlig;!
Missing character: There is no 렬 (U+B82C) in font [lmroman10-regular]:+tlig;!
Missing character: There is no 된 (U+B41C) in font [lmroman10-regular]:+tlig;!
Missing character: There is no 구 (U+AD6C) in font [lmroman10-regular]:+tlig;!
Missing character: There is no 간 (U+AC04) in font [lmroman10-regular]:+tlig;!
Missing character: There is no 안 (U+C548) in font [lmroman10-regular]:+tlig;!
Missing character: There is no 에 (U+C5D0) in font [lmroman10-regular]:+tlig;!
Missing character: There is no 새 (U+C0C8) in font [lmroman10-regular]:+tlig;!
Missing character: There is no 원 (U+C6D0) in font [lmroman10-regular]:+tlig;!
Missing character: There is no 소 (U+C18C) in font [lmroman10-regular]:+tlig;!
Missing character: There is no 를 (U+B97C) in font [lmroman10-regular]:+tlig;!
Missing character: There is no 삽 (U+C0BD) in font [lmroman10-regular]:+tlig;!
Missing character: There is no 입 (U+C785) in font [lmroman10-regular]:+tlig;!
Missing character: There is no 한 (U+D55C) in font [lmroman10-regular]:+tlig;!
Missing character: There is no 다 (U+B2E4) in font [lmroman10-regular]:+tlig;!
Missing character: There is no 그 (U+ADF8) in font [lmroman10-regular]:+tlig;!
Missing character: There is no 런 (U+B7F0) in font [lmroman10-regular]:+tlig;!
Missing character: There is no 데 (U+B370) in font [lmroman10-regular]:+tlig;!
Missing character: There is no 삽 (U+C0BD) in font [lmroman10-regular]:+tlig;!
Missing character: There is no 입 (U+C785) in font [lmroman10-regular]:+tlig;!
Missing character: There is no 위 (U+C704) in font [lmroman10-regular]:+tlig;!
Missing character: There is no 치 (U+CE58) in font [lmroman10-regular]:+tlig;!
Missing character: There is no 를 (U+B97C) in font [lmroman10-regular]:+tlig;!
Missing character: There is no 찾 (U+CC3E) in font [lmroman10-regular]:+tlig;!
Missing character: There is no 기 (U+AE30) in font [lmroman10-regular]:+tlig;!
Missing character: There is no 위 (U+C704) in font [lmroman10-regular]:+tlig;!
Missing character: There is no 해 (U+D574) in font [lmroman10-regular]:+tlig;!
Missing character: There is no 최 (U+CD5C) in font [lmroman10-regular]:+tlig;!
Missing character: There is no 악 (U+C545) in font [lmroman10-regular]:+tlig;!
Missing character: There is no 의 (U+C758) in font [lmroman10-regular]:+tlig;!
Missing character: There is no 경 (U+ACBD) in font [lmroman10-regular]:+tlig;!
Missing character: There is no 우 (U+C6B0) in font [lmroman10-regular]:+tlig;!
Missing character: There is no 정 (U+C815) in font [lmroman10-regular]:+tlig;!
Missing character: There is no 렬 (U+B82C) in font [lmroman10-regular]:+tlig;!
Missing character: There is no 된 (U+B41C) in font [lmroman10-regular]:+tlig;!
Missing character: There is no 구 (U+AD6C) in font [lmroman10-regular]:+tlig;!
Missing character: There is no 간 (U+AC04) in font [lmroman10-regular]:+tlig;!
Missing character: There is no 전 (U+C804) in font [lmroman10-regular]:+tlig;!
Missing character: There is no 체 (U+CCB4) in font [lmroman10-regular]:+tlig;!
Missing character: There is no 를 (U+B97C) in font [lmroman10-regular]:+tlig;!
Missing character: There is no 왼 (U+C67C) in font [lmroman10-regular]:+tlig;!
Missing character: There is no 쪽 (U+CABD) in font [lmroman10-regular]:+tlig;!
Missing character: There is no 끝 (U+B05D) in font [lmroman10-regular]:+tlig;!
Missing character: There is no 까 (U+AE4C) in font [lmroman10-regular]:+tlig;!
Missing character: There is no 지 (U+C9C0) in font [lmroman10-regular]:+tlig;!
Missing character: There is no 확 (U+D655) in font [lmroman10-regular]:+tlig;!
Missing character: There is no 인 (U+C778) in font [lmroman10-regular]:+tlig;!
Missing character: There is no 해 (U+D574) in font [lmroman10-regular]:+tlig;!
Missing character: There is no 야 (U+C57C) in font [lmroman10-regular]:+tlig;!
Missing character: There is no 한 (U+D55C) in font [lmroman10-regular]:+tlig;!
Missing character: There is no 다 (U+B2E4) in font [lmroman10-regular]:+tlig;!
Missing character: There is no 즉 (U+C989) in font [lmroman10-regular]:+tlig;!
Missing character: There is no 즉 (U+C989) in font [lmroman10-regular]:+tlig;!
Missing character: There is no 첫 (U+CCAB) in font [lmroman10-regular]:+tlig;!
Missing character: There is no 첫 (U+CCAB) in font [lmroman10-regular]:+tlig;!
Missing character: There is no 첫 (U+CCAB) in font [lmroman10-regular]:+tlig;!
Missing character: There is no 첫 (U+CCAB) in font [lmroman10-regular]:+tlig;!
Missing character: There is no 첫 (U+CCAB) in font [lmroman10-regular]:+tlig;!
Missing character: There is no 첫 (U+CCAB) in font [lmroman10-regular]:+tlig;!
Missing character: There is no 번 (U+BC88) in font [lmroman10-regular]:+tlig;!
Missing character: There is no 째 (U+C9F8) in font [lmroman10-regular]:+tlig;!
Missing character: There is no 삽 (U+C0BD) in font [lmroman10-regular]:+tlig;!
Missing character: There is no 입 (U+C785) in font [lmroman10-regular]:+tlig;!
Missing character: There is no 은 (U+C740) in font [lmroman10-regular]:+tlig;!
Missing character: There is no 최 (U+CD5C) in font [lmroman10-regular]:+tlig;!
Missing character: There is no 대 (U+B300) in font [lmroman10-regular]:+tlig;!
Missing character: There is no 번 (U+BC88) in font [lmroman10-regular]:+tlig;!
Missing character: There is no 비 (U+BE44) in font [lmroman10-regular]:+tlig;!
Missing character: There is no 교 (U+AD50) in font [lmroman10-regular]:+tlig;!
Missing character: There is no 첫 (U+CCAB) in font [lmroman10-regular]:+tlig;!
Missing character: There is no 번 (U+BC88) in font [lmroman10-regular]:+tlig;!
Missing character: There is no 째 (U+C9F8) in font [lmroman10-regular]:+tlig;!
Missing character: There is no 삽 (U+C0BD) in font [lmroman10-regular]:+tlig;!
Missing character: There is no 입 (U+C785) in font [lmroman10-regular]:+tlig;!
Missing character: There is no 은 (U+C740) in font [lmroman10-regular]:+tlig;!
Missing character: There is no 최 (U+CD5C) in font [lmroman10-regular]:+tlig;!
Missing character: There is no 대 (U+B300) in font [lmroman10-regular]:+tlig;!
Missing character: There is no 번 (U+BC88) in font [lmroman10-regular]:+tlig;!
Missing character: There is no 비 (U+BE44) in font [lmroman10-regular]:+tlig;!
Missing character: There is no 교 (U+AD50) in font [lmroman10-regular]:+tlig;!
Missing character: There is no 두 (U+B450) in font [lmroman10-regular]:+tlig;!
Missing character: There is no 두 (U+B450) in font [lmroman10-regular]:+tlig;!
Missing character: There is no 두 (U+B450) in font [lmroman10-regular]:+tlig;!
Missing character: There is no 두 (U+B450) in font [lmroman10-regular]:+tlig;!
Missing character: There is no 두 (U+B450) in font [lmroman10-regular]:+tlig;!
Missing character: There is no 두 (U+B450) in font [lmroman10-regular]:+tlig;!
Missing character: There is no 번 (U+BC88) in font [lmroman10-regular]:+tlig;!
Missing character: There is no 째 (U+C9F8) in font [lmroman10-regular]:+tlig;!
Missing character: There is no 삽 (U+C0BD) in font [lmroman10-regular]:+tlig;!
Missing character: There is no 입 (U+C785) in font [lmroman10-regular]:+tlig;!
Missing character: There is no 은 (U+C740) in font [lmroman10-regular]:+tlig;!
Missing character: There is no 최 (U+CD5C) in font [lmroman10-regular]:+tlig;!
Missing character: There is no 대 (U+B300) in font [lmroman10-regular]:+tlig;!
Missing character: There is no 번 (U+BC88) in font [lmroman10-regular]:+tlig;!
Missing character: There is no 비 (U+BE44) in font [lmroman10-regular]:+tlig;!
Missing character: There is no 교 (U+AD50) in font [lmroman10-regular]:+tlig;!
Missing character: There is no 두 (U+B450) in font [lmroman10-regular]:+tlig;!
Missing character: There is no 번 (U+BC88) in font [lmroman10-regular]:+tlig;!
Missing character: There is no 째 (U+C9F8) in font [lmroman10-regular]:+tlig;!
Missing character: There is no 삽 (U+C0BD) in font [lmroman10-regular]:+tlig;!
Missing character: There is no 입 (U+C785) in font [lmroman10-regular]:+tlig;!
Missing character: There is no 은 (U+C740) in font [lmroman10-regular]:+tlig;!
Missing character: There is no 최 (U+CD5C) in font [lmroman10-regular]:+tlig;!
Missing character: There is no 대 (U+B300) in font [lmroman10-regular]:+tlig;!
Missing character: There is no 번 (U+BC88) in font [lmroman10-regular]:+tlig;!
Missing character: There is no 비 (U+BE44) in font [lmroman10-regular]:+tlig;!
Missing character: There is no 교 (U+AD50) in font [lmroman10-regular]:+tlig;!
Missing character: There is no 세 (U+C138) in font [lmroman10-regular]:+tlig;!
Missing character: There is no 세 (U+C138) in font [lmroman10-regular]:+tlig;!
Missing character: There is no 세 (U+C138) in font [lmroman10-regular]:+tlig;!
Missing character: There is no 세 (U+C138) in font [lmroman10-regular]:+tlig;!
Missing character: There is no 세 (U+C138) in font [lmroman10-regular]:+tlig;!
Missing character: There is no 세 (U+C138) in font [lmroman10-regular]:+tlig;!
Missing character: There is no 번 (U+BC88) in font [lmroman10-regular]:+tlig;!
Missing character: There is no 째 (U+C9F8) in font [lmroman10-regular]:+tlig;!
Missing character: There is no 삽 (U+C0BD) in font [lmroman10-regular]:+tlig;!
Missing character: There is no 입 (U+C785) in font [lmroman10-regular]:+tlig;!
Missing character: There is no 은 (U+C740) in font [lmroman10-regular]:+tlig;!
Missing character: There is no 최 (U+CD5C) in font [lmroman10-regular]:+tlig;!
Missing character: There is no 대 (U+B300) in font [lmroman10-regular]:+tlig;!
Missing character: There is no 번 (U+BC88) in font [lmroman10-regular]:+tlig;!
Missing character: There is no 비 (U+BE44) in font [lmroman10-regular]:+tlig;!
Missing character: There is no 교 (U+AD50) in font [lmroman10-regular]:+tlig;!
Missing character: There is no 세 (U+C138) in font [lmroman10-regular]:+tlig;!
Missing character: There is no 번 (U+BC88) in font [lmroman10-regular]:+tlig;!
Missing character: There is no 째 (U+C9F8) in font [lmroman10-regular]:+tlig;!
Missing character: There is no 삽 (U+C0BD) in font [lmroman10-regular]:+tlig;!
Missing character: There is no 입 (U+C785) in font [lmroman10-regular]:+tlig;!
Missing character: There is no 은 (U+C740) in font [lmroman10-regular]:+tlig;!
Missing character: There is no 최 (U+CD5C) in font [lmroman10-regular]:+tlig;!
Missing character: There is no 대 (U+B300) in font [lmroman10-regular]:+tlig;!
Missing character: There is no 번 (U+BC88) in font [lmroman10-regular]:+tlig;!
Missing character: There is no 비 (U+BE44) in font [lmroman10-regular]:+tlig;!
Missing character: There is no 교 (U+AD50) in font [lmroman10-regular]:+tlig;!
Missing character: There is no 번 (U+BC88) in font [lmroman10-regular]:+tlig;!
Missing character: There is no 째 (U+C9F8) in font [lmroman10-regular]:+tlig;!
Missing character: There is no 삽 (U+C0BD) in font [lmroman10-regular]:+tlig;!
Missing character: There is no 입 (U+C785) in font [lmroman10-regular]:+tlig;!
Missing character: There is no 은 (U+C740) in font [lmroman10-regular]:+tlig;!
Missing character: There is no 최 (U+CD5C) in font [lmroman10-regular]:+tlig;!
Missing character: There is no 대 (U+B300) in font [lmroman10-regular]:+tlig;!
Missing character: There is no 번 (U+BC88) in font [lmroman10-regular]:+tlig;!
Missing character: There is no 비 (U+BE44) in font [lmroman10-regular]:+tlig;!
Missing character: There is no 교 (U+AD50) in font [lmroman10-regular]:+tlig;!
Missing character: There is no 번 (U+BC88) in font [lmroman10-regular]:+tlig;!
Missing character: There is no 째 (U+C9F8) in font [lmroman10-regular]:+tlig;!
Missing character: There is no 삽 (U+C0BD) in font [lmroman10-regular]:+tlig;!
Missing character: There is no 입 (U+C785) in font [lmroman10-regular]:+tlig;!
Missing character: There is no 은 (U+C740) in font [lmroman10-regular]:+tlig;!
Missing character: There is no 최 (U+CD5C) in font [lmroman10-regular]:+tlig;!
Missing character: There is no 대 (U+B300) in font [lmroman10-regular]:+tlig;!
Missing character: There is no 번 (U+BC88) in font [lmroman10-regular]:+tlig;!
Missing character: There is no 비 (U+BE44) in font [lmroman10-regular]:+tlig;!
Missing character: There is no 교 (U+AD50) in font [lmroman10-regular]:+tlig;!
Missing character: There is no 처 (U+CC98) in font [lmroman10-regular]:+tlig;!
Missing character: There is no 럼 (U+B7FC) in font [lmroman10-regular]:+tlig;!
Missing character: There is no 진 (U+C9C4) in font [lmroman10-regular]:+tlig;!
Missing character: There is no 행 (U+D589) in font [lmroman10-regular]:+tlig;!
Missing character: There is no 되 (U+B418) in font [lmroman10-regular]:+tlig;!
Missing character: There is no 므 (U+BBC0) in font [lmroman10-regular]:+tlig;!
Missing character: There is no 로 (U+B85C) in font [lmroman10-regular]:+tlig;!
Missing character: There is no 전 (U+C804) in font [lmroman10-regular]:+tlig;!
Missing character: There is no 체 (U+CCB4) in font [lmroman10-regular]:+tlig;!
Missing character: There is no 비 (U+BE44) in font [lmroman10-regular]:+tlig;!
Missing character: There is no 용 (U+C6A9) in font [lmroman10-regular]:+tlig;!
Missing character: There is no 이 (U+C774) in font [lmroman10-regular]:+tlig;!
Missing character: There is no 이 (U+C774) in font [lmroman10-regular]:+tlig;!
Missing character: There is no 차 (U+CC28) in font [lmroman10-regular]:+tlig;!
Missing character: There is no 적 (U+C801) in font [lmroman10-regular]:+tlig;!
Missing character: There is no 으 (U+C73C) in font [lmroman10-regular]:+tlig;!
Missing character: There is no 로 (U+B85C) in font [lmroman10-regular]:+tlig;!
Missing character: There is no 커 (U+CEE4) in font [lmroman10-regular]:+tlig;!
Missing character: There is no 질 (U+C9C8) in font [lmroman10-regular]:+tlig;!
Missing character: There is no 수 (U+C218) in font [lmroman10-regular]:+tlig;!
Missing character: There is no 있 (U+C788) in font [lmroman10-regular]:+tlig;!
Missing character: There is no 다 (U+B2E4) in font [lmroman10-regular]:+tlig;!
Missing character: There is no 처 (U+CC98) in font [lmroman10-regular]:+tlig;!
Missing character: There is no 럼 (U+B7FC) in font [lmroman10-regular]:+tlig;!
Missing character: There is no 진 (U+C9C4) in font [lmroman10-regular]:+tlig;!
Missing character: There is no 행 (U+D589) in font [lmroman10-regular]:+tlig;!
Missing character: There is no 되 (U+B418) in font [lmroman10-regular]:+tlig;!
Missing character: There is no 므 (U+BBC0) in font [lmroman10-regular]:+tlig;!
Missing character: There is no 로 (U+B85C) in font [lmroman10-regular]:+tlig;!
Missing character: There is no 전 (U+C804) in font [lmroman10-regular]:+tlig;!
Missing character: There is no 체 (U+CCB4) in font [lmroman10-regular]:+tlig;!
Missing character: There is no 비 (U+BE44) in font [lmroman10-regular]:+tlig;!
Missing character: There is no 용 (U+C6A9) in font [lmroman10-regular]:+tlig;!
Missing character: There is no 이 (U+C774) in font [lmroman10-regular]:+tlig;!
Missing character: There is no 이 (U+C774) in font [lmroman10-regular]:+tlig;!
Missing character: There is no 차 (U+CC28) in font [lmroman10-regular]:+tlig;!
Missing character: There is no 적 (U+C801) in font [lmroman10-regular]:+tlig;!
Missing character: There is no 으 (U+C73C) in font [lmroman10-regular]:+tlig;!
Missing character: There is no 로 (U+B85C) in font [lmroman10-regular]:+tlig;!
Missing character: There is no 커 (U+CEE4) in font [lmroman10-regular]:+tlig;!
Missing character: There is no 질 (U+C9C8) in font [lmroman10-regular]:+tlig;!
Missing character: There is no 수 (U+C218) in font [lmroman10-regular]:+tlig;!
Missing character: There is no 있 (U+C788) in font [lmroman10-regular]:+tlig;!
Missing character: There is no 다 (U+B2E4) in font [lmroman10-regular]:+tlig;!
Missing character: There is no 다 (U+B2E4) in font [lmroman12-bold]:+tlig;!
Missing character: There is no 른 (U+B978) in font [lmroman12-bold]:+tlig;!
Missing character: There is no 설 (U+C124) in font [lmroman12-bold]:+tlig;!
Missing character: There is no 계 (U+ACC4) in font [lmroman12-bold]:+tlig;!
Missing character: There is no 관 (U+AD00) in font [lmroman12-bold]:+tlig;!
Missing character: There is no 점 (U+C810) in font [lmroman12-bold]:+tlig;!
Missing character: There is no 과 (U+ACFC) in font [lmroman12-bold]:+tlig;!
Missing character: There is no 의 (U+C758) in font [lmroman12-bold]:+tlig;!
Missing character: There is no 비 (U+BE44) in font [lmroman12-bold]:+tlig;!
Missing character: There is no 교 (U+AD50) in font [lmroman12-bold]:+tlig;!
Missing character: There is no 다 (U+B2E4) in font [lmroman12-bold]:+tlig;!
Missing character: There is no 른 (U+B978) in font [lmroman12-bold]:+tlig;!
Missing character: There is no 설 (U+C124) in font [lmroman12-bold]:+tlig;!
Missing character: There is no 계 (U+ACC4) in font [lmroman12-bold]:+tlig;!
Missing character: There is no 관 (U+AD00) in font [lmroman12-bold]:+tlig;!
Missing character: There is no 점 (U+C810) in font [lmroman12-bold]:+tlig;!
Missing character: There is no 과 (U+ACFC) in font [lmroman12-bold]:+tlig;!
Missing character: There is no 의 (U+C758) in font [lmroman12-bold]:+tlig;!
Missing character: There is no 비 (U+BE44) in font [lmroman12-bold]:+tlig;!
Missing character: There is no 교 (U+AD50) in font [lmroman12-bold]:+tlig;!
Missing character: There is no 의 (U+C758) in font [lmroman10-regular]:+tlig;!
Missing character: There is no 성 (U+C131) in font [lmroman10-regular]:+tlig;!
Missing character: There is no 격 (U+ACA9) in font [lmroman10-regular]:+tlig;!
Missing character: There is no 을 (U+C744) in font [lmroman10-regular]:+tlig;!
Missing character: There is no 더 (U+B354) in font [lmroman10-regular]:+tlig;!
Missing character: There is no 분 (U+BD84) in font [lmroman10-regular]:+tlig;!
Missing character: There is no 명 (U+BA85) in font [lmroman10-regular]:+tlig;!
Missing character: There is no 하 (U+D558) in font [lmroman10-regular]:+tlig;!
Missing character: There is no 게 (U+AC8C) in font [lmroman10-regular]:+tlig;!
Missing character: There is no 보 (U+BCF4) in font [lmroman10-regular]:+tlig;!
Missing character: There is no 기 (U+AE30) in font [lmroman10-regular]:+tlig;!
Missing character: There is no 위 (U+C704) in font [lmroman10-regular]:+tlig;!
Missing character: There is no 해 (U+D574) in font [lmroman10-regular]:+tlig;!
Missing character: There is no 다 (U+B2E4) in font [lmroman10-regular]:+tlig;!
Missing character: There is no 른 (U+B978) in font [lmroman10-regular]:+tlig;!
Missing character: There is no 알 (U+C54C) in font [lmroman10-regular]:+tlig;!
Missing character: There is no 고 (U+ACE0) in font [lmroman10-regular]:+tlig;!
Missing character: There is no 리 (U+B9AC) in font [lmroman10-regular]:+tlig;!
Missing character: There is no 즘 (U+C998) in font [lmroman10-regular]:+tlig;!
Missing character: There is no 설 (U+C124) in font [lmroman10-regular]:+tlig;!
Missing character: There is no 계 (U+ACC4) in font [lmroman10-regular]:+tlig;!
Missing character: There is no 방 (U+BC29) in font [lmroman10-regular]:+tlig;!
Missing character: There is no 식 (U+C2DD) in font [lmroman10-regular]:+tlig;!
Missing character: There is no 과 (U+ACFC) in font [lmroman10-regular]:+tlig;!
Missing character: There is no 비 (U+BE44) in font [lmroman10-regular]:+tlig;!
Missing character: There is no 교 (U+AD50) in font [lmroman10-regular]:+tlig;!
Missing character: There is no 해 (U+D574) in font [lmroman10-regular]:+tlig;!
Missing character: There is no 볼 (U+BCFC) in font [lmroman10-regular]:+tlig;!
Missing character: There is no 수 (U+C218) in font [lmroman10-regular]:+tlig;!
Missing character: There is no 있 (U+C788) in font [lmroman10-regular]:+tlig;!
Missing character: There is no 다 (U+B2E4) in font [lmroman10-regular]:+tlig;!
Missing character: There is no 의 (U+C758) in font [lmroman10-regular]:+tlig;!
Missing character: There is no 성 (U+C131) in font [lmroman10-regular]:+tlig;!
Missing character: There is no 격 (U+ACA9) in font [lmroman10-regular]:+tlig;!
Missing character: There is no 을 (U+C744) in font [lmroman10-regular]:+tlig;!
Missing character: There is no 더 (U+B354) in font [lmroman10-regular]:+tlig;!
Missing character: There is no 분 (U+BD84) in font [lmroman10-regular]:+tlig;!
Missing character: There is no 명 (U+BA85) in font [lmroman10-regular]:+tlig;!
Missing character: There is no 하 (U+D558) in font [lmroman10-regular]:+tlig;!
Missing character: There is no 게 (U+AC8C) in font [lmroman10-regular]:+tlig;!
Missing character: There is no 보 (U+BCF4) in font [lmroman10-regular]:+tlig;!
Missing character: There is no 기 (U+AE30) in font [lmroman10-regular]:+tlig;!
Missing character: There is no 위 (U+C704) in font [lmroman10-regular]:+tlig;!
Missing character: There is no 해 (U+D574) in font [lmroman10-regular]:+tlig;!
Missing character: There is no 다 (U+B2E4) in font [lmroman10-regular]:+tlig;!
Missing character: There is no 른 (U+B978) in font [lmroman10-regular]:+tlig;!
Missing character: There is no 알 (U+C54C) in font [lmroman10-regular]:+tlig;!
Missing character: There is no 고 (U+ACE0) in font [lmroman10-regular]:+tlig;!
Missing character: There is no 리 (U+B9AC) in font [lmroman10-regular]:+tlig;!
Missing character: There is no 즘 (U+C998) in font [lmroman10-regular]:+tlig;!
Missing character: There is no 설 (U+C124) in font [lmroman10-regular]:+tlig;!
Missing character: There is no 계 (U+ACC4) in font [lmroman10-regular]:+tlig;!
Missing character: There is no 방 (U+BC29) in font [lmroman10-regular]:+tlig;!
Missing character: There is no 식 (U+C2DD) in font [lmroman10-regular]:+tlig;!
Missing character: There is no 과 (U+ACFC) in font [lmroman10-regular]:+tlig;!
Missing character: There is no 비 (U+BE44) in font [lmroman10-regular]:+tlig;!
Missing character: There is no 교 (U+AD50) in font [lmroman10-regular]:+tlig;!
Missing character: There is no 해 (U+D574) in font [lmroman10-regular]:+tlig;!
Missing character: There is no 볼 (U+BCFC) in font [lmroman10-regular]:+tlig;!
Missing character: There is no 수 (U+C218) in font [lmroman10-regular]:+tlig;!
Missing character: There is no 있 (U+C788) in font [lmroman10-regular]:+tlig;!
Missing character: There is no 다 (U+B2E4) in font [lmroman10-regular]:+tlig;!
Missing character: There is no 이 (U+C774) in font [lmroman10-regular]:+tlig;!
Missing character: There is no 미 (U+BBF8) in font [lmroman10-regular]:+tlig;!
Missing character: There is no 이 (U+C774) in font [lmroman10-regular]:+tlig;!
Missing character: There is no 미 (U+BBF8) in font [lmroman10-regular]:+tlig;!
Missing character: There is no 이 (U+C774) in font [lmroman10-regular]:+tlig;!
Missing character: There is no 미 (U+BBF8) in font [lmroman10-regular]:+tlig;!
Missing character: There is no 이 (U+C774) in font [lmroman10-regular]:+tlig;!
Missing character: There is no 미 (U+BBF8) in font [lmroman10-regular]:+tlig;!
Missing character: There is no 이 (U+C774) in font [lmroman10-regular]:+tlig;!
Missing character: There is no 미 (U+BBF8) in font [lmroman10-regular]:+tlig;!
Missing character: There is no 이 (U+C774) in font [lmroman10-regular]:+tlig;!
Missing character: There is no 미 (U+BBF8) in font [lmroman10-regular]:+tlig;!
Missing character: There is no 이 (U+C774) in font [lmroman10-regular]:+tlig;!
Missing character: There is no 미 (U+BBF8) in font [lmroman10-regular]:+tlig;!
Missing character: There is no 이 (U+C774) in font [lmroman10-regular]:+tlig;!
Missing character: There is no 미 (U+BBF8) in font [lmroman10-regular]:+tlig;!
Missing character: There is no 구 (U+AD6C) in font [lmroman10-regular]:+tlig;!
Missing character: There is no 해 (U+D574) in font [lmroman10-regular]:+tlig;!
Missing character: There is no 놓 (U+B193) in font [lmroman10-regular]:+tlig;!
Missing character: There is no 은 (U+C740) in font [lmroman10-regular]:+tlig;!
Missing character: There is no 작 (U+C791) in font [lmroman10-regular]:+tlig;!
Missing character: There is no 은 (U+C740) in font [lmroman10-regular]:+tlig;!
Missing character: There is no 해 (U+D574) in font [lmroman10-regular]:+tlig;!
Missing character: There is no 를 (U+B97C) in font [lmroman10-regular]:+tlig;!
Missing character: There is no 바 (U+BC14) in font [lmroman10-regular]:+tlig;!
Missing character: There is no 탕 (U+D0D5) in font [lmroman10-regular]:+tlig;!
Missing character: There is no 으 (U+C73C) in font [lmroman10-regular]:+tlig;!
Missing character: There is no 로 (U+B85C) in font [lmroman10-regular]:+tlig;!
Missing character: There is no 다 (U+B2E4) in font [lmroman10-regular]:+tlig;!
Missing character: There is no 음 (U+C74C) in font [lmroman10-regular]:+tlig;!
Missing character: There is no 해 (U+D574) in font [lmroman10-regular]:+tlig;!
Missing character: There is no 를 (U+B97C) in font [lmroman10-regular]:+tlig;!
Missing character: There is no 확 (U+D655) in font [lmroman10-regular]:+tlig;!
Missing character: There is no 장 (U+C7A5) in font [lmroman10-regular]:+tlig;!
Missing character: There is no 한 (U+D55C) in font [lmroman10-regular]:+tlig;!
Missing character: There is no 다 (U+B2E4) in font [lmroman10-regular]:+tlig;!
Missing character: There is no 이 (U+C774) in font [lmroman10-regular]:+tlig;!
Missing character: There is no 미 (U+BBF8) in font [lmroman10-regular]:+tlig;!
Missing character: There is no 구 (U+AD6C) in font [lmroman10-regular]:+tlig;!
Missing character: There is no 해 (U+D574) in font [lmroman10-regular]:+tlig;!
Missing character: There is no 놓 (U+B193) in font [lmroman10-regular]:+tlig;!
Missing character: There is no 은 (U+C740) in font [lmroman10-regular]:+tlig;!
Missing character: There is no 작 (U+C791) in font [lmroman10-regular]:+tlig;!
Missing character: There is no 은 (U+C740) in font [lmroman10-regular]:+tlig;!
Missing character: There is no 해 (U+D574) in font [lmroman10-regular]:+tlig;!
Missing character: There is no 를 (U+B97C) in font [lmroman10-regular]:+tlig;!
Missing character: There is no 바 (U+BC14) in font [lmroman10-regular]:+tlig;!
Missing character: There is no 탕 (U+D0D5) in font [lmroman10-regular]:+tlig;!
Missing character: There is no 으 (U+C73C) in font [lmroman10-regular]:+tlig;!
Missing character: There is no 로 (U+B85C) in font [lmroman10-regular]:+tlig;!
Missing character: There is no 다 (U+B2E4) in font [lmroman10-regular]:+tlig;!
Missing character: There is no 음 (U+C74C) in font [lmroman10-regular]:+tlig;!
Missing character: There is no 해 (U+D574) in font [lmroman10-regular]:+tlig;!
Missing character: There is no 를 (U+B97C) in font [lmroman10-regular]:+tlig;!
Missing character: There is no 확 (U+D655) in font [lmroman10-regular]:+tlig;!
Missing character: There is no 장 (U+C7A5) in font [lmroman10-regular]:+tlig;!
Missing character: There is no 한 (U+D55C) in font [lmroman10-regular]:+tlig;!
Missing character: There is no 다 (U+B2E4) in font [lmroman10-regular]:+tlig;!
Missing character: There is no 부 (U+BD80) in font [lmroman10-regular]:+tlig;!
Missing character: There is no 분 (U+BD84) in font [lmroman10-regular]:+tlig;!
Missing character: There is no 부 (U+BD80) in font [lmroman10-regular]:+tlig;!
Missing character: There is no 분 (U+BD84) in font [lmroman10-regular]:+tlig;!
Missing character: There is no 부 (U+BD80) in font [lmroman10-regular]:+tlig;!
Missing character: There is no 분 (U+BD84) in font [lmroman10-regular]:+tlig;!
Missing character: There is no 부 (U+BD80) in font [lmroman10-regular]:+tlig;!
Missing character: There is no 분 (U+BD84) in font [lmroman10-regular]:+tlig;!
Missing character: There is no 부 (U+BD80) in font [lmroman10-regular]:+tlig;!
Missing character: There is no 분 (U+BD84) in font [lmroman10-regular]:+tlig;!
Missing character: There is no 부 (U+BD80) in font [lmroman10-regular]:+tlig;!
Missing character: There is no 분 (U+BD84) in font [lmroman10-regular]:+tlig;!
Missing character: There is no 부 (U+BD80) in font [lmroman10-regular]:+tlig;!
Missing character: There is no 분 (U+BD84) in font [lmroman10-regular]:+tlig;!
Missing character: There is no 부 (U+BD80) in font [lmroman10-regular]:+tlig;!
Missing character: There is no 분 (U+BD84) in font [lmroman10-regular]:+tlig;!
Missing character: There is no 정 (U+C815) in font [lmroman10-regular]:+tlig;!
Missing character: There is no 답 (U+B2F5) in font [lmroman10-regular]:+tlig;!
Missing character: There is no 을 (U+C744) in font [lmroman10-regular]:+tlig;!
Missing character: There is no 계 (U+ACC4) in font [lmroman10-regular]:+tlig;!
Missing character: There is no 속 (U+C18D) in font [lmroman10-regular]:+tlig;!
Missing character: There is no 유 (U+C720) in font [lmroman10-regular]:+tlig;!
Missing character: There is no 지 (U+C9C0) in font [lmroman10-regular]:+tlig;!
Missing character: There is no 한 (U+D55C) in font [lmroman10-regular]:+tlig;!
Missing character: There is no 다 (U+B2E4) in font [lmroman10-regular]:+tlig;!
Missing character: There is no 부 (U+BD80) in font [lmroman10-regular]:+tlig;!
Missing character: There is no 분 (U+BD84) in font [lmroman10-regular]:+tlig;!
Missing character: There is no 정 (U+C815) in font [lmroman10-regular]:+tlig;!
Missing character: There is no 답 (U+B2F5) in font [lmroman10-regular]:+tlig;!
Missing character: There is no 을 (U+C744) in font [lmroman10-regular]:+tlig;!
Missing character: There is no 계 (U+ACC4) in font [lmroman10-regular]:+tlig;!
Missing character: There is no 속 (U+C18D) in font [lmroman10-regular]:+tlig;!
Missing character: There is no 유 (U+C720) in font [lmroman10-regular]:+tlig;!
Missing character: There is no 지 (U+C9C0) in font [lmroman10-regular]:+tlig;!
Missing character: There is no 한 (U+D55C) in font [lmroman10-regular]:+tlig;!
Missing character: There is no 다 (U+B2E4) in font [lmroman10-regular]:+tlig;!
Missing character: There is no 예 (U+C608) in font [lmroman10-regular]:+tlig;!
Missing character: There is no 예 (U+C608) in font [lmroman10-regular]:+tlig;!
Missing character: There is no 예 (U+C608) in font [lmroman10-regular]:+tlig;!
Missing character: There is no 예 (U+C608) in font [lmroman10-regular]:+tlig;!
Missing character: There is no 예 (U+C608) in font [lmroman10-regular]:+tlig;!
Missing character: There is no 예 (U+C608) in font [lmroman10-regular]:+tlig;!
Missing character: There is no 예 (U+C608) in font [lmroman10-regular]:+tlig;!
Missing character: There is no 예 (U+C608) in font [lmroman10-regular]:+tlig;!
Missing character: There is no 예 (U+C608) in font [lmroman10-regular]:+tlig;!
Missing character: There is no 문 (U+BB38) in font [lmroman10-regular]:+tlig;!
Missing character: There is no 제 (U+C81C) in font [lmroman10-regular]:+tlig;!
Missing character: There is no 문 (U+BB38) in font [lmroman10-regular]:+tlig;!
Missing character: There is no 제 (U+C81C) in font [lmroman10-regular]:+tlig;!
Missing character: There is no 문 (U+BB38) in font [lmroman10-regular]:+tlig;!
Missing character: There is no 제 (U+C81C) in font [lmroman10-regular]:+tlig;!
Missing character: There is no 문 (U+BB38) in font [lmroman10-regular]:+tlig;!
Missing character: There is no 제 (U+C81C) in font [lmroman10-regular]:+tlig;!
Missing character: There is no 문 (U+BB38) in font [lmroman10-regular]:+tlig;!
Missing character: There is no 제 (U+C81C) in font [lmroman10-regular]:+tlig;!
Missing character: There is no 문 (U+BB38) in font [lmroman10-regular]:+tlig;!
Missing character: There is no 제 (U+C81C) in font [lmroman10-regular]:+tlig;!
Missing character: There is no 문 (U+BB38) in font [lmroman10-regular]:+tlig;!
Missing character: There is no 제 (U+C81C) in font [lmroman10-regular]:+tlig;!
Missing character: There is no 문 (U+BB38) in font [lmroman10-regular]:+tlig;!
Missing character: There is no 제 (U+C81C) in font [lmroman10-regular]:+tlig;!
Missing character: There is no 를 (U+B97C) in font [lmroman10-regular]:+tlig;!
Missing character: There is no 더 (U+B354) in font [lmroman10-regular]:+tlig;!
Missing character: There is no 작 (U+C791) in font [lmroman10-regular]:+tlig;!
Missing character: There is no 은 (U+C740) in font [lmroman10-regular]:+tlig;!
Missing character: There is no 여 (U+C5EC) in font [lmroman10-regular]:+tlig;!
Missing character: There is no 러 (U+B7EC) in font [lmroman10-regular]:+tlig;!
Missing character: There is no 부 (U+BD80) in font [lmroman10-regular]:+tlig;!
Missing character: There is no 분 (U+BD84) in font [lmroman10-regular]:+tlig;!
Missing character: There is no 문 (U+BB38) in font [lmroman10-regular]:+tlig;!
Missing character: There is no 제 (U+C81C) in font [lmroman10-regular]:+tlig;!
Missing character: There is no 로 (U+B85C) in font [lmroman10-regular]:+tlig;!
Missing character: There is no 나 (U+B098) in font [lmroman10-regular]:+tlig;!
Missing character: There is no 눈 (U+B208) in font [lmroman10-regular]:+tlig;!
Missing character: There is no 다 (U+B2E4) in font [lmroman10-regular]:+tlig;!
Missing character: There is no 문 (U+BB38) in font [lmroman10-regular]:+tlig;!
Missing character: There is no 제 (U+C81C) in font [lmroman10-regular]:+tlig;!
Missing character: There is no 를 (U+B97C) in font [lmroman10-regular]:+tlig;!
Missing character: There is no 더 (U+B354) in font [lmroman10-regular]:+tlig;!
Missing character: There is no 작 (U+C791) in font [lmroman10-regular]:+tlig;!
Missing character: There is no 은 (U+C740) in font [lmroman10-regular]:+tlig;!
Missing character: There is no 여 (U+C5EC) in font [lmroman10-regular]:+tlig;!
Missing character: There is no 러 (U+B7EC) in font [lmroman10-regular]:+tlig;!
Missing character: There is no 부 (U+BD80) in font [lmroman10-regular]:+tlig;!
Missing character: There is no 분 (U+BD84) in font [lmroman10-regular]:+tlig;!
Missing character: There is no 문 (U+BB38) in font [lmroman10-regular]:+tlig;!
Missing character: There is no 제 (U+C81C) in font [lmroman10-regular]:+tlig;!
Missing character: There is no 로 (U+B85C) in font [lmroman10-regular]:+tlig;!
Missing character: There is no 나 (U+B098) in font [lmroman10-regular]:+tlig;!
Missing character: There is no 눈 (U+B208) in font [lmroman10-regular]:+tlig;!
Missing character: There is no 다 (U+B2E4) in font [lmroman10-regular]:+tlig;!
Missing character: There is no 각 (U+AC01) in font [lmroman10-regular]:+tlig;!
Missing character: There is no 각 (U+AC01) in font [lmroman10-regular]:+tlig;!
Missing character: There is no 각 (U+AC01) in font [lmroman10-regular]:+tlig;!
Missing character: There is no 각 (U+AC01) in font [lmroman10-regular]:+tlig;!
Missing character: There is no 각 (U+AC01) in font [lmroman10-regular]:+tlig;!
Missing character: There is no 각 (U+AC01) in font [lmroman10-regular]:+tlig;!
Missing character: There is no 각 (U+AC01) in font [lmroman10-regular]:+tlig;!
Missing character: There is no 각 (U+AC01) in font [lmroman10-regular]:+tlig;!
Missing character: There is no 각 (U+AC01) in font [lmroman10-regular]:+tlig;!
Missing character: There is no 각 (U+AC01) in font [lmroman10-regular]:+tlig;!
Missing character: There is no 각 (U+AC01) in font [lmroman10-regular]:+tlig;!
Missing character: There is no 각 (U+AC01) in font [lmroman10-regular]:+tlig;!
Missing character: There is no 각 (U+AC01) in font [lmroman10-regular]:+tlig;!
Missing character: There is no 각 (U+AC01) in font [lmroman10-regular]:+tlig;!
Missing character: There is no 각 (U+AC01) in font [lmroman10-regular]:+tlig;!
Missing character: There is no 각 (U+AC01) in font [lmroman10-regular]:+tlig;!
Missing character: There is no 을 (U+C744) in font [lmroman10-regular]:+tlig;!
Missing character: There is no 독 (U+B3C5) in font [lmroman10-regular]:+tlig;!
Missing character: There is no 립 (U+B9BD) in font [lmroman10-regular]:+tlig;!
Missing character: There is no 적 (U+C801) in font [lmroman10-regular]:+tlig;!
Missing character: There is no 으 (U+C73C) in font [lmroman10-regular]:+tlig;!
Missing character: There is no 로 (U+B85C) in font [lmroman10-regular]:+tlig;!
Missing character: There is no 해 (U+D574) in font [lmroman10-regular]:+tlig;!
Missing character: There is no 결 (U+ACB0) in font [lmroman10-regular]:+tlig;!
Missing character: There is no 한 (U+D55C) in font [lmroman10-regular]:+tlig;!
Missing character: There is no 다 (U+B2E4) in font [lmroman10-regular]:+tlig;!
Missing character: There is no 각 (U+AC01) in font [lmroman10-regular]:+tlig;!
Missing character: There is no 각 (U+AC01) in font [lmroman10-regular]:+tlig;!
Missing character: There is no 을 (U+C744) in font [lmroman10-regular]:+tlig;!
Missing character: There is no 독 (U+B3C5) in font [lmroman10-regular]:+tlig;!
Missing character: There is no 립 (U+B9BD) in font [lmroman10-regular]:+tlig;!
Missing character: There is no 적 (U+C801) in font [lmroman10-regular]:+tlig;!
Missing character: There is no 으 (U+C73C) in font [lmroman10-regular]:+tlig;!
Missing character: There is no 로 (U+B85C) in font [lmroman10-regular]:+tlig;!
Missing character: There is no 해 (U+D574) in font [lmroman10-regular]:+tlig;!
Missing character: There is no 결 (U+ACB0) in font [lmroman10-regular]:+tlig;!
Missing character: There is no 한 (U+D55C) in font [lmroman10-regular]:+tlig;!
Missing character: There is no 다 (U+B2E4) in font [lmroman10-regular]:+tlig;!
Missing character: There is no 마 (U+B9C8) in font [lmroman10-regular]:+tlig;!
Missing character: There is no 지 (U+C9C0) in font [lmroman10-regular]:+tlig;!
Missing character: There is no 마 (U+B9C8) in font [lmroman10-regular]:+tlig;!
Missing character: There is no 지 (U+C9C0) in font [lmroman10-regular]:+tlig;!
Missing character: There is no 마 (U+B9C8) in font [lmroman10-regular]:+tlig;!
Missing character: There is no 지 (U+C9C0) in font [lmroman10-regular]:+tlig;!
Missing character: There is no 마 (U+B9C8) in font [lmroman10-regular]:+tlig;!
Missing character: There is no 지 (U+C9C0) in font [lmroman10-regular]:+tlig;!
Missing character: There is no 마 (U+B9C8) in font [lmroman10-regular]:+tlig;!
Missing character: There is no 지 (U+C9C0) in font [lmroman10-regular]:+tlig;!
Missing character: There is no 마 (U+B9C8) in font [lmroman10-regular]:+tlig;!
Missing character: There is no 지 (U+C9C0) in font [lmroman10-regular]:+tlig;!
Missing character: There is no 마 (U+B9C8) in font [lmroman10-regular]:+tlig;!
Missing character: There is no 지 (U+C9C0) in font [lmroman10-regular]:+tlig;!
Missing character: There is no 마 (U+B9C8) in font [lmroman10-regular]:+tlig;!
Missing character: There is no 지 (U+C9C0) in font [lmroman10-regular]:+tlig;!
Missing character: There is no 막 (U+B9C9) in font [lmroman10-regular]:+tlig;!
Missing character: There is no 에 (U+C5D0) in font [lmroman10-regular]:+tlig;!
Missing character: There is no 그 (U+ADF8) in font [lmroman10-regular]:+tlig;!
Missing character: There is no 해 (U+D574) in font [lmroman10-regular]:+tlig;!
Missing character: There is no 들 (U+B4E4) in font [lmroman10-regular]:+tlig;!
Missing character: There is no 을 (U+C744) in font [lmroman10-regular]:+tlig;!
Missing character: There is no 합 (U+D569) in font [lmroman10-regular]:+tlig;!
Missing character: There is no 친 (U+CE5C) in font [lmroman10-regular]:+tlig;!
Missing character: There is no 다 (U+B2E4) in font [lmroman10-regular]:+tlig;!
Missing character: There is no 마 (U+B9C8) in font [lmroman10-regular]:+tlig;!
Missing character: There is no 지 (U+C9C0) in font [lmroman10-regular]:+tlig;!
Missing character: There is no 막 (U+B9C9) in font [lmroman10-regular]:+tlig;!
Missing character: There is no 에 (U+C5D0) in font [lmroman10-regular]:+tlig;!
Missing character: There is no 그 (U+ADF8) in font [lmroman10-regular]:+tlig;!
Missing character: There is no 해 (U+D574) in font [lmroman10-regular]:+tlig;!
Missing character: There is no 들 (U+B4E4) in font [lmroman10-regular]:+tlig;!
Missing character: There is no 을 (U+C744) in font [lmroman10-regular]:+tlig;!
Missing character: There is no 합 (U+D569) in font [lmroman10-regular]:+tlig;!
Missing character: There is no 친 (U+CE5C) in font [lmroman10-regular]:+tlig;!
Missing character: There is no 다 (U+B2E4) in font [lmroman10-regular]:+tlig;!
Missing character: There is no 예 (U+C608) in font [lmroman10-regular]:+tlig;!
Missing character: There is no 예 (U+C608) in font [lmroman10-regular]:+tlig;!
Missing character: There is no 예 (U+C608) in font [lmroman10-regular]:+tlig;!
Missing character: There is no 예 (U+C608) in font [lmroman10-regular]:+tlig;!
Missing character: There is no 예 (U+C608) in font [lmroman10-regular]:+tlig;!
Missing character: There is no 예 (U+C608) in font [lmroman10-regular]:+tlig;!
Missing character: There is no 예 (U+C608) in font [lmroman10-regular]:+tlig;!
Missing character: There is no 예 (U+C608) in font [lmroman10-regular]:+tlig;!
Missing character: There is no 예 (U+C608) in font [lmroman10-regular]:+tlig;!
Missing character: There is no 즉 (U+C989) in font [lmroman10-regular]:+tlig;!
Missing character: There is no 는 (U+B294) in font [lmroman10-regular]:+tlig;!
Missing character: There is no 문 (U+BB38) in font [lmroman10-regular]:+tlig;!
Missing character: There is no 제 (U+C81C) in font [lmroman10-regular]:+tlig;!
Missing character: There is no 를 (U+B97C) in font [lmroman10-regular]:+tlig;!
Missing character: There is no 분 (U+BD84) in font [lmroman10-regular]:+tlig;!
Missing character: There is no 할 (U+D560) in font [lmroman10-regular]:+tlig;!
Missing character: There is no 해 (U+D574) in font [lmroman10-regular]:+tlig;!
Missing character: There is no 서 (U+C11C) in font [lmroman10-regular]:+tlig;!
Missing character: There is no 푸 (U+D478) in font [lmroman10-regular]:+tlig;!
Missing character: There is no 는 (U+B294) in font [lmroman10-regular]:+tlig;!
Missing character: There is no 것 (U+AC83) in font [lmroman10-regular]:+tlig;!
Missing character: There is no 이 (U+C774) in font [lmroman10-regular]:+tlig;!
Missing character: There is no 아 (U+C544) in font [lmroman10-regular]:+tlig;!
Missing character: There is no 니 (U+B2C8) in font [lmroman10-regular]:+tlig;!
Missing character: There is no 라 (U+B77C) in font [lmroman10-regular]:+tlig;!
Missing character: There is no 부 (U+BD80) in font [lmroman10-bold]:+tlig;!
Missing character: There is no 분 (U+BD84) in font [lmroman10-bold]:+tlig;!
Missing character: There is no 정 (U+C815) in font [lmroman10-bold]:+tlig;!
Missing character: There is no 답 (U+B2F5) in font [lmroman10-bold]:+tlig;!
Missing character: There is no 을 (U+C744) in font [lmroman10-bold]:+tlig;!
Missing character: There is no 유 (U+C720) in font [lmroman10-bold]:+tlig;!
Missing character: There is no 지 (U+C9C0) in font [lmroman10-bold]:+tlig;!
Missing character: There is no 하 (U+D558) in font [lmroman10-bold]:+tlig;!
Missing character: There is no 면 (U+BA74) in font [lmroman10-bold]:+tlig;!
Missing character: There is no 서 (U+C11C) in font [lmroman10-bold]:+tlig;!
Missing character: There is no 점 (U+C810) in font [lmroman10-bold]:+tlig;!
Missing character: There is no 차 (U+CC28) in font [lmroman10-bold]:+tlig;!
Missing character: There is no 크 (U+D06C) in font [lmroman10-bold]:+tlig;!
Missing character: There is no 게 (U+AC8C) in font [lmroman10-bold]:+tlig;!
Missing character: There is no 만 (U+B9CC) in font [lmroman10-bold]:+tlig;!
Missing character: There is no 들 (U+B4E4) in font [lmroman10-bold]:+tlig;!
Missing character: There is no 어 (U+C5B4) in font [lmroman10-bold]:+tlig;!
Missing character: There is no 가 (U+AC00) in font [lmroman10-bold]:+tlig;!
Missing character: There is no 는 (U+B294) in font [lmroman10-bold]:+tlig;!
Missing character: There is no 방 (U+BC29) in font [lmroman10-bold]:+tlig;!
Missing character: There is no 식 (U+C2DD) in font [lmroman10-bold]:+tlig;!
Missing character: There is no 이 (U+C774) in font [lmroman10-regular]:+tlig;!
Missing character: There is no 다 (U+B2E4) in font [lmroman10-regular]:+tlig;!
Missing character: There is no 즉 (U+C989) in font [lmroman10-regular]:+tlig;!
Missing character: There is no 는 (U+B294) in font [lmroman10-regular]:+tlig;!
Missing character: There is no 문 (U+BB38) in font [lmroman10-regular]:+tlig;!
Missing character: There is no 제 (U+C81C) in font [lmroman10-regular]:+tlig;!
Missing character: There is no 를 (U+B97C) in font [lmroman10-regular]:+tlig;!
Missing character: There is no 분 (U+BD84) in font [lmroman10-regular]:+tlig;!
Missing character: There is no 할 (U+D560) in font [lmroman10-regular]:+tlig;!
Missing character: There is no 해 (U+D574) in font [lmroman10-regular]:+tlig;!
Missing character: There is no 서 (U+C11C) in font [lmroman10-regular]:+tlig;!
Missing character: There is no 푸 (U+D478) in font [lmroman10-regular]:+tlig;!
Missing character: There is no 는 (U+B294) in font [lmroman10-regular]:+tlig;!
Missing character: There is no 것 (U+AC83) in font [lmroman10-regular]:+tlig;!
Missing character: There is no 이 (U+C774) in font [lmroman10-regular]:+tlig;!
Missing character: There is no 아 (U+C544) in font [lmroman10-regular]:+tlig;!
Missing character: There is no 니 (U+B2C8) in font [lmroman10-regular]:+tlig;!
Missing character: There is no 라 (U+B77C) in font [lmroman10-regular]:+tlig;!
Missing character: There is no 부 (U+BD80) in font [lmroman10-bold]:+tlig;!
Missing character: There is no 분 (U+BD84) in font [lmroman10-bold]:+tlig;!
Missing character: There is no 정 (U+C815) in font [lmroman10-bold]:+tlig;!
Missing character: There is no 답 (U+B2F5) in font [lmroman10-bold]:+tlig;!
Missing character: There is no 을 (U+C744) in font [lmroman10-bold]:+tlig;!
Missing character: There is no 유 (U+C720) in font [lmroman10-bold]:+tlig;!
Missing character: There is no 지 (U+C9C0) in font [lmroman10-bold]:+tlig;!
Missing character: There is no 하 (U+D558) in font [lmroman10-bold]:+tlig;!
Missing character: There is no 면 (U+BA74) in font [lmroman10-bold]:+tlig;!
Missing character: There is no 서 (U+C11C) in font [lmroman10-bold]:+tlig;!
Missing character: There is no 점 (U+C810) in font [lmroman10-bold]:+tlig;!
Missing character: There is no 차 (U+CC28) in font [lmroman10-bold]:+tlig;!
Missing character: There is no 크 (U+D06C) in font [lmroman10-bold]:+tlig;!
Missing character: There is no 게 (U+AC8C) in font [lmroman10-bold]:+tlig;!
Missing character: There is no 만 (U+B9CC) in font [lmroman10-bold]:+tlig;!
Missing character: There is no 들 (U+B4E4) in font [lmroman10-bold]:+tlig;!
Missing character: There is no 어 (U+C5B4) in font [lmroman10-bold]:+tlig;!
Missing character: There is no 가 (U+AC00) in font [lmroman10-bold]:+tlig;!
Missing character: There is no 는 (U+B294) in font [lmroman10-bold]:+tlig;!
Missing character: There is no 방 (U+BC29) in font [lmroman10-bold]:+tlig;!
Missing character: There is no 식 (U+C2DD) in font [lmroman10-bold]:+tlig;!
Missing character: There is no 이 (U+C774) in font [lmroman10-regular]:+tlig;!
Missing character: There is no 다 (U+B2E4) in font [lmroman10-regular]:+tlig;!
Missing character: There is no 이 (U+C774) in font [lmroman10-regular]:+tlig;!
Missing character: There is no 차 (U+CC28) in font [lmroman10-regular]:+tlig;!
Missing character: There is no 이 (U+C774) in font [lmroman10-regular]:+tlig;!
Missing character: There is no 를 (U+B97C) in font [lmroman10-regular]:+tlig;!
Missing character: There is no 이 (U+C774) in font [lmroman10-regular]:+tlig;!
Missing character: There is no 해 (U+D574) in font [lmroman10-regular]:+tlig;!
Missing character: There is no 하 (U+D558) in font [lmroman10-regular]:+tlig;!
Missing character: There is no 면 (U+BA74) in font [lmroman10-regular]:+tlig;!
Missing character: There is no 왜 (U+C65C) in font [lmroman10-regular]:+tlig;!
Missing character: There is no 를 (U+B97C) in font [lmroman10-regular]:+tlig;!
Missing character: There is no 이 (U+C774) in font [lmroman10-regular]:+tlig;!
Missing character: There is no 라 (U+B77C) in font [lmroman10-regular]:+tlig;!
Missing character: There is no 고 (U+ACE0) in font [lmroman10-regular]:+tlig;!
Missing character: There is no 부 (U+BD80) in font [lmroman10-regular]:+tlig;!
Missing character: There is no 르 (U+B974) in font [lmroman10-regular]:+tlig;!
Missing character: There is no 는 (U+B294) in font [lmroman10-regular]:+tlig;!
Missing character: There is no 지 (U+C9C0) in font [lmroman10-regular]:+tlig;!
Missing character: There is no 더 (U+B354) in font [lmroman10-regular]:+tlig;!
Missing character: There is no 선 (U+C120) in font [lmroman10-regular]:+tlig;!
Missing character: There is no 명 (U+BA85) in font [lmroman10-regular]:+tlig;!
Missing character: There is no 하 (U+D558) in font [lmroman10-regular]:+tlig;!
Missing character: There is no 게 (U+AC8C) in font [lmroman10-regular]:+tlig;!
Missing character: There is no 보 (U+BCF4) in font [lmroman10-regular]:+tlig;!
Missing character: There is no 인 (U+C778) in font [lmroman10-regular]:+tlig;!
Missing character: There is no 다 (U+B2E4) in font [lmroman10-regular]:+tlig;!
Missing character: There is no 이 (U+C774) in font [lmroman10-regular]:+tlig;!
Missing character: There is no 차 (U+CC28) in font [lmroman10-regular]:+tlig;!
Missing character: There is no 이 (U+C774) in font [lmroman10-regular]:+tlig;!
Missing character: There is no 를 (U+B97C) in font [lmroman10-regular]:+tlig;!
Missing character: There is no 이 (U+C774) in font [lmroman10-regular]:+tlig;!
Missing character: There is no 해 (U+D574) in font [lmroman10-regular]:+tlig;!
Missing character: There is no 하 (U+D558) in font [lmroman10-regular]:+tlig;!
Missing character: There is no 면 (U+BA74) in font [lmroman10-regular]:+tlig;!
Missing character: There is no 왜 (U+C65C) in font [lmroman10-regular]:+tlig;!
Missing character: There is no 를 (U+B97C) in font [lmroman10-regular]:+tlig;!
Missing character: There is no 이 (U+C774) in font [lmroman10-regular]:+tlig;!
Missing character: There is no 라 (U+B77C) in font [lmroman10-regular]:+tlig;!
Missing character: There is no 고 (U+ACE0) in font [lmroman10-regular]:+tlig;!
Missing character: There is no 부 (U+BD80) in font [lmroman10-regular]:+tlig;!
Missing character: There is no 르 (U+B974) in font [lmroman10-regular]:+tlig;!
Missing character: There is no 는 (U+B294) in font [lmroman10-regular]:+tlig;!
Missing character: There is no 지 (U+C9C0) in font [lmroman10-regular]:+tlig;!
Missing character: There is no 더 (U+B354) in font [lmroman10-regular]:+tlig;!
Missing character: There is no 선 (U+C120) in font [lmroman10-regular]:+tlig;!
Missing character: There is no 명 (U+BA85) in font [lmroman10-regular]:+tlig;!
Missing character: There is no 하 (U+D558) in font [lmroman10-regular]:+tlig;!
Missing character: There is no 게 (U+AC8C) in font [lmroman10-regular]:+tlig;!
Missing character: There is no 보 (U+BCF4) in font [lmroman10-regular]:+tlig;!
Missing character: There is no 인 (U+C778) in font [lmroman10-regular]:+tlig;!
Missing character: There is no 다 (U+B2E4) in font [lmroman10-regular]:+tlig;!
Missing character: There is no 아 (U+C544) in font [lmroman10-regular]:+tlig;!
Missing character: There is no 래 (U+B798) in font [lmroman10-regular]:+tlig;!
Missing character: There is no 는 (U+B294) in font [lmroman10-regular]:+tlig;!
Missing character: There is no 의 (U+C758) in font [lmroman10-regular]:+tlig;!
Missing character: There is no 이 (U+C774) in font [lmroman10-regular]:+tlig;!
Missing character: There is no 다 (U+B2E4) in font [lmroman10-regular]:+tlig;!
Missing character: There is no 아 (U+C544) in font [lmroman10-regular]:+tlig;!
Missing character: There is no 래 (U+B798) in font [lmroman10-regular]:+tlig;!
Missing character: There is no 는 (U+B294) in font [lmroman10-regular]:+tlig;!
Missing character: There is no 의 (U+C758) in font [lmroman10-regular]:+tlig;!
Missing character: There is no 이 (U+C774) in font [lmroman10-regular]:+tlig;!
Missing character: There is no 다 (U+B2E4) in font [lmroman10-regular]:+tlig;!
[4
Missing character: There is no 과 (U+ACFC) in font [lmroman10-regular]:+tlig;!
Missing character: There is no 같 (U+AC19) in font [lmroman10-regular]:+tlig;!
Missing character: There is no 은 (U+C740) in font [lmroman10-regular]:+tlig;!
Missing character: There is no 경 (U+ACBD) in font [lmroman10-regular]:+tlig;!
Missing character: There is no 우 (U+C6B0) in font [lmroman10-regular]:+tlig;!
Missing character: There is no 각 (U+AC01) in font [lmroman10-regular]:+tlig;!
Missing character: There is no 단 (U+B2E8) in font [lmroman10-regular]:+tlig;!
Missing character: There is no 계 (U+ACC4) in font [lmroman10-regular]:+tlig;!
Missing character: There is no 에 (U+C5D0) in font [lmroman10-regular]:+tlig;!
Missing character: There is no 서 (U+C11C) in font [lmroman10-regular]:+tlig;!
Missing character: There is no 새 (U+C0C8) in font [lmroman10-regular]:+tlig;!
Missing character: There is no 원 (U+C6D0) in font [lmroman10-regular]:+tlig;!
Missing character: There is no 소 (U+C18C) in font [lmroman10-regular]:+tlig;!
Missing character: There is no 는 (U+B294) in font [lmroman10-regular]:+tlig;!
Missing character: There is no 가 (U+AC00) in font [lmroman10-regular]:+tlig;!
Missing character: There is no 장 (U+C7A5) in font [lmroman10-regular]:+tlig;!
Missing character: There is no 앞 (U+C55E) in font [lmroman10-regular]:+tlig;!
Missing character: There is no 쪽 (U+CABD) in font [lmroman10-regular]:+tlig;!
Missing character: There is no 으 (U+C73C) in font [lmroman10-regular]:+tlig;!
Missing character: There is no 로 (U+B85C) in font [lmroman10-regular]:+tlig;!
Missing character: There is no 들 (U+B4E4) in font [lmroman10-regular]:+tlig;!
Missing character: There is no 어 (U+C5B4) in font [lmroman10-regular]:+tlig;!
Missing character: There is no 가 (U+AC00) in font [lmroman10-regular]:+tlig;!
Missing character: There is no 야 (U+C57C) in font [lmroman10-regular]:+tlig;!
Missing character: There is no 한 (U+D55C) in font [lmroman10-regular]:+tlig;!
Missing character: There is no 다 (U+B2E4) in font [lmroman10-regular]:+tlig;!
Missing character: There is no 따 (U+B530) in font [lmroman10-regular]:+tlig;!
Missing character: There is no 라 (U+B77C) in font [lmroman10-regular]:+tlig;!
Missing character: There is no 서 (U+C11C) in font [lmroman10-regular]:+tlig;!
Missing character: There is no 이 (U+C774) in font [lmroman10-regular]:+tlig;!
Missing character: There is no 전 (U+C804) in font [lmroman10-regular]:+tlig;!
Missing character: There is no 원 (U+C6D0) in font [lmroman10-regular]:+tlig;!
Missing character: There is no 소 (U+C18C) in font [lmroman10-regular]:+tlig;!
Missing character: There is no 들 (U+B4E4) in font [lmroman10-regular]:+tlig;!
Missing character: There is no 을 (U+C744) in font [lmroman10-regular]:+tlig;!
Missing character: There is no 전 (U+C804) in font [lmroman10-regular]:+tlig;!
Missing character: There is no 부 (U+BD80) in font [lmroman10-regular]:+tlig;!
Missing character: There is no 오 (U+C624) in font [lmroman10-regular]:+tlig;!
Missing character: There is no 른 (U+B978) in font [lmroman10-regular]:+tlig;!
Missing character: There is no 쪽 (U+CABD) in font [lmroman10-regular]:+tlig;!
Missing character: There is no 으 (U+C73C) in font [lmroman10-regular]:+tlig;!
Missing character: There is no 로 (U+B85C) in font [lmroman10-regular]:+tlig;!
Missing character: There is no 밀 (U+BC00) in font [lmroman10-regular]:+tlig;!
Missing character: There is no 어 (U+C5B4) in font [lmroman10-regular]:+tlig;!
Missing character: There is no 야 (U+C57C) in font [lmroman10-regular]:+tlig;!
Missing character: There is no 한 (U+D55C) in font [lmroman10-regular]:+tlig;!
Missing character: There is no 다 (U+B2E4) in font [lmroman10-regular]:+tlig;!
Missing character: There is no 이 (U+C774) in font [lmroman10-regular]:+tlig;!
Missing character: There is no 때 (U+B54C) in font [lmroman10-regular]:+tlig;!
Missing character: There is no 비 (U+BE44) in font [lmroman10-regular]:+tlig;!
Missing character: There is no 교 (U+AD50) in font [lmroman10-regular]:+tlig;!
Missing character: There is no 및 (U+BC0F) in font [lmroman10-regular]:+tlig;!
Missing character: There is no 이 (U+C774) in font [lmroman10-regular]:+tlig;!
Missing character: There is no 동 (U+B3D9) in font [lmroman10-regular]:+tlig;!
Missing character: There is no 횟 (U+D69F) in font [lmroman10-regular]:+tlig;!
Missing character: There is no 수 (U+C218) in font [lmroman10-regular]:+tlig;!
Missing character: There is no 는 (U+B294) in font [lmroman10-regular]:+tlig;!
Missing character: There is no 대 (U+B300) in font [lmroman10-regular]:+tlig;!
Missing character: There is no 략 (U+B7B5) in font [lmroman10-regular]:+tlig;!
Missing character: There is no 이 (U+C774) in font [lmroman10-regular]:+tlig;!
Missing character: There is no 되 (U+B418) in font [lmroman10-regular]:+tlig;!
Missing character: There is no 며 (U+BA70) in font [lmroman10-regular]:+tlig;!
Missing character: There is no 이 (U+C774) in font [lmroman10-regular]:+tlig;!
Missing character: There is no 는 (U+B294) in font [lmroman10-regular]:+tlig;!
Missing character: There is no 에 (U+C5D0) in font [lmroman10-regular]:+tlig;!
Missing character: There is no 해 (U+D574) in font [lmroman10-regular]:+tlig;!
Missing character: There is no 당 (U+B2F9) in font [lmroman10-regular]:+tlig;!
Missing character: There is no 한 (U+D55C) in font [lmroman10-regular]:+tlig;!
Missing character: There is no 다 (U+B2E4) in font [lmroman10-regular]:+tlig;!
Missing character: There is no 직 (U+C9C1) in font [lmroman12-bold]:+tlig;!
Missing character: There is no 관 (U+AD00) in font [lmroman12-bold]:+tlig;!
Missing character: There is no 적 (U+C801) in font [lmroman12-bold]:+tlig;!
Missing character: There is no 해 (U+D574) in font [lmroman12-bold]:+tlig;!
Missing character: There is no 석 (U+C11D) in font [lmroman12-bold]:+tlig;!
Missing character: There is no 는 (U+B294) in font [lmroman10-regular]:+tlig;!
Missing character: There is no 각 (U+AC01) in font [lmroman10-regular]:+tlig;!
Missing character: There is no 단 (U+B2E8) in font [lmroman10-regular]:+tlig;!
Missing character: There is no 계 (U+ACC4) in font [lmroman10-regular]:+tlig;!
Missing character: There is no 에 (U+C5D0) in font [lmroman10-regular]:+tlig;!
Missing character: There is no 서 (U+C11C) in font [lmroman10-regular]:+tlig;!
Missing character: There is no 정 (U+C815) in font [lmroman10-regular]:+tlig;!
Missing character: There is no 렬 (U+B82C) in font [lmroman10-regular]:+tlig;!
Missing character: There is no 된 (U+B41C) in font [lmroman10-regular]:+tlig;!
Missing character: There is no 구 (U+AD6C) in font [lmroman10-regular]:+tlig;!
Missing character: There is no 간 (U+AC04) in font [lmroman10-regular]:+tlig;!
Missing character: There is no 안 (U+C548) in font [lmroman10-regular]:+tlig;!
Missing character: There is no 에 (U+C5D0) in font [lmroman10-regular]:+tlig;!
Missing character: There is no 새 (U+C0C8) in font [lmroman10-regular]:+tlig;!
Missing character: There is no 원 (U+C6D0) in font [lmroman10-regular]:+tlig;!
Missing character: There is no 소 (U+C18C) in font [lmroman10-regular]:+tlig;!
Missing character: There is no 를 (U+B97C) in font [lmroman10-regular]:+tlig;!
Missing character: There is no 삽 (U+C0BD) in font [lmroman10-regular]:+tlig;!
Missing character: There is no 입 (U+C785) in font [lmroman10-regular]:+tlig;!
Missing character: There is no 한 (U+D55C) in font [lmroman10-regular]:+tlig;!
Missing character: There is no 다 (U+B2E4) in font [lmroman10-regular]:+tlig;!
Missing character: There is no 그 (U+ADF8) in font [lmroman10-regular]:+tlig;!
Missing character: There is no 런 (U+B7F0) in font [lmroman10-regular]:+tlig;!
Missing character: There is no 데 (U+B370) in font [lmroman10-regular]:+tlig;!
Missing character: There is no 삽 (U+C0BD) in font [lmroman10-regular]:+tlig;!
Missing character: There is no 입 (U+C785) in font [lmroman10-regular]:+tlig;!
Missing character: There is no 위 (U+C704) in font [lmroman10-regular]:+tlig;!
Missing character: There is no 치 (U+CE58) in font [lmroman10-regular]:+tlig;!
Missing character: There is no 를 (U+B97C) in font [lmroman10-regular]:+tlig;!
Missing character: There is no 찾 (U+CC3E) in font [lmroman10-regular]:+tlig;!
Missing character: There is no 기 (U+AE30) in font [lmroman10-regular]:+tlig;!
Missing character: There is no 위 (U+C704) in font [lmroman10-regular]:+tlig;!
Missing character: There is no 해 (U+D574) in font [lmroman10-regular]:+tlig;!
Missing character: There is no 최 (U+CD5C) in font [lmroman10-regular]:+tlig;!
Missing character: There is no 악 (U+C545) in font [lmroman10-regular]:+tlig;!
Missing character: There is no 의 (U+C758) in font [lmroman10-regular]:+tlig;!
Missing character: There is no 경 (U+ACBD) in font [lmroman10-regular]:+tlig;!
Missing character: There is no 우 (U+C6B0) in font [lmroman10-regular]:+tlig;!
Missing character: There is no 정 (U+C815) in font [lmroman10-regular]:+tlig;!
Missing character: There is no 렬 (U+B82C) in font [lmroman10-regular]:+tlig;!
Missing character: There is no 된 (U+B41C) in font [lmroman10-regular]:+tlig;!
Missing character: There is no 구 (U+AD6C) in font [lmroman10-regular]:+tlig;!
Missing character: There is no 간 (U+AC04) in font [lmroman10-regular]:+tlig;!
Missing character: There is no 전 (U+C804) in font [lmroman10-regular]:+tlig;!
Missing character: There is no 체 (U+CCB4) in font [lmroman10-regular]:+tlig;!
Missing character: There is no 를 (U+B97C) in font [lmroman10-regular]:+tlig;!
Missing character: There is no 왼 (U+C67C) in font [lmroman10-regular]:+tlig;!
Missing character: There is no 쪽 (U+CABD) in font [lmroman10-regular]:+tlig;!
Missing character: There is no 끝 (U+B05D) in font [lmroman10-regular]:+tlig;!
Missing character: There is no 까 (U+AE4C) in font [lmroman10-regular]:+tlig;!
Missing character: There is no 지 (U+C9C0) in font [lmroman10-regular]:+tlig;!
Missing character: There is no 확 (U+D655) in font [lmroman10-regular]:+tlig;!
Missing character: There is no 인 (U+C778) in font [lmroman10-regular]:+tlig;!
Missing character: There is no 해 (U+D574) in font [lmroman10-regular]:+tlig;!
Missing character: There is no 야 (U+C57C) in font [lmroman10-regular]:+tlig;!
Missing character: There is no 한 (U+D55C) in font [lmroman10-regular]:+tlig;!
Missing character: There is no 다 (U+B2E4) in font [lmroman10-regular]:+tlig;!
Missing character: There is no 즉 (U+C989) in font [lmroman10-regular]:+tlig;!
Missing character: There is no 첫 (U+CCAB) in font [lmroman10-regular]:+tlig;!
Missing character: There is no 번 (U+BC88) in font [lmroman10-regular]:+tlig;!
Missing character: There is no 째 (U+C9F8) in font [lmroman10-regular]:+tlig;!
Missing character: There is no 삽 (U+C0BD) in font [lmroman10-regular]:+tlig;!
Missing character: There is no 입 (U+C785) in font [lmroman10-regular]:+tlig;!
Missing character: There is no 은 (U+C740) in font [lmroman10-regular]:+tlig;!
Missing character: There is no 최 (U+CD5C) in font [lmroman10-regular]:+tlig;!
Missing character: There is no 대 (U+B300) in font [lmroman10-regular]:+tlig;!
Missing character: There is no 번 (U+BC88) in font [lmroman10-regular]:+tlig;!
Missing character: There is no 비 (U+BE44) in font [lmroman10-regular]:+tlig;!
Missing character: There is no 교 (U+AD50) in font [lmroman10-regular]:+tlig;!
Missing character: There is no 두 (U+B450) in font [lmroman10-regular]:+tlig;!
Missing character: There is no 번 (U+BC88) in font [lmroman10-regular]:+tlig;!
Missing character: There is no 째 (U+C9F8) in font [lmroman10-regular]:+tlig;!
Missing character: There is no 삽 (U+C0BD) in font [lmroman10-regular]:+tlig;!
Missing character: There is no 입 (U+C785) in font [lmroman10-regular]:+tlig;!
Missing character: There is no 은 (U+C740) in font [lmroman10-regular]:+tlig;!
Missing character: There is no 최 (U+CD5C) in font [lmroman10-regular]:+tlig;!
Missing character: There is no 대 (U+B300) in font [lmroman10-regular]:+tlig;!
Missing character: There is no 번 (U+BC88) in font [lmroman10-regular]:+tlig;!
Missing character: There is no 비 (U+BE44) in font [lmroman10-regular]:+tlig;!
Missing character: There is no 교 (U+AD50) in font [lmroman10-regular]:+tlig;!
Missing character: There is no 세 (U+C138) in font [lmroman10-regular]:+tlig;!
Missing character: There is no 번 (U+BC88) in font [lmroman10-regular]:+tlig;!
Missing character: There is no 째 (U+C9F8) in font [lmroman10-regular]:+tlig;!
Missing character: There is no 삽 (U+C0BD) in font [lmroman10-regular]:+tlig;!
Missing character: There is no 입 (U+C785) in font [lmroman10-regular]:+tlig;!
Missing character: There is no 은 (U+C740) in font [lmroman10-regular]:+tlig;!
Missing character: There is no 최 (U+CD5C) in font [lmroman10-regular]:+tlig;!
Missing character: There is no 대 (U+B300) in font [lmroman10-regular]:+tlig;!
Missing character: There is no 번 (U+BC88) in font [lmroman10-regular]:+tlig;!
Missing character: There is no 비 (U+BE44) in font [lmroman10-regular]:+tlig;!
Missing character: There is no 교 (U+AD50) in font [lmroman10-regular]:+tlig;!
Missing character: There is no 번 (U+BC88) in font [lmroman10-regular]:+tlig;!
Missing character: There is no 째 (U+C9F8) in font [lmroman10-regular]:+tlig;!
Missing character: There is no 삽 (U+C0BD) in font [lmroman10-regular]:+tlig;!
Missing character: There is no 입 (U+C785) in font [lmroman10-regular]:+tlig;!
Missing character: There is no 은 (U+C740) in font [lmroman10-regular]:+tlig;!
Missing character: There is no 최 (U+CD5C) in font [lmroman10-regular]:+tlig;!
Missing character: There is no 대 (U+B300) in font [lmroman10-regular]:+tlig;!
Missing character: There is no 번 (U+BC88) in font [lmroman10-regular]:+tlig;!
Missing character: There is no 비 (U+BE44) in font [lmroman10-regular]:+tlig;!
Missing character: There is no 교 (U+AD50) in font [lmroman10-regular]:+tlig;!
Missing character: There is no 처 (U+CC98) in font [lmroman10-regular]:+tlig;!
Missing character: There is no 럼 (U+B7FC) in font [lmroman10-regular]:+tlig;!
Missing character: There is no 진 (U+C9C4) in font [lmroman10-regular]:+tlig;!
Missing character: There is no 행 (U+D589) in font [lmroman10-regular]:+tlig;!
Missing character: There is no 되 (U+B418) in font [lmroman10-regular]:+tlig;!
Missing character: There is no 므 (U+BBC0) in font [lmroman10-regular]:+tlig;!
Missing character: There is no 로 (U+B85C) in font [lmroman10-regular]:+tlig;!
Missing character: There is no 전 (U+C804) in font [lmroman10-regular]:+tlig;!
Missing character: There is no 체 (U+CCB4) in font [lmroman10-regular]:+tlig;!
Missing character: There is no 비 (U+BE44) in font [lmroman10-regular]:+tlig;!
Missing character: There is no 용 (U+C6A9) in font [lmroman10-regular]:+tlig;!
Missing character: There is no 이 (U+C774) in font [lmroman10-regular]:+tlig;!
Missing character: There is no 이 (U+C774) in font [lmroman10-regular]:+tlig;!
Missing character: There is no 차 (U+CC28) in font [lmroman10-regular]:+tlig;!
Missing character: There is no 적 (U+C801) in font [lmroman10-regular]:+tlig;!
Missing character: There is no 으 (U+C73C) in font [lmroman10-regular]:+tlig;!
Missing character: There is no 로 (U+B85C) in font [lmroman10-regular]:+tlig;!
Missing character: There is no 커 (U+CEE4) in font [lmroman10-regular]:+tlig;!
Missing character: There is no 질 (U+C9C8) in font [lmroman10-regular]:+tlig;!
Missing character: There is no 수 (U+C218) in font [lmroman10-regular]:+tlig;!
Missing character: There is no 있 (U+C788) in font [lmroman10-regular]:+tlig;!
Missing character: There is no 다 (U+B2E4) in font [lmroman10-regular]:+tlig;!
Missing character: There is no 다 (U+B2E4) in font [lmroman12-bold]:+tlig;!
Missing character: There is no 른 (U+B978) in font [lmroman12-bold]:+tlig;!
Missing character: There is no 설 (U+C124) in font [lmroman12-bold]:+tlig;!
Missing character: There is no 계 (U+ACC4) in font [lmroman12-bold]:+tlig;!
Missing character: There is no 관 (U+AD00) in font [lmroman12-bold]:+tlig;!
Missing character: There is no 점 (U+C810) in font [lmroman12-bold]:+tlig;!
Missing character: There is no 과 (U+ACFC) in font [lmroman12-bold]:+tlig;!
Missing character: There is no 의 (U+C758) in font [lmroman12-bold]:+tlig;!
Missing character: There is no 비 (U+BE44) in font [lmroman12-bold]:+tlig;!
Missing character: There is no 교 (U+AD50) in font [lmroman12-bold]:+tlig;!
Missing character: There is no 의 (U+C758) in font [lmroman10-regular]:+tlig;!
Missing character: There is no 성 (U+C131) in font [lmroman10-regular]:+tlig;!
Missing character: There is no 격 (U+ACA9) in font [lmroman10-regular]:+tlig;!
Missing character: There is no 을 (U+C744) in font [lmroman10-regular]:+tlig;!
Missing character: There is no 더 (U+B354) in font [lmroman10-regular]:+tlig;!
Missing character: There is no 분 (U+BD84) in font [lmroman10-regular]:+tlig;!
Missing character: There is no 명 (U+BA85) in font [lmroman10-regular]:+tlig;!
Missing character: There is no 하 (U+D558) in font [lmroman10-regular]:+tlig;!
Missing character: There is no 게 (U+AC8C) in font [lmroman10-regular]:+tlig;!
Missing character: There is no 보 (U+BCF4) in font [lmroman10-regular]:+tlig;!
Missing character: There is no 기 (U+AE30) in font [lmroman10-regular]:+tlig;!
Missing character: There is no 위 (U+C704) in font [lmroman10-regular]:+tlig;!
Missing character: There is no 해 (U+D574) in font [lmroman10-regular]:+tlig;!
Missing character: There is no 다 (U+B2E4) in font [lmroman10-regular]:+tlig;!
Missing character: There is no 른 (U+B978) in font [lmroman10-regular]:+tlig;!
Missing character: There is no 알 (U+C54C) in font [lmroman10-regular]:+tlig;!
Missing character: There is no 고 (U+ACE0) in font [lmroman10-regular]:+tlig;!
Missing character: There is no 리 (U+B9AC) in font [lmroman10-regular]:+tlig;!
Missing character: There is no 즘 (U+C998) in font [lmroman10-regular]:+tlig;!
Missing character: There is no 설 (U+C124) in font [lmroman10-regular]:+tlig;!
Missing character: There is no 계 (U+ACC4) in font [lmroman10-regular]:+tlig;!
Missing character: There is no 방 (U+BC29) in font [lmroman10-regular]:+tlig;!
Missing character: There is no 식 (U+C2DD) in font [lmroman10-regular]:+tlig;!
Missing character: There is no 과 (U+ACFC) in font [lmroman10-regular]:+tlig;!
Missing character: There is no 비 (U+BE44) in font [lmroman10-regular]:+tlig;!
Missing character: There is no 교 (U+AD50) in font [lmroman10-regular]:+tlig;!
Missing character: There is no 해 (U+D574) in font [lmroman10-regular]:+tlig;!
Missing character: There is no 볼 (U+BCFC) in font [lmroman10-regular]:+tlig;!
Missing character: There is no 수 (U+C218) in font [lmroman10-regular]:+tlig;!
Missing character: There is no 있 (U+C788) in font [lmroman10-regular]:+tlig;!
Missing character: There is no 다 (U+B2E4) in font [lmroman10-regular]:+tlig;!
Missing character: There is no 이 (U+C774) in font [lmroman10-regular]:+tlig;!
Missing character: There is no 미 (U+BBF8) in font [lmroman10-regular]:+tlig;!
Missing character: There is no 구 (U+AD6C) in font [lmroman10-regular]:+tlig;!
Missing character: There is no 해 (U+D574) in font [lmroman10-regular]:+tlig;!
Missing character: There is no 놓 (U+B193) in font [lmroman10-regular]:+tlig;!
Missing character: There is no 은 (U+C740) in font [lmroman10-regular]:+tlig;!
Missing character: There is no 작 (U+C791) in font [lmroman10-regular]:+tlig;!
Missing character: There is no 은 (U+C740) in font [lmroman10-regular]:+tlig;!
Missing character: There is no 해 (U+D574) in font [lmroman10-regular]:+tlig;!
Missing character: There is no 를 (U+B97C) in font [lmroman10-regular]:+tlig;!
Missing character: There is no 바 (U+BC14) in font [lmroman10-regular]:+tlig;!
Missing character: There is no 탕 (U+D0D5) in font [lmroman10-regular]:+tlig;!
Missing character: There is no 으 (U+C73C) in font [lmroman10-regular]:+tlig;!
Missing character: There is no 로 (U+B85C) in font [lmroman10-regular]:+tlig;!
Missing character: There is no 다 (U+B2E4) in font [lmroman10-regular]:+tlig;!
Missing character: There is no 음 (U+C74C) in font [lmroman10-regular]:+tlig;!
Missing character: There is no 해 (U+D574) in font [lmroman10-regular]:+tlig;!
Missing character: There is no 를 (U+B97C) in font [lmroman10-regular]:+tlig;!
Missing character: There is no 확 (U+D655) in font [lmroman10-regular]:+tlig;!
Missing character: There is no 장 (U+C7A5) in font [lmroman10-regular]:+tlig;!
Missing character: There is no 한 (U+D55C) in font [lmroman10-regular]:+tlig;!
Missing character: There is no 다 (U+B2E4) in font [lmroman10-regular]:+tlig;!
Missing character: There is no 부 (U+BD80) in font [lmroman10-regular]:+tlig;!
Missing character: There is no 분 (U+BD84) in font [lmroman10-regular]:+tlig;!
Missing character: There is no 정 (U+C815) in font [lmroman10-regular]:+tlig;!
Missing character: There is no 답 (U+B2F5) in font [lmroman10-regular]:+tlig;!
Missing character: There is no 을 (U+C744) in font [lmroman10-regular]:+tlig;!
Missing character: There is no 계 (U+ACC4) in font [lmroman10-regular]:+tlig;!
Missing character: There is no 속 (U+C18D) in font [lmroman10-regular]:+tlig;!
Missing character: There is no 유 (U+C720) in font [lmroman10-regular]:+tlig;!
Missing character: There is no 지 (U+C9C0) in font [lmroman10-regular]:+tlig;!
Missing character: There is no 한 (U+D55C) in font [lmroman10-regular]:+tlig;!
Missing character: There is no 다 (U+B2E4) in font [lmroman10-regular]:+tlig;!
Missing character: There is no 예 (U+C608) in font [lmroman10-regular]:+tlig;!
Missing character: There is no 문 (U+BB38) in font [lmroman10-regular]:+tlig;!
Missing character: There is no 제 (U+C81C) in font [lmroman10-regular]:+tlig;!
Missing character: There is no 를 (U+B97C) in font [lmroman10-regular]:+tlig;!
Missing character: There is no 더 (U+B354) in font [lmroman10-regular]:+tlig;!
Missing character: There is no 작 (U+C791) in font [lmroman10-regular]:+tlig;!
Missing character: There is no 은 (U+C740) in font [lmroman10-regular]:+tlig;!
Missing character: There is no 여 (U+C5EC) in font [lmroman10-regular]:+tlig;!
Missing character: There is no 러 (U+B7EC) in font [lmroman10-regular]:+tlig;!
Missing character: There is no 부 (U+BD80) in font [lmroman10-regular]:+tlig;!
Missing character: There is no 분 (U+BD84) in font [lmroman10-regular]:+tlig;!
Missing character: There is no 문 (U+BB38) in font [lmroman10-regular]:+tlig;!
Missing character: There is no 제 (U+C81C) in font [lmroman10-regular]:+tlig;!
Missing character: There is no 로 (U+B85C) in font [lmroman10-regular]:+tlig;!
Missing character: There is no 나 (U+B098) in font [lmroman10-regular]:+tlig;!
Missing character: There is no 눈 (U+B208) in font [lmroman10-regular]:+tlig;!
Missing character: There is no 다 (U+B2E4) in font [lmroman10-regular]:+tlig;!
Missing character: There is no 각 (U+AC01) in font [lmroman10-regular]:+tlig;!
Missing character: There is no 각 (U+AC01) in font [lmroman10-regular]:+tlig;!
Missing character: There is no 을 (U+C744) in font [lmroman10-regular]:+tlig;!
Missing character: There is no 독 (U+B3C5) in font [lmroman10-regular]:+tlig;!
Missing character: There is no 립 (U+B9BD) in font [lmroman10-regular]:+tlig;!
Missing character: There is no 적 (U+C801) in font [lmroman10-regular]:+tlig;!
Missing character: There is no 으 (U+C73C) in font [lmroman10-regular]:+tlig;!
Missing character: There is no 로 (U+B85C) in font [lmroman10-regular]:+tlig;!
Missing character: There is no 해 (U+D574) in font [lmroman10-regular]:+tlig;!
Missing character: There is no 결 (U+ACB0) in font [lmroman10-regular]:+tlig;!
Missing character: There is no 한 (U+D55C) in font [lmroman10-regular]:+tlig;!
Missing character: There is no 다 (U+B2E4) in font [lmroman10-regular]:+tlig;!
Missing character: There is no 마 (U+B9C8) in font [lmroman10-regular]:+tlig;!
Missing character: There is no 지 (U+C9C0) in font [lmroman10-regular]:+tlig;!
Missing character: There is no 막 (U+B9C9) in font [lmroman10-regular]:+tlig;!
Missing character: There is no 에 (U+C5D0) in font [lmroman10-regular]:+tlig;!
Missing character: There is no 그 (U+ADF8) in font [lmroman10-regular]:+tlig;!
Missing character: There is no 해 (U+D574) in font [lmroman10-regular]:+tlig;!
Missing character: There is no 들 (U+B4E4) in font [lmroman10-regular]:+tlig;!
Missing character: There is no 을 (U+C744) in font [lmroman10-regular]:+tlig;!
Missing character: There is no 합 (U+D569) in font [lmroman10-regular]:+tlig;!
Missing character: There is no 친 (U+CE5C) in font [lmroman10-regular]:+tlig;!
Missing character: There is no 다 (U+B2E4) in font [lmroman10-regular]:+tlig;!
Missing character: There is no 예 (U+C608) in font [lmroman10-regular]:+tlig;!
Missing character: There is no 즉 (U+C989) in font [lmroman10-regular]:+tlig;!
Missing character: There is no 는 (U+B294) in font [lmroman10-regular]:+tlig;!
Missing character: There is no 문 (U+BB38) in font [lmroman10-regular]:+tlig;!
Missing character: There is no 제 (U+C81C) in font [lmroman10-regular]:+tlig;!
Missing character: There is no 를 (U+B97C) in font [lmroman10-regular]:+tlig;!
Missing character: There is no 분 (U+BD84) in font [lmroman10-regular]:+tlig;!
Missing character: There is no 할 (U+D560) in font [lmroman10-regular]:+tlig;!
Missing character: There is no 해 (U+D574) in font [lmroman10-regular]:+tlig;!
Missing character: There is no 서 (U+C11C) in font [lmroman10-regular]:+tlig;!
Missing character: There is no 푸 (U+D478) in font [lmroman10-regular]:+tlig;!
Missing character: There is no 는 (U+B294) in font [lmroman10-regular]:+tlig;!
Missing character: There is no 것 (U+AC83) in font [lmroman10-regular]:+tlig;!
Missing character: There is no 이 (U+C774) in font [lmroman10-regular]:+tlig;!
Missing character: There is no 아 (U+C544) in font [lmroman10-regular]:+tlig;!
Missing character: There is no 니 (U+B2C8) in font [lmroman10-regular]:+tlig;!
Missing character: There is no 라 (U+B77C) in font [lmroman10-regular]:+tlig;!
Missing character: There is no 부 (U+BD80) in font [lmroman10-bold]:+tlig;!
Missing character: There is no 분 (U+BD84) in font [lmroman10-bold]:+tlig;!
Missing character: There is no 정 (U+C815) in font [lmroman10-bold]:+tlig;!
Missing character: There is no 답 (U+B2F5) in font [lmroman10-bold]:+tlig;!
Missing character: There is no 을 (U+C744) in font [lmroman10-bold]:+tlig;!
Missing character: There is no 유 (U+C720) in font [lmroman10-bold]:+tlig;!
Missing character: There is no 지 (U+C9C0) in font [lmroman10-bold]:+tlig;!
Missing character: There is no 하 (U+D558) in font [lmroman10-bold]:+tlig;!
Missing character: There is no 면 (U+BA74) in font [lmroman10-bold]:+tlig;!
Missing character: There is no 서 (U+C11C) in font [lmroman10-bold]:+tlig;!
Missing character: There is no 점 (U+C810) in font [lmroman10-bold]:+tlig;!
Missing character: There is no 차 (U+CC28) in font [lmroman10-bold]:+tlig;!
Missing character: There is no 크 (U+D06C) in font [lmroman10-bold]:+tlig;!
Missing character: There is no 게 (U+AC8C) in font [lmroman10-bold]:+tlig;!
Missing character: There is no 만 (U+B9CC) in font [lmroman10-bold]:+tlig;!
Missing character: There is no 들 (U+B4E4) in font [lmroman10-bold]:+tlig;!
Missing character: There is no 어 (U+C5B4) in font [lmroman10-bold]:+tlig;!
Missing character: There is no 가 (U+AC00) in font [lmroman10-bold]:+tlig;!
Missing character: There is no 는 (U+B294) in font [lmroman10-bold]:+tlig;!
Missing character: There is no 방 (U+BC29) in font [lmroman10-bold]:+tlig;!
Missing character: There is no 식 (U+C2DD) in font [lmroman10-bold]:+tlig;!
Missing character: There is no 이 (U+C774) in font [lmroman10-regular]:+tlig;!
Missing character: There is no 다 (U+B2E4) in font [lmroman10-regular]:+tlig;!
Missing character: There is no 이 (U+C774) in font [lmroman10-regular]:+tlig;!
Missing character: There is no 차 (U+CC28) in font [lmroman10-regular]:+tlig;!
Missing character: There is no 이 (U+C774) in font [lmroman10-regular]:+tlig;!
Missing character: There is no 를 (U+B97C) in font [lmroman10-regular]:+tlig;!
Missing character: There is no 이 (U+C774) in font [lmroman10-regular]:+tlig;!
Missing character: There is no 해 (U+D574) in font [lmroman10-regular]:+tlig;!
Missing character: There is no 하 (U+D558) in font [lmroman10-regular]:+tlig;!
Missing character: There is no 면 (U+BA74) in font [lmroman10-regular]:+tlig;!
Missing character: There is no 왜 (U+C65C) in font [lmroman10-regular]:+tlig;!
Missing character: There is no 를 (U+B97C) in font [lmroman10-regular]:+tlig;!
Missing character: There is no 이 (U+C774) in font [lmroman10-regular]:+tlig;!
Missing character: There is no 라 (U+B77C) in font [lmroman10-regular]:+tlig;!
Missing character: There is no 고 (U+ACE0) in font [lmroman10-regular]:+tlig;!
Missing character: There is no 부 (U+BD80) in font [lmroman10-regular]:+tlig;!
Missing character: There is no 르 (U+B974) in font [lmroman10-regular]:+tlig;!
Missing character: There is no 는 (U+B294) in font [lmroman10-regular]:+tlig;!
Missing character: There is no 지 (U+C9C0) in font [lmroman10-regular]:+tlig;!
Missing character: There is no 더 (U+B354) in font [lmroman10-regular]:+tlig;!
Missing character: There is no 선 (U+C120) in font [lmroman10-regular]:+tlig;!
Missing character: There is no 명 (U+BA85) in font [lmroman10-regular]:+tlig;!
Missing character: There is no 하 (U+D558) in font [lmroman10-regular]:+tlig;!
Missing character: There is no 게 (U+AC8C) in font [lmroman10-regular]:+tlig;!
Missing character: There is no 보 (U+BCF4) in font [lmroman10-regular]:+tlig;!
Missing character: There is no 인 (U+C778) in font [lmroman10-regular]:+tlig;!
Missing character: There is no 다 (U+B2E4) in font [lmroman10-regular]:+tlig;!
]
! Undefined control sequence.
l.484 ...시간 복잡도가 달라진다.\이러한
                                                   특성 때문에

Here is how much of LuaTeX's memory you used:
 39678 strings out of 476076
 125086,1648299 words of node,token memory allocated
 13265 words of node memory still in use:
   105 hlist, 12 vlist, 13 rule, 7 disc, 6 local_par, 1 dir, 38 math, 199 glue, 33 kern, 17 penalty, 2 margin_kern, 364 glyph, 2942 attribute, 62 glue_spec, 625 attribute_list, 1 temp, 4 write, 1 user_defined, 2 pdf_dest nodes
   avail lists: 1:1,2:11632,3:618,4:36,5:147,6:56,7:4728,8:26,9:299,10:31,11:106
 61310 multiletter control sequences out of 65536+600000
 69 fonts using 19945759 bytes
 98i,9n,114p,3094b,1088s stack positions out of 10000i,1000n,20000p,200000b,200000s
!  ==> Fatal error occurred, no output PDF file produced!
